age,heart_rate,spo2,systolic_bp,respiratory_rate,temperature,gcs,bleeding,breathing_difficulty,chest_pain,injury_severity,incident_type,severity_class
51,88,93,124,16,36.17128701841218,15,True,False,False,5,NEUROLOGICAL,HIGH
92,66,95,124,9,36.39082258601356,15,False,True,True,5,TRAUMA,HIGH
14,84,93,162,24,37.35381018477296,15,False,False,False,3,MEDICAL,LOW
71,77,91,101,26,37.651409862102796,14,False,True,True,5,NEUROLOGICAL,HIGH
60,72,95,130,12,36.69389507336156,13,False,False,False,2,MEDICAL,LOW
20,62,90,106,22,37.96783039350554,8,False,False,False,1,TRAUMA,HIGH
82,86,96,71,10,36.02728640906289,12,False,False,False,4,ACCIDENT,CRITICAL
86,69,93,70,19,35.48010139499968,15,False,False,True,5,ACCIDENT,CRITICAL
74,75,98,94,20,35.66367481348419,15,True,False,True,5,ACCIDENT,HIGH
74,106,99,103,15,35.924593207886154,15,False,False,False,2,CARDIAC,LOW
87,97,99,174,18,35.68710676588372,15,False,False,False,4,MEDICAL,HIGH
99,65,96,137,23,39.02115391789624,15,True,False,False,2,TRAUMA,LOW
23,92,97,139,17,35.44977921240358,15,False,False,False,4,MEDICAL,HIGH
2,87,93,104,13,37.93742890339691,15,False,False,True,1,ACCIDENT,MODERATE
21,119,98,121,10,36.974871150892724,13,False,False,False,5,MEDICAL,MODERATE
52,112,98,177,15,37.22460046691791,13,False,True,False,1,NEUROLOGICAL,MODERATE
1,54,87,89,10,36.09427028728953,15,True,False,False,4,MEDICAL,CRITICAL
87,102,96,131,15,37.32545272489468,15,True,False,False,5,CARDIAC,MODERATE
29,110,100,160,15,36.0860814449293,15,False,False,False,2,CARDIAC,LOW
37,96,93,144,22,37.92276618202845,14,False,False,True,3,ACCIDENT,LOW
1,78,92,165,18,38.00551347785424,15,False,True,True,2,TRAUMA,MODERATE
63,133,92,125,33,36.865138063134076,13,False,True,False,3,NEUROLOGICAL,HIGH
59,98,87,135,5,36.93063589464572,15,False,False,False,2,TRAUMA,MODERATE
20,124,95,122,19,37.43272389942683,15,True,True,True,4,TRAUMA,HIGH
32,112,95,133,15,37.381609428057786,15,False,True,False,1,NEUROLOGICAL,LOW
75,94,95,97,12,38.02414637313362,15,False,True,True,3,CARDIAC,HIGH
57,73,97,139,17,37.9958459252103,15,False,True,False,4,ACCIDENT,MODERATE
21,84,91,127,17,36.97115906932088,12,True,False,True,1,MEDICAL,HIGH
88,80,96,121,24,36.522775515045055,15,False,False,False,1,CARDIAC,LOW
48,60,97,163,18,37.811619787861474,15,True,False,False,5,ACCIDENT,HIGH
90,98,92,113,13,36.843714251112566,6,False,False,True,5,CARDIAC,CRITICAL
58,116,97,150,20,37.113743942286526,15,False,True,True,5,NEUROLOGICAL,HIGH
41,79,95,152,16,37.53031622385109,15,True,True,False,3,TRAUMA,MODERATE
91,128,91,141,11,37.97555697207536,15,False,False,False,3,NEUROLOGICAL,LOW
59,53,96,95,16,37.26084814190828,13,False,False,True,1,MEDICAL,LOW
79,106,93,128,19,36.41280205412611,14,False,True,False,3,NEUROLOGICAL,LOW
14,118,98,168,18,38.79701034386445,15,False,False,False,1,TRAUMA,LOW
61,80,93,74,19,38.530341811543416,3,False,False,False,4,CARDIAC,CRITICAL
61,81,88,115,14,35.981996642747504,13,False,False,False,2,ACCIDENT,MODERATE
46,105,96,149,19,36.088228423075634,15,True,True,False,1,MEDICAL,MODERATE
61,95,96,117,18,36.21398651814093,13,False,False,False,1,CARDIAC,LOW
50,45,89,140,18,37.84855089171481,15,True,True,False,4,ACCIDENT,CRITICAL
54,68,98,155,18,38.8351431917235,14,False,False,True,5,TRAUMA,MODERATE
63,84,98,125,31,36.49372673282878,15,False,False,False,5,NEUROLOGICAL,LOW
2,57,90,132,24,37.16926835791557,14,True,False,True,5,CARDIAC,HIGH
50,75,91,122,19,36.247394139734084,15,True,True,False,1,ACCIDENT,MODERATE
6,58,94,127,13,38.70019276488296,8,False,True,False,1,ACCIDENT,HIGH
20,77,91,172,16,37.82482834187648,15,False,False,False,3,NEUROLOGICAL,LOW
72,78,98,118,27,36.17536443609614,14,False,False,False,3,CARDIAC,LOW
38,92,95,111,14,34.89765888904765,15,False,False,True,2,CARDIAC,LOW
17,83,89,146,17,38.03758705776157,6,False,False,False,2,TRAUMA,CRITICAL
3,95,90,98,16,36.427515193785574,12,False,True,False,3,CARDIAC,HIGH
88,92,100,104,20,37.842732169210926,15,False,False,False,1,NEUROLOGICAL,LOW
59,105,100,104,15,37.29369033685042,6,False,True,False,4,CARDIAC,CRITICAL
13,102,97,113,19,35.165703967275945,15,True,True,False,3,TRAUMA,MODERATE
8,100,93,114,15,36.19322326819297,14,False,False,False,1,ACCIDENT,LOW
89,147,92,137,25,36.64585531271392,13,False,False,True,3,CARDIAC,HIGH
52,91,97,111,13,36.32421001074867,15,True,False,False,5,NEUROLOGICAL,MODERATE
1,136,95,138,23,37.11616828488538,3,True,False,False,3,CARDIAC,CRITICAL
83,93,86,141,14,37.40138144615132,15,False,False,False,5,MEDICAL,HIGH
91,83,100,103,12,38.78935993750708,15,False,True,False,1,TRAUMA,LOW
59,77,100,141,13,37.47221347687647,8,True,False,True,5,ACCIDENT,CRITICAL
70,115,98,143,7,38.491101065719874,13,True,False,False,3,MEDICAL,MODERATE
43,117,89,75,20,36.523183214458705,15,True,False,False,5,NEUROLOGICAL,CRITICAL
7,96,91,127,11,38.165213413513676,15,False,False,True,4,CARDIAC,MODERATE
46,107,85,107,15,36.61880190951007,13,False,False,False,5,TRAUMA,HIGH
34,59,100,152,22,36.08298319852438,15,False,False,False,5,CARDIAC,LOW
77,54,93,107,22,36.04072324178876,6,True,False,False,2,CARDIAC,CRITICAL
80,109,100,86,9,34.35804474145653,13,False,False,False,4,CARDIAC,MODERATE
35,82,100,119,19,37.85408262294016,15,True,True,False,1,CARDIAC,HIGH
49,99,90,97,24,35.70980496365999,15,False,False,False,5,TRAUMA,MODERATE
3,70,91,141,14,38.40814523461372,15,False,True,True,4,MEDICAL,HIGH
1,118,97,99,21,36.825779497679456,15,False,True,False,1,NEUROLOGICAL,LOW
5,54,86,119,11,35.44513525186524,12,False,True,True,4,MEDICAL,CRITICAL
53,57,92,158,20,35.88226983695952,3,True,True,True,2,TRAUMA,CRITICAL
3,113,92,147,18,37.19063494231433,15,False,False,False,1,NEUROLOGICAL,LOW
53,32,100,131,21,35.120042527456114,15,False,False,False,1,ACCIDENT,LOW
92,92,95,116,21,37.589945006954366,15,False,True,False,5,MEDICAL,HIGH
62,82,93,129,9,35.48366771194055,14,False,True,False,3,TRAUMA,MODERATE
17,70,91,137,18,36.26102366813548,14,False,False,True,1,TRAUMA,LOW
89,81,99,95,26,37.198720335374894,14,False,True,False,1,TRAUMA,MODERATE
43,68,92,141,4,37.467610690173196,15,False,False,False,2,NEUROLOGICAL,LOW
33,115,94,92,23,37.797719796260935,8,False,True,False,2,CARDIAC,HIGH
73,121,91,134,27,35.693453986486915,15,False,True,False,2,ACCIDENT,LOW
61,71,87,92,9,36.69154720698783,13,True,False,False,5,NEUROLOGICAL,CRITICAL
99,90,90,169,13,38.092999501984124,12,False,False,True,1,NEUROLOGICAL,MODERATE
13,58,92,139,21,36.69178803398387,14,False,False,False,2,MEDICAL,LOW
94,106,93,81,12,37.294274451204465,15,False,True,False,2,ACCIDENT,HIGH
47,105,93,119,26,37.16243925844407,14,False,False,False,4,TRAUMA,MODERATE
14,79,94,106,24,38.30123715129116,15,True,False,True,4,NEUROLOGICAL,HIGH
71,85,92,104,9,36.53409080582438,12,False,True,False,2,ACCIDENT,HIGH
77,83,100,123,13,35.610051071296965,15,False,True,True,5,MEDICAL,HIGH
86,52,99,96,22,36.032128109864104,15,False,True,False,3,CARDIAC,MODERATE
61,115,94,139,22,37.188843979983524,15,False,False,False,4,ACCIDENT,LOW
39,69,96,137,31,35.430459253669945,10,False,True,False,4,TRAUMA,HIGH
84,69,93,128,12,36.45558601493253,15,False,False,False,1,NEUROLOGICAL,LOW
79,81,80,119,26,37.0754163929742,14,False,True,False,1,CARDIAC,HIGH
81,104,95,136,12,36.23340789535659,14,False,True,False,2,MEDICAL,MODERATE
52,73,96,139,21,37.326853247753334,10,False,True,False,1,TRAUMA,HIGH
23,45,86,131,23,37.72441176234828,15,False,False,False,1,CARDIAC,MODERATE
25,67,97,87,0,37.454908599952674,14,False,True,False,3,MEDICAL,HIGH
88,93,93,100,23,35.45249503994777,15,False,False,False,5,TRAUMA,LOW
59,128,96,113,26,37.07918218756963,15,True,False,False,2,NEUROLOGICAL,LOW
40,59,93,83,24,37.15744230683875,15,False,False,True,3,MEDICAL,HIGH
28,59,100,125,30,36.61906988178751,15,False,False,False,2,CARDIAC,LOW
14,54,96,155,23,37.313311012856374,15,False,False,True,5,TRAUMA,MODERATE
44,52,100,151,14,37.277424575745606,15,True,False,True,2,ACCIDENT,MODERATE
64,109,100,138,25,36.90912476313704,15,False,False,True,1,TRAUMA,MODERATE
88,114,89,138,14,35.99572832198668,15,False,True,False,5,CARDIAC,HIGH
70,88,91,175,18,36.973379047699865,15,False,True,False,3,CARDIAC,MODERATE
8,75,97,141,22,38.86693092767441,15,False,False,True,3,ACCIDENT,MODERATE
87,120,93,143,20,36.60769297098431,6,False,False,False,4,CARDIAC,CRITICAL
0,88,93,84,26,38.047305458176005,15,False,False,False,3,TRAUMA,MODERATE
7,106,100,153,32,37.03885702056762,15,False,True,False,4,MEDICAL,HIGH
87,74,93,129,11,36.199271024663645,15,False,False,False,1,TRAUMA,LOW
62,85,90,118,16,36.70340330178062,15,False,False,True,3,CARDIAC,MODERATE
10,60,90,111,19,36.9831296262919,15,False,False,False,5,ACCIDENT,MODERATE
80,97,100,106,15,37.65521146627891,15,True,False,False,4,ACCIDENT,MODERATE
7,88,94,151,17,39.38004544881933,3,True,False,False,3,NEUROLOGICAL,CRITICAL
34,67,88,119,22,37.05466460601427,13,False,True,False,1,ACCIDENT,HIGH
34,67,86,107,21,35.769140768708446,12,False,False,False,5,ACCIDENT,HIGH
32,117,91,100,19,35.34542259872182,3,False,False,False,5,CARDIAC,CRITICAL
4,124,94,124,18,36.57821543067173,6,False,False,False,1,MEDICAL,CRITICAL
40,80,99,111,16,35.871912100016715,13,False,False,False,3,MEDICAL,MODERATE
27,86,99,105,26,37.55790629753926,14,False,False,True,2,CARDIAC,MODERATE
6,93,94,85,27,37.56525572350642,15,False,True,False,3,ACCIDENT,HIGH
72,87,92,143,24,36.85402456769231,15,False,True,False,4,TRAUMA,MODERATE
71,51,96,116,11,37.6573864378996,15,False,False,False,4,MEDICAL,LOW
11,93,86,92,16,37.064759347769204,15,False,False,False,3,CARDIAC,MODERATE
33,43,100,113,19,38.86757379536836,3,False,True,True,4,TRAUMA,CRITICAL
32,70,98,133,12,37.626124946355034,15,True,False,True,2,ACCIDENT,HIGH
47,95,99,120,18,37.89561707614827,14,False,False,False,2,CARDIAC,LOW
22,96,89,124,18,35.55187258917976,15,True,True,False,5,MEDICAL,HIGH
61,68,100,121,24,35.828764552770764,15,False,True,False,4,TRAUMA,MODERATE
87,75,92,88,15,37.478838426104474,15,False,True,False,3,TRAUMA,CRITICAL
36,73,90,143,24,35.45077649179367,15,True,False,False,5,MEDICAL,MODERATE
98,82,94,77,12,36.3755241571249,15,False,False,True,2,TRAUMA,MODERATE
43,84,94,131,13,38.17941261308839,15,False,False,False,5,MEDICAL,MODERATE
85,98,89,135,15,36.35414420029454,15,False,False,True,1,CARDIAC,MODERATE
90,74,90,114,18,35.79026729371289,15,True,False,True,4,NEUROLOGICAL,MODERATE
34,92,90,128,3,37.66754331130581,14,False,False,False,3,ACCIDENT,LOW
64,95,90,113,20,39.07353224604085,15,False,False,False,2,CARDIAC,LOW
98,88,93,129,28,36.19135484313746,15,False,False,False,5,ACCIDENT,MODERATE
46,79,88,144,21,38.22402579814284,15,True,True,False,3,ACCIDENT,HIGH
77,88,91,100,16,36.066825033435464,15,False,False,False,4,MEDICAL,LOW
2,100,100,136,11,36.887532218892986,15,False,False,True,3,NEUROLOGICAL,MODERATE
0,101,99,162,7,36.93086706029885,15,False,True,False,4,ACCIDENT,MODERATE
4,121,89,126,8,36.21801825991803,15,False,False,False,4,ACCIDENT,HIGH
89,65,99,107,17,37.87539531154814,8,False,False,False,4,CARDIAC,CRITICAL
13,76,85,176,30,35.4602790894759,15,False,False,False,5,NEUROLOGICAL,HIGH
26,52,100,122,1,37.19504761015908,15,False,False,False,4,NEUROLOGICAL,MODERATE
8,103,100,125,22,38.07416457819293,15,True,True,True,3,ACCIDENT,CRITICAL
78,78,92,126,13,37.7921634692442,15,True,False,False,1,NEUROLOGICAL,LOW
14,89,96,131,15,37.491215060785656,15,False,False,False,3,CARDIAC,LOW
89,72,87,111,12,38.58529939320134,10,True,False,True,5,MEDICAL,CRITICAL
41,78,95,124,9,36.78038263291931,10,False,False,False,4,ACCIDENT,HIGH
76,109,94,143,18,35.47527385138328,15,True,False,False,1,TRAUMA,LOW
50,98,90,110,19,37.135206885571954,6,False,True,False,5,ACCIDENT,CRITICAL
62,82,92,109,22,36.87423768944531,15,False,False,False,2,ACCIDENT,LOW
95,100,92,112,7,34.88417942896014,14,False,False,False,2,MEDICAL,LOW
51,100,89,92,23,35.87489873949161,14,False,False,False,2,TRAUMA,LOW
95,77,90,102,23,35.747373963683046,14,False,False,False,1,TRAUMA,LOW
3,55,87,101,20,36.18546707448715,15,False,False,False,3,TRAUMA,LOW
93,67,99,119,15,36.648825735901305,15,False,False,False,1,MEDICAL,LOW
22,58,90,140,19,36.68712603879561,15,False,True,False,1,NEUROLOGICAL,LOW
14,108,88,156,17,36.22119527139661,15,True,False,False,1,TRAUMA,HIGH
42,111,99,121,23,35.74606145876633,15,False,False,False,2,NEUROLOGICAL,LOW
28,116,96,131,15,37.377451708759075,15,True,True,False,3,CARDIAC,HIGH
35,44,99,126,18,37.11657186122268,15,True,True,False,1,MEDICAL,MODERATE
12,106,99,67,7,37.14667149865704,14,False,False,False,3,NEUROLOGICAL,HIGH
31,129,100,91,19,38.77901121933423,15,False,False,False,4,TRAUMA,HIGH
70,107,94,139,13,37.16287405353979,10,False,True,True,1,TRAUMA,HIGH
58,41,87,141,21,36.6333422277195,15,False,True,False,1,NEUROLOGICAL,HIGH
85,120,96,140,22,36.894194007578825,8,False,True,True,1,NEUROLOGICAL,HIGH
27,85,91,115,14,37.09881922117958,15,False,True,False,4,CARDIAC,HIGH
65,80,90,70,18,37.61579334821136,15,False,False,True,4,MEDICAL,HIGH
41,94,95,94,19,36.95527957315736,8,False,False,False,2,ACCIDENT,HIGH
44,64,99,98,20,35.05707909948421,15,False,False,False,5,CARDIAC,MODERATE
61,85,90,135,22,36.563251876750776,15,False,False,False,3,CARDIAC,LOW
56,117,100,111,21,37.00149317536345,15,False,False,False,5,CARDIAC,MODERATE
5,97,90,162,15,38.304201565651645,15,False,False,True,1,TRAUMA,MODERATE
27,86,93,156,27,36.21410435405361,15,False,False,False,1,NEUROLOGICAL,LOW
27,86,96,161,22,35.364739139379374,15,False,False,False,2,MEDICAL,LOW
43,61,93,97,26,37.06437720656073,8,True,False,False,5,TRAUMA,CRITICAL
83,82,86,132,20,37.866236921508715,14,False,False,True,1,CARDIAC,HIGH
29,52,99,108,20,36.6065770585976,15,False,False,False,5,MEDICAL,MODERATE
61,105,91,128,17,39.38304948703745,10,False,True,False,2,TRAUMA,MODERATE
74,41,98,99,15,39.14749806598964,15,False,True,True,5,ACCIDENT,HIGH
91,102,88,150,23,36.927527285451085,15,False,False,False,3,CARDIAC,HIGH
88,104,89,100,19,37.18671315683322,15,False,False,False,2,TRAUMA,HIGH
61,111,99,71,17,38.368731474208644,14,False,False,False,5,TRAUMA,HIGH
96,86,96,170,11,36.91016527286987,15,False,False,False,1,CARDIAC,LOW
0,103,92,131,27,36.19591148274648,14,True,True,False,4,ACCIDENT,HIGH
26,81,96,93,18,37.888931906235264,15,True,False,False,4,NEUROLOGICAL,MODERATE
61,61,90,115,10,37.464412842435294,3,False,False,False,2,ACCIDENT,CRITICAL
76,115,95,105,18,36.19265518798419,13,False,True,False,4,CARDIAC,MODERATE
2,83,95,120,16,37.27916417024976,15,False,False,False,3,NEUROLOGICAL,LOW
69,56,93,140,16,36.839939481391724,13,True,False,False,2,TRAUMA,MODERATE
71,75,90,136,21,36.614904308657636,15,False,False,True,1,ACCIDENT,MODERATE
26,76,95,126,16,36.21416037166616,15,False,False,False,1,ACCIDENT,LOW
8,94,94,120,16,37.12140311162255,15,False,False,False,2,NEUROLOGICAL,LOW
61,131,92,146,26,36.734142633110515,15,False,False,False,4,TRAUMA,MODERATE
36,95,89,71,7,37.28470657675873,10,False,False,False,4,ACCIDENT,CRITICAL
96,89,95,101,17,37.81983762206497,15,False,False,False,1,NEUROLOGICAL,LOW
50,134,92,95,23,37.231566369430894,15,False,False,True,3,ACCIDENT,MODERATE
43,104,89,145,21,37.248684599376325,15,False,False,False,4,TRAUMA,MODERATE
23,90,95,101,24,36.45882293183252,15,False,False,True,3,TRAUMA,MODERATE
78,75,100,87,30,38.17435601451487,15,False,False,False,4,MEDICAL,HIGH
58,91,93,133,28,36.15147067902123,13,False,False,True,2,NEUROLOGICAL,LOW
31,83,100,97,11,35.388007998191874,3,True,False,False,5,CARDIAC,CRITICAL
95,86,100,111,8,35.929016519395915,15,False,False,False,1,ACCIDENT,LOW
87,111,90,179,19,38.03426391143287,15,False,False,True,2,TRAUMA,LOW
51,74,95,139,9,37.458897820198274,15,False,True,False,4,ACCIDENT,HIGH
61,95,100,114,6,38.31194262293206,10,True,False,False,1,ACCIDENT,MODERATE
57,103,94,116,19,35.67694847483337,15,False,False,False,5,CARDIAC,MODERATE
51,71,95,142,21,39.32021822026748,15,True,False,False,5,TRAUMA,HIGH
11,68,86,136,28,36.716315814759646,13,False,False,False,4,MEDICAL,MODERATE
38,81,92,121,22,35.23965653155861,15,False,False,False,1,NEUROLOGICAL,LOW
1,75,97,122,29,39.19578316697565,15,False,False,False,4,ACCIDENT,LOW
2,108,100,83,20,35.689897738460665,14,False,False,False,5,CARDIAC,HIGH
55,64,94,77,11,36.602104286482785,15,False,True,False,2,CARDIAC,HIGH
80,86,86,115,22,36.794247759560335,15,False,True,False,2,NEUROLOGICAL,HIGH
58,135,87,104,26,37.444083142500325,15,False,False,False,3,NEUROLOGICAL,HIGH
1,93,94,134,20,36.20869652406664,15,True,True,True,5,TRAUMA,HIGH
1,96,100,124,26,38.039313228775775,15,False,False,False,5,ACCIDENT,MODERATE
91,108,98,100,17,37.75363616951074,6,False,False,False,4,ACCIDENT,CRITICAL
53,75,97,124,21,37.01906681978046,15,False,False,True,3,NEUROLOGICAL,MODERATE
86,63,100,109,16,38.3243294344615,13,False,False,False,3,MEDICAL,MODERATE
95,88,91,171,32,36.93214327916193,15,False,False,True,1,ACCIDENT,LOW
96,90,95,129,23,36.724354146491294,15,False,False,False,4,CARDIAC,MODERATE
0,52,92,80,11,38.99810276665883,15,False,False,False,2,NEUROLOGICAL,MODERATE
18,92,93,165,29,37.29573604228989,15,False,True,False,1,ACCIDENT,MODERATE
1,106,89,104,13,36.01434861720733,15,False,False,False,3,TRAUMA,HIGH
52,66,93,95,18,36.149730719803195,15,True,False,False,2,NEUROLOGICAL,LOW
43,93,94,173,20,37.01895814065275,15,False,True,True,5,CARDIAC,HIGH
89,102,93,128,21,34.60200172413764,15,False,False,False,4,TRAUMA,LOW
31,96,94,137,20,36.36701053478491,3,False,False,False,3,NEUROLOGICAL,CRITICAL
69,98,97,138,11,36.899606011533116,15,False,False,False,5,NEUROLOGICAL,LOW
31,80,100,114,20,36.832802479682286,15,False,True,False,3,ACCIDENT,MODERATE
67,62,100,105,24,35.74255675225669,15,False,False,False,2,TRAUMA,LOW
54,76,98,109,24,36.55148420856013,15,False,False,False,1,NEUROLOGICAL,LOW
74,73,88,160,10,38.179803897165385,12,True,False,False,2,CARDIAC,CRITICAL
55,83,93,125,14,37.973148830342886,15,False,False,False,4,TRAUMA,LOW
16,106,93,152,11,37.09561639472902,15,False,False,True,4,ACCIDENT,MODERATE
37,58,91,118,20,36.93109002360901,15,False,True,False,3,MEDICAL,MODERATE
23,87,96,101,8,36.8383732515381,12,False,False,False,2,NEUROLOGICAL,LOW
68,63,87,83,11,37.236310062594924,15,True,True,False,1,MEDICAL,HIGH
97,70,100,136,14,37.10256884467451,15,False,True,False,4,NEUROLOGICAL,HIGH
69,96,100,162,7,37.32414097087103,15,False,True,False,1,ACCIDENT,LOW
85,61,97,97,17,37.50179417493886,15,True,False,False,5,ACCIDENT,HIGH
10,99,94,132,5,35.7888925108128,15,False,False,False,3,ACCIDENT,MODERATE
15,57,100,85,20,36.6897313083853,8,False,True,False,1,ACCIDENT,CRITICAL
96,98,98,106,15,37.1979124098962,13,False,False,False,3,TRAUMA,LOW
72,54,100,126,14,36.03416492327646,15,False,True,False,5,TRAUMA,HIGH
58,72,94,76,15,36.32617864564062,15,False,False,False,1,NEUROLOGICAL,MODERATE
69,122,100,119,17,36.78210329238143,15,True,False,False,1,TRAUMA,MODERATE
79,119,100,99,21,36.83116534176345,15,True,False,True,5,NEUROLOGICAL,HIGH
92,76,97,135,25,37.216602786891315,15,False,False,False,2,TRAUMA,LOW
2,92,100,115,24,36.151969237042046,15,False,False,False,1,TRAUMA,LOW
19,109,92,143,31,37.968020454894734,3,True,False,True,1,TRAUMA,CRITICAL
58,98,89,113,22,36.822924109491176,15,False,True,False,4,CARDIAC,HIGH
35,79,96,85,18,37.1451977016054,6,False,True,False,2,ACCIDENT,CRITICAL
18,70,94,82,15,36.63016755831878,15,True,False,False,1,CARDIAC,HIGH
89,102,94,72,15,37.23565075019251,15,True,False,False,5,TRAUMA,HIGH
66,107,100,135,21,38.67122115944063,15,False,False,False,3,TRAUMA,MODERATE
18,119,95,183,12,36.620881157387075,12,False,True,False,5,CARDIAC,CRITICAL
19,51,96,130,19,36.455503645580315,15,True,False,True,2,NEUROLOGICAL,HIGH
95,59,93,161,17,36.16984444502232,10,False,True,False,4,ACCIDENT,HIGH
70,108,99,148,13,36.940378150316874,10,True,True,False,4,NEUROLOGICAL,HIGH
51,53,98,107,11,36.92879631973028,14,False,False,False,4,ACCIDENT,MODERATE
32,109,99,151,33,37.051443014598185,14,False,False,False,5,MEDICAL,LOW
39,80,92,108,9,37.46825587973632,13,False,False,False,3,ACCIDENT,LOW
38,74,100,108,17,37.34216810704741,14,False,False,False,3,NEUROLOGICAL,LOW
81,89,100,114,25,36.977478518467294,15,False,False,False,1,ACCIDENT,LOW
0,58,99,115,21,38.95380156803891,14,True,True,False,3,MEDICAL,HIGH
10,101,90,136,15,37.690680284092075,8,True,False,False,3,MEDICAL,CRITICAL
91,118,90,103,10,35.91074005715934,15,False,False,False,1,TRAUMA,LOW
56,102,93,142,18,35.45479801423774,6,False,False,False,5,MEDICAL,CRITICAL
88,80,92,141,2,36.304350874465584,15,False,False,False,5,CARDIAC,MODERATE
49,54,94,128,19,37.15265838005013,15,False,False,False,2,NEUROLOGICAL,LOW
22,55,98,168,18,36.22050034403222,15,False,False,False,5,CARDIAC,MODERATE
30,58,96,152,24,36.372372755193446,15,False,True,False,4,CARDIAC,MODERATE
93,84,96,146,11,37.026067038576485,10,False,True,False,4,NEUROLOGICAL,HIGH
41,87,93,121,16,36.65802734111372,6,False,False,False,2,CARDIAC,CRITICAL
98,102,94,128,20,34.95229925753154,12,False,False,False,3,CARDIAC,MODERATE
6,49,98,133,19,38.07717652849239,3,False,False,True,2,CARDIAC,CRITICAL
15,111,84,120,9,37.84495689090683,15,False,False,False,1,MEDICAL,HIGH
89,98,94,110,14,35.714879141686964,15,False,False,False,2,NEUROLOGICAL,LOW
59,78,96,59,26,37.056891099657875,15,False,False,True,2,NEUROLOGICAL,HIGH
1,61,98,137,19,35.88344846971331,10,False,False,False,4,NEUROLOGICAL,HIGH
0,109,89,146,8,36.391203420145025,15,False,True,False,1,CARDIAC,HIGH
47,78,89,90,23,37.486152950855356,3,True,False,False,1,MEDICAL,CRITICAL
11,84,97,135,8,37.81004711740005,14,False,False,False,2,NEUROLOGICAL,MODERATE
68,92,85,105,16,37.78664293914616,3,True,True,False,1,ACCIDENT,CRITICAL
36,66,100,110,21,37.244839204099954,15,False,False,False,1,NEUROLOGICAL,LOW
31,79,96,152,25,38.27520573643245,15,False,False,False,5,TRAUMA,LOW
8,102,100,95,3,36.38943830057062,12,False,False,False,1,ACCIDENT,MODERATE
98,100,89,95,22,36.611370836310705,12,False,False,False,3,NEUROLOGICAL,HIGH
18,100,92,165,23,34.405372116754656,15,True,True,False,1,CARDIAC,MODERATE
47,61,82,116,14,36.90694348216831,6,False,False,True,4,NEUROLOGICAL,CRITICAL
79,80,91,151,18,37.579693464036566,8,False,False,False,5,MEDICAL,CRITICAL
2,77,94,80,0,37.2852596120089,15,False,True,False,4,MEDICAL,CRITICAL
19,93,85,82,1,36.37597964675665,15,True,False,False,4,NEUROLOGICAL,CRITICAL
23,91,93,97,24,37.844525606314534,15,False,True,True,3,CARDIAC,MODERATE
53,88,85,107,14,36.92616924762047,15,False,False,False,5,CARDIAC,HIGH
32,134,93,84,15,37.7664267120087,13,False,False,False,2,CARDIAC,HIGH
23,79,100,129,19,37.48614968510626,15,False,False,False,1,NEUROLOGICAL,LOW
74,76,94,130,15,38.424508958903026,14,False,False,False,3,NEUROLOGICAL,LOW
71,61,100,97,15,37.3393633625662,14,False,False,False,3,TRAUMA,LOW
35,54,98,99,20,37.60994267293428,15,True,True,False,2,MEDICAL,MODERATE
37,60,100,102,9,36.9232829112949,15,False,False,False,3,ACCIDENT,LOW
83,70,91,90,24,36.497109849921,15,False,True,False,2,ACCIDENT,HIGH
98,111,91,47,16,37.49073220756036,15,False,True,False,2,MEDICAL,MODERATE
88,85,96,117,11,38.50273069753971,15,False,False,False,2,TRAUMA,LOW
98,88,87,109,11,36.38411935207702,3,True,False,False,3,MEDICAL,CRITICAL
24,83,97,111,18,36.75186367121241,15,False,False,False,2,TRAUMA,LOW
92,92,93,94,16,37.026650435217675,15,True,True,False,3,TRAUMA,HIGH
17,113,100,140,8,37.68489630994171,15,False,False,False,5,CARDIAC,MODERATE
81,45,98,180,14,37.34545798288816,15,False,False,False,2,MEDICAL,LOW
65,109,100,99,13,37.9130631564334,15,False,True,False,3,ACCIDENT,HIGH
53,34,91,154,25,38.97390947564114,13,False,False,False,3,NEUROLOGICAL,LOW
34,85,100,129,18,36.361098690013804,15,False,True,False,3,NEUROLOGICAL,MODERATE
79,128,100,120,27,37.60972897814539,3,False,False,True,1,MEDICAL,CRITICAL
60,98,94,111,13,37.32063977818717,15,False,False,False,1,NEUROLOGICAL,LOW
40,92,91,117,16,37.01904021742795,8,False,False,False,2,TRAUMA,HIGH
99,125,91,148,20,37.606085223676786,8,True,True,False,5,NEUROLOGICAL,CRITICAL
32,70,100,91,21,36.73319697960159,15,True,True,False,2,TRAUMA,HIGH
67,93,100,113,22,37.323045731646985,15,False,True,False,4,TRAUMA,MODERATE
32,96,90,151,12,35.69470757028605,15,True,True,True,4,ACCIDENT,CRITICAL
13,74,89,144,12,36.46118472189418,14,False,True,False,5,NEUROLOGICAL,HIGH
20,76,99,91,15,38.04752081410976,8,False,False,False,5,ACCIDENT,CRITICAL
47,74,91,115,26,38.00908298260442,15,False,True,True,5,NEUROLOGICAL,HIGH
19,86,100,138,11,37.259433296718186,15,False,False,True,1,TRAUMA,MODERATE
7,95,97,136,14,36.546950245610255,10,False,False,False,1,NEUROLOGICAL,MODERATE
6,87,94,144,22,37.825265829684945,3,True,True,True,4,ACCIDENT,CRITICAL
66,99,97,129,22,38.23648738149664,14,False,False,False,5,CARDIAC,LOW
16,45,96,133,21,36.58763313010899,8,False,True,False,3,ACCIDENT,CRITICAL
32,80,94,128,18,35.544980313348184,15,False,False,False,4,CARDIAC,MODERATE
47,64,86,159,11,37.44913492545402,14,False,False,True,5,MEDICAL,HIGH
75,91,95,109,13,37.91376827740744,14,False,True,False,3,ACCIDENT,MODERATE
58,90,100,121,24,37.587483526338076,13,False,False,True,5,NEUROLOGICAL,HIGH
85,82,86,94,22,38.56507919722994,15,False,True,False,2,CARDIAC,HIGH
21,95,90,89,9,38.56930066552815,15,False,False,False,3,NEUROLOGICAL,LOW
29,104,97,128,23,36.69460270335317,15,False,False,False,2,CARDIAC,LOW
37,83,95,101,25,37.198994385577116,15,False,True,False,1,ACCIDENT,LOW
50,63,97,118,18,36.50346515798696,15,False,False,False,4,ACCIDENT,MODERATE
53,53,91,160,20,35.977936303392674,12,False,True,False,5,NEUROLOGICAL,HIGH
7,85,100,158,24,36.03656069519801,15,True,True,False,4,ACCIDENT,HIGH
26,89,95,175,13,37.71702135326304,15,False,True,False,5,NEUROLOGICAL,HIGH
26,65,98,160,31,37.30288752068644,10,False,False,False,2,TRAUMA,MODERATE
97,99,96,180,25,37.88996084050084,8,False,False,False,3,CARDIAC,CRITICAL
20,75,95,130,21,39.53162140996646,15,False,False,False,3,NEUROLOGICAL,LOW
29,51,98,97,17,37.4998676032414,15,False,False,True,5,CARDIAC,HIGH
96,110,95,94,20,36.2120794208996,6,True,True,True,2,TRAUMA,CRITICAL
27,107,89,154,8,38.03512682067496,8,False,False,False,5,CARDIAC,CRITICAL
63,44,100,121,30,36.19348770765889,15,False,False,False,5,NEUROLOGICAL,MODERATE
96,73,99,123,24,38.74833688478474,15,False,False,True,5,ACCIDENT,HIGH
68,72,84,106,26,35.02855084132799,15,False,False,False,3,CARDIAC,HIGH
60,117,91,109,18,36.45345104966424,14,True,False,False,5,CARDIAC,HIGH
47,83,100,129,15,37.62213827311098,15,False,True,True,3,TRAUMA,MODERATE
18,55,85,93,13,38.177520993824544,15,False,True,True,1,MEDICAL,HIGH
3,102,99,126,22,36.32301687370982,15,False,False,False,2,ACCIDENT,LOW
34,60,94,157,14,36.141742032146674,8,False,False,False,1,NEUROLOGICAL,CRITICAL
63,79,100,66,16,37.148367191636375,15,False,False,False,5,TRAUMA,MODERATE
48,69,94,81,21,38.908993850232385,15,False,False,False,3,NEUROLOGICAL,MODERATE
16,73,91,136,14,35.46162236666819,3,False,True,False,2,NEUROLOGICAL,CRITICAL
43,103,96,154,24,36.68587990282754,15,False,False,False,4,CARDIAC,LOW
91,115,94,107,17,37.26018501972579,15,True,False,False,2,TRAUMA,MODERATE
29,59,90,70,8,36.2040506367588,12,False,False,False,2,TRAUMA,HIGH
92,97,100,155,13,36.20061378229007,15,False,False,False,5,ACCIDENT,HIGH
45,70,90,99,25,36.76660838539155,10,False,False,False,1,MEDICAL,LOW
5,70,83,110,12,37.292709826049474,15,False,False,False,1,NEUROLOGICAL,HIGH
98,94,100,127,23,36.80493835350334,15,False,False,False,4,ACCIDENT,MODERATE
36,64,92,103,18,38.46556565236597,6,False,False,False,5,ACCIDENT,CRITICAL
23,94,93,98,16,37.59260377840175,15,False,True,False,2,NEUROLOGICAL,LOW
92,99,93,98,33,37.38316402321507,13,False,False,False,1,CARDIAC,LOW
45,76,92,166,10,38.027653619308374,15,False,True,False,1,CARDIAC,LOW
52,111,91,148,13,37.400802891414926,15,False,False,False,3,NEUROLOGICAL,MODERATE
94,59,90,134,17,36.556813372698535,10,False,True,False,2,TRAUMA,HIGH
98,111,95,65,32,36.736847546905615,15,True,False,False,5,MEDICAL,HIGH
59,46,92,134,17,35.87056378638858,15,False,False,True,1,CARDIAC,MODERATE
96,138,98,133,19,39.00487818654108,15,False,True,False,5,MEDICAL,HIGH
62,76,97,88,15,37.93072396973406,15,False,True,False,2,ACCIDENT,HIGH
84,61,90,126,20,34.440418246849504,12,False,False,False,2,ACCIDENT,HIGH
31,80,95,146,16,38.333128432642994,10,False,False,True,1,NEUROLOGICAL,HIGH
86,64,92,134,22,35.53406735955939,14,False,True,False,4,NEUROLOGICAL,MODERATE
32,92,90,102,22,37.52066897797628,14,False,True,True,5,NEUROLOGICAL,HIGH
66,112,98,120,16,34.79597424648866,15,True,False,False,5,CARDIAC,HIGH
17,65,94,138,11,36.571870658703425,15,False,False,True,3,MEDICAL,LOW
24,96,92,121,18,38.34093350774184,13,False,True,False,2,ACCIDENT,MODERATE
94,54,90,151,26,38.39663388661943,15,False,False,False,2,MEDICAL,LOW
53,105,89,129,13,37.30677539280397,15,False,False,False,1,CARDIAC,LOW
57,93,100,138,20,37.78746479323786,6,False,True,False,1,MEDICAL,CRITICAL
66,106,96,140,10,35.586429774191586,15,False,False,False,1,MEDICAL,LOW
45,82,89,93,11,37.538333272669995,15,False,True,False,3,NEUROLOGICAL,MODERATE
23,76,96,121,25,37.85097074328184,15,False,True,False,4,MEDICAL,MODERATE
31,101,100,111,22,39.56974583770014,13,False,True,False,1,MEDICAL,LOW
46,58,95,146,20,36.37678070031858,15,False,False,False,1,MEDICAL,LOW
85,50,100,131,4,37.01630281702811,15,False,False,True,1,TRAUMA,MODERATE
22,84,87,115,14,37.0781151116521,3,False,False,True,3,ACCIDENT,CRITICAL
65,77,85,87,21,37.6985837337762,13,False,True,False,5,ACCIDENT,CRITICAL
26,96,96,80,9,37.88051068821564,10,True,True,False,4,MEDICAL,CRITICAL
1,106,96,127,15,38.06091511178987,15,False,False,False,5,NEUROLOGICAL,MODERATE
89,95,78,102,22,37.98796215931281,15,False,True,False,2,NEUROLOGICAL,CRITICAL
16,105,91,136,8,35.518881707489285,15,False,False,False,2,NEUROLOGICAL,LOW
32,91,89,78,7,34.3868031196843,15,False,False,False,1,ACCIDENT,MODERATE
8,94,88,159,9,36.48562361291697,15,False,False,False,5,CARDIAC,MODERATE
42,82,89,136,20,36.96458315539361,15,True,True,False,3,MEDICAL,HIGH
47,94,97,122,14,36.3867322407131,15,False,False,False,4,ACCIDENT,LOW
38,88,89,162,23,36.5403018569989,14,False,True,False,5,NEUROLOGICAL,HIGH
92,91,90,143,18,36.6637505722598,12,False,False,False,5,ACCIDENT,HIGH
41,81,86,108,29,37.577440999419366,15,False,False,True,4,ACCIDENT,CRITICAL
25,101,100,121,10,35.96630794496097,15,False,False,False,5,ACCIDENT,LOW
98,70,97,70,19,36.92217223003927,15,False,False,False,5,NEUROLOGICAL,HIGH
49,84,82,146,13,36.92982638378096,15,True,False,False,4,CARDIAC,CRITICAL
24,111,90,112,21,37.554699338508485,15,True,True,False,3,TRAUMA,MODERATE
23,66,97,70,18,38.1619048397129,15,False,True,False,4,MEDICAL,HIGH
12,41,100,90,12,38.6841073981214,8,False,False,False,1,MEDICAL,CRITICAL
59,92,99,141,17,36.254009219578556,10,True,False,False,1,ACCIDENT,MODERATE
6,79,93,160,18,35.00002538943551,14,False,False,False,1,CARDIAC,LOW
56,105,85,120,14,36.75807177126472,8,False,False,False,1,NEUROLOGICAL,CRITICAL
35,82,99,95,22,35.411383141700156,14,False,True,False,2,TRAUMA,MODERATE
44,72,93,84,11,39.73457690925697,10,False,False,False,3,TRAUMA,HIGH
19,83,95,155,30,36.12711948115697,15,False,False,False,2,ACCIDENT,LOW
64,106,94,131,23,37.56383376565273,15,False,True,False,5,ACCIDENT,HIGH
7,96,88,111,20,37.93406610667443,13,False,False,True,5,NEUROLOGICAL,HIGH
15,36,96,105,35,37.340622328238005,15,False,False,False,4,NEUROLOGICAL,HIGH
13,88,96,136,16,39.0767203513092,14,False,False,False,1,NEUROLOGICAL,LOW
75,89,92,136,21,36.79751885988419,6,True,False,False,4,ACCIDENT,CRITICAL
86,84,97,97,19,36.165118242628516,13,False,False,False,5,CARDIAC,MODERATE
14,72,88,91,22,36.11337538784874,15,True,False,False,1,ACCIDENT,MODERATE
91,108,93,92,26,37.75000569460368,15,False,False,False,3,ACCIDENT,LOW
97,109,95,108,21,36.810201753734944,10,False,False,False,5,TRAUMA,HIGH
65,40,86,102,24,36.11351101059678,3,True,True,False,4,NEUROLOGICAL,CRITICAL
31,69,94,160,14,37.44130521552357,15,False,True,False,4,MEDICAL,HIGH
86,82,98,107,16,37.709249225088314,10,False,True,False,5,NEUROLOGICAL,CRITICAL
62,103,93,88,27,37.27130518628621,8,False,False,True,2,CARDIAC,CRITICAL
85,85,94,90,21,37.89959639233561,15,False,False,False,3,CARDIAC,LOW
50,71,97,115,19,37.08809861285032,10,False,True,False,5,NEUROLOGICAL,CRITICAL
24,99,93,74,13,36.40637466281874,15,False,True,False,5,NEUROLOGICAL,CRITICAL
57,80,93,118,23,37.81140007151151,15,False,False,False,4,ACCIDENT,LOW
62,82,89,86,13,36.10991174647167,15,True,False,False,1,MEDICAL,CRITICAL
61,84,94,148,11,35.871114652800024,14,False,False,False,1,ACCIDENT,LOW
21,96,93,122,18,38.155949649200664,13,False,False,False,1,TRAUMA,LOW
57,78,97,173,3,36.65215202898341,15,False,False,False,4,TRAUMA,LOW
57,98,97,114,21,38.66568390944497,8,True,False,False,1,CARDIAC,CRITICAL
85,83,98,41,20,37.8565947867266,10,False,False,True,5,CARDIAC,CRITICAL
48,63,92,156,15,36.57616128609916,12,False,True,False,2,MEDICAL,MODERATE
51,84,84,132,16,37.48622143226267,15,False,False,False,2,CARDIAC,CRITICAL
41,64,98,136,17,39.528380274446874,15,False,True,False,2,TRAUMA,MODERATE
69,85,97,94,13,37.754273142812394,15,False,True,False,1,MEDICAL,LOW
14,101,91,118,19,37.58169890674244,8,True,False,False,2,TRAUMA,CRITICAL
53,63,97,124,16,36.40527892635338,15,True,False,False,1,NEUROLOGICAL,LOW
59,92,87,114,18,38.84455469619873,3,False,False,False,5,NEUROLOGICAL,CRITICAL
96,68,100,76,17,38.317937713512976,10,False,False,True,5,MEDICAL,CRITICAL
7,89,93,189,15,36.4144379682733,13,False,False,False,4,ACCIDENT,MODERATE
52,102,90,140,19,38.880412855409794,14,False,True,True,4,CARDIAC,HIGH
59,42,91,130,22,37.164751216502346,15,False,True,False,3,MEDICAL,MODERATE
4,62,93,152,14,36.15961832532997,13,False,False,True,5,CARDIAC,MODERATE
67,77,94,136,20,36.40148129318146,15,True,False,True,1,TRAUMA,MODERATE
5,91,95,103,21,37.87770136707478,10,True,False,True,3,ACCIDENT,MODERATE
95,81,92,151,10,36.1664998431445,14,False,False,False,5,CARDIAC,MODERATE
93,84,96,141,23,35.896883608947086,12,False,True,False,1,NEUROLOGICAL,HIGH
46,125,95,104,30,36.56112551758152,12,False,True,True,5,NEUROLOGICAL,HIGH
98,60,91,139,17,36.71048677559039,15,False,False,False,5,TRAUMA,MODERATE
54,107,91,113,16,36.326684474361436,15,False,False,False,1,MEDICAL,LOW
39,78,98,125,16,36.54605510606197,10,False,False,False,5,CARDIAC,HIGH
51,95,97,134,21,37.916931234061394,15,False,False,False,5,TRAUMA,HIGH
15,127,95,154,21,37.25650243647945,15,False,False,True,5,NEUROLOGICAL,HIGH
12,98,99,103,8,36.4843592468515,15,False,True,False,4,NEUROLOGICAL,MODERATE
29,92,85,129,12,36.572151917719715,15,True,False,False,2,NEUROLOGICAL,LOW
18,116,92,170,21,36.86834382373865,15,False,False,True,5,ACCIDENT,MODERATE
16,107,89,115,17,36.925585792076475,10,False,False,False,1,ACCIDENT,MODERATE
62,69,100,124,11,36.92981374378259,14,True,False,False,5,NEUROLOGICAL,HIGH
18,90,98,170,27,37.880247663049985,15,False,False,False,4,MEDICAL,MODERATE
91,50,94,135,13,37.197038404292066,6,False,False,True,4,ACCIDENT,CRITICAL
57,74,98,83,18,37.22645767659922,15,False,True,False,5,CARDIAC,HIGH
54,91,100,100,16,38.42678535370009,15,False,True,False,3,ACCIDENT,MODERATE
89,72,100,137,11,38.87665143189207,12,False,False,False,2,CARDIAC,MODERATE
89,90,99,130,19,35.769028713802,12,False,False,False,1,ACCIDENT,LOW
61,84,93,124,20,35.42109188760438,15,True,True,True,1,NEUROLOGICAL,MODERATE
22,95,92,174,15,36.65059388537761,3,True,True,False,1,CARDIAC,CRITICAL
8,76,90,104,15,37.78312857289465,6,False,False,False,1,MEDICAL,MODERATE
11,66,97,118,21,37.37598639998743,15,False,False,False,4,ACCIDENT,LOW
0,114,94,70,6,38.05409970271188,15,False,True,True,2,ACCIDENT,CRITICAL
57,75,92,149,12,36.60763615430788,10,False,False,False,5,NEUROLOGICAL,HIGH
0,98,92,100,19,35.043293167822,15,False,False,False,5,CARDIAC,HIGH
33,113,100,146,14,35.633218268721976,15,True,False,False,3,NEUROLOGICAL,MODERATE
95,88,99,143,14,37.5647340586586,12,False,True,False,5,CARDIAC,HIGH
47,67,100,178,23,38.061753605558216,15,False,False,True,2,ACCIDENT,MODERATE
88,81,97,136,14,35.09320315189789,15,False,False,False,5,ACCIDENT,MODERATE
0,105,95,111,29,38.41065753330804,15,False,True,False,4,ACCIDENT,MODERATE
15,89,94,131,7,37.46463251179961,14,True,False,False,5,ACCIDENT,MODERATE
60,60,89,101,4,36.92957790172063,15,False,True,False,1,TRAUMA,MODERATE
63,96,88,127,23,36.37317684214883,15,True,False,True,1,ACCIDENT,MODERATE
62,100,97,114,12,38.591161076828996,15,False,False,True,1,ACCIDENT,LOW
68,77,90,118,12,37.89700643268907,15,False,True,False,1,CARDIAC,LOW
21,97,96,97,23,37.49082345187664,6,False,True,True,4,ACCIDENT,CRITICAL
92,89,100,127,15,36.268597497796634,6,False,False,False,4,ACCIDENT,CRITICAL
66,81,91,140,23,38.61418122690039,15,False,True,False,4,CARDIAC,MODERATE
75,59,100,78,14,37.03035115795481,13,False,False,False,5,ACCIDENT,HIGH
25,106,90,102,20,37.29901745705812,12,False,False,False,1,ACCIDENT,LOW
15,100,99,124,14,37.07305939817755,10,True,False,False,3,NEUROLOGICAL,HIGH
50,96,97,61,12,36.23444953537861,15,False,False,False,3,TRAUMA,MODERATE
85,115,100,163,28,37.319720985916874,15,False,False,True,1,CARDIAC,LOW
56,103,89,102,24,37.6969385614584,12,True,True,False,2,NEUROLOGICAL,CRITICAL
28,98,100,96,13,36.55839258986638,15,True,True,False,5,MEDICAL,HIGH
77,40,94,114,16,37.23407666077231,15,False,True,False,3,MEDICAL,MODERATE
91,108,98,123,26,37.05849942437695,14,False,False,True,4,TRAUMA,HIGH
68,86,100,101,12,37.91513132947466,3,False,False,False,2,MEDICAL,CRITICAL
46,91,91,144,12,36.7010587287314,15,False,False,False,4,TRAUMA,MODERATE
93,91,99,129,20,37.22657096368441,14,False,False,False,2,MEDICAL,LOW
61,100,91,99,31,37.43716940132561,15,False,False,False,2,MEDICAL,LOW
68,107,100,106,18,36.67843290422243,8,True,True,False,5,NEUROLOGICAL,CRITICAL
75,97,91,82,24,36.17464543232049,15,False,True,False,4,MEDICAL,CRITICAL
15,94,95,88,11,36.337393880747896,15,False,False,False,4,TRAUMA,HIGH
89,89,96,129,20,37.40919003652858,15,False,False,True,3,ACCIDENT,MODERATE
89,17,98,99,15,36.764683886722736,15,False,False,False,1,ACCIDENT,LOW
47,79,100,165,29,36.75141054141436,15,False,False,True,1,ACCIDENT,LOW
84,66,92,121,27,37.60414756701574,15,False,False,False,3,TRAUMA,LOW
38,109,100,86,31,38.01949152302865,14,False,True,False,2,TRAUMA,HIGH
99,97,100,91,13,38.19171587334482,15,True,False,False,3,ACCIDENT,LOW
32,75,95,146,18,36.387498841897596,13,False,False,False,3,MEDICAL,LOW
93,77,92,118,20,37.922745618797656,15,False,True,False,4,ACCIDENT,MODERATE
22,77,86,144,14,39.08498309354865,14,False,False,False,3,CARDIAC,LOW
9,76,100,110,18,37.12607019963034,15,False,False,False,2,TRAUMA,LOW
68,56,93,105,23,36.92668980674401,15,False,False,False,1,CARDIAC,LOW
99,51,89,147,14,36.718239082832596,15,False,True,True,5,CARDIAC,CRITICAL
33,85,88,98,13,35.936242815461,15,False,True,False,3,TRAUMA,HIGH
51,106,89,132,13,37.84225349640484,10,False,True,False,3,ACCIDENT,CRITICAL
94,74,99,114,9,36.93113875579374,14,False,True,False,4,NEUROLOGICAL,MODERATE
9,91,100,141,23,36.85029017797599,15,False,False,False,4,CARDIAC,LOW
18,99,98,165,13,37.68734343808016,15,False,False,False,3,ACCIDENT,LOW
57,65,95,110,13,37.77948305087203,15,False,False,False,3,NEUROLOGICAL,MODERATE
95,84,88,106,21,36.39915673133518,15,False,False,True,2,CARDIAC,MODERATE
0,71,91,136,17,36.42303567501956,14,True,True,False,1,ACCIDENT,MODERATE
68,117,89,92,14,36.37864435951405,15,False,False,False,1,CARDIAC,LOW
3,116,97,160,22,39.113514302797945,15,False,False,False,5,ACCIDENT,MODERATE
15,65,89,156,14,38.4771459866635,15,True,False,False,1,MEDICAL,HIGH
23,92,91,95,4,37.70704042254127,15,False,True,False,5,MEDICAL,MODERATE
79,106,94,80,25,36.624588761839355,15,False,False,False,4,TRAUMA,HIGH
1,101,86,90,13,36.74307096768188,15,False,False,False,5,NEUROLOGICAL,MODERATE
91,86,95,91,13,37.36343732307641,15,False,False,True,5,CARDIAC,HIGH
31,111,94,140,13,39.20913023321711,15,False,True,False,1,CARDIAC,LOW
90,66,100,158,18,37.28887715913926,15,False,False,False,3,ACCIDENT,LOW
83,78,90,139,16,37.50882557646793,14,False,False,False,4,NEUROLOGICAL,MODERATE
23,67,88,114,23,34.451018933452865,15,False,True,False,2,CARDIAC,HIGH
11,100,93,128,27,37.25757892729671,15,False,False,False,5,NEUROLOGICAL,MODERATE
49,73,89,98,13,35.60613853324439,15,False,True,False,5,NEUROLOGICAL,HIGH
34,81,95,147,12,36.51300508275839,15,False,False,False,5,MEDICAL,MODERATE
32,97,85,130,14,37.04688592173986,15,False,False,False,3,CARDIAC,MODERATE
32,98,91,139,20,36.69789829107259,10,False,True,False,2,CARDIAC,HIGH
60,66,90,101,17,36.364040079299976,8,True,False,False,1,TRAUMA,CRITICAL
50,106,97,115,14,36.372953093667725,15,False,True,False,4,NEUROLOGICAL,MODERATE
42,94,90,138,10,36.788951734841746,10,False,False,False,3,ACCIDENT,LOW
11,63,86,156,4,36.7452915815284,15,False,False,False,2,MEDICAL,MODERATE
66,58,93,104,11,37.020272567986716,15,True,False,False,4,TRAUMA,HIGH
64,84,96,139,25,36.94552168215634,3,True,False,False,1,MEDICAL,CRITICAL
32,102,93,102,20,38.278875957253085,10,False,False,False,4,ACCIDENT,MODERATE
39,102,91,172,16,34.95039935606115,3,True,False,False,5,TRAUMA,CRITICAL
73,92,91,109,22,37.24497319025042,15,False,False,False,5,MEDICAL,MODERATE
42,85,95,136,10,37.07100961024848,15,False,True,True,3,ACCIDENT,HIGH
43,95,90,124,18,36.865809651840806,15,False,True,False,4,TRAUMA,MODERATE
28,67,93,185,7,36.294189574769106,14,False,False,True,5,ACCIDENT,HIGH
12,118,98,125,20,36.85029151532148,15,False,False,False,3,TRAUMA,LOW
11,118,88,107,19,35.366492441900434,8,False,False,False,3,CARDIAC,CRITICAL
94,93,94,135,19,37.206717892200416,15,True,True,False,3,CARDIAC,HIGH
45,88,86,135,25,37.388059168420895,15,False,False,False,1,MEDICAL,MODERATE
1,76,96,116,22,36.29593150698357,14,False,False,False,5,NEUROLOGICAL,HIGH
34,95,90,92,10,38.94069104211842,14,False,False,False,5,NEUROLOGICAL,LOW
86,71,100,106,25,36.87955562825151,15,True,False,False,2,ACCIDENT,MODERATE
80,40,87,142,16,37.04407282329339,3,True,False,False,1,TRAUMA,CRITICAL
89,30,97,76,6,38.335781664550154,15,False,False,False,5,CARDIAC,HIGH
7,69,100,113,17,39.142123469868224,15,False,False,False,5,NEUROLOGICAL,MODERATE
92,88,89,144,21,35.87666058607082,8,False,False,False,2,CARDIAC,CRITICAL
25,91,90,117,11,36.42283752112666,3,False,True,False,4,ACCIDENT,CRITICAL
73,75,90,174,25,36.8973228310071,10,False,False,False,4,ACCIDENT,HIGH
89,87,92,76,12,36.25712731035638,8,False,False,False,1,TRAUMA,CRITICAL
33,79,97,95,15,37.846112521350506,14,False,False,True,3,NEUROLOGICAL,LOW
6,65,92,62,14,36.14701716394883,6,False,True,False,2,ACCIDENT,CRITICAL
67,83,89,169,7,38.266603163546634,15,False,True,False,2,ACCIDENT,MODERATE
57,101,84,96,12,37.623647249307474,12,False,False,True,5,CARDIAC,CRITICAL
74,65,100,70,13,38.16404318618398,14,False,False,False,5,MEDICAL,HIGH
28,65,100,104,17,36.15149606682165,15,True,False,False,2,NEUROLOGICAL,LOW
35,63,97,85,0,36.61650558408045,15,False,False,False,3,TRAUMA,MODERATE
88,46,90,104,22,37.897985547784074,15,True,False,False,4,TRAUMA,HIGH
20,75,98,121,22,37.71659318950058,14,True,True,False,1,CARDIAC,MODERATE
35,99,99,140,25,36.71314123904699,15,False,False,False,4,TRAUMA,MODERATE
9,88,93,115,9,36.85546753564709,10,False,False,False,1,ACCIDENT,HIGH
72,81,95,120,16,36.56565205218015,15,False,False,False,3,NEUROLOGICAL,LOW
23,87,100,105,23,36.828555975522974,15,False,False,False,2,TRAUMA,LOW
63,75,86,82,24,36.03465946047328,8,False,False,False,3,NEUROLOGICAL,CRITICAL
98,46,99,73,26,35.86678254673834,15,False,False,False,2,TRAUMA,HIGH
48,100,93,110,18,38.005430515613426,15,False,False,False,5,MEDICAL,LOW
98,106,89,122,17,36.79459556991668,15,False,False,True,1,MEDICAL,MODERATE
35,70,89,109,8,38.1513277408807,14,True,False,False,5,NEUROLOGICAL,CRITICAL
81,81,90,74,24,37.59598480171941,3,False,True,False,2,MEDICAL,CRITICAL
95,80,88,125,15,37.31201051260672,6,False,False,True,1,MEDICAL,CRITICAL
23,92,100,160,18,36.28977825959488,13,True,True,True,1,ACCIDENT,HIGH
22,118,97,117,17,35.789220226001994,15,False,True,False,5,TRAUMA,MODERATE
61,108,100,105,3,36.54309128127285,15,False,True,False,1,MEDICAL,MODERATE
95,77,97,118,13,38.53191740742355,15,True,False,False,2,NEUROLOGICAL,LOW
36,95,95,92,20,37.88895686286717,15,False,False,False,2,ACCIDENT,LOW
11,110,95,90,17,36.44958601283527,15,False,False,False,5,MEDICAL,MODERATE
54,93,93,131,20,36.55443976926246,15,False,True,True,3,NEUROLOGICAL,MODERATE
12,84,93,144,22,36.07091051940951,14,False,True,False,2,TRAUMA,MODERATE
22,93,87,116,13,35.4529143874658,15,False,False,False,2,MEDICAL,HIGH
88,70,100,70,14,37.10160001330453,14,False,True,True,1,NEUROLOGICAL,HIGH
98,73,85,128,17,38.72507740971639,6,False,False,False,1,NEUROLOGICAL,HIGH
29,63,89,171,22,38.73763270010888,14,True,False,False,2,CARDIAC,HIGH
16,91,100,113,16,37.607903959778604,12,False,False,False,5,NEUROLOGICAL,MODERATE
61,82,95,115,7,36.397327559550874,12,False,False,False,3,CARDIAC,HIGH
83,68,95,98,16,35.55051979093613,15,False,True,False,1,TRAUMA,LOW
88,81,98,132,22,38.04706218564271,15,False,False,True,1,TRAUMA,LOW
85,94,87,103,26,37.447216801557104,15,False,False,True,3,ACCIDENT,HIGH
12,123,88,145,19,36.68377182668948,15,True,False,False,1,CARDIAC,MODERATE
58,105,92,103,9,36.51670789768773,14,False,True,True,5,NEUROLOGICAL,HIGH
18,39,90,128,15,37.60043657762584,6,False,False,False,1,ACCIDENT,HIGH
48,89,94,118,20,36.173378482152856,3,False,False,False,1,ACCIDENT,CRITICAL
99,113,97,158,23,37.239232166900045,15,False,True,False,2,TRAUMA,LOW
11,58,100,130,21,35.78017825323916,3,True,False,False,5,NEUROLOGICAL,CRITICAL
60,96,99,154,16,39.22851158643823,15,False,True,True,5,CARDIAC,HIGH
18,80,90,122,23,36.312952614391705,10,False,False,False,2,TRAUMA,MODERATE
75,108,93,115,14,37.64839895627447,15,False,False,False,4,ACCIDENT,MODERATE
8,93,91,119,19,35.80197835366505,15,False,False,False,3,MEDICAL,LOW
70,67,89,100,22,36.83674684090062,15,False,False,False,5,ACCIDENT,MODERATE
27,80,88,133,21,37.88461855676342,8,False,False,False,4,MEDICAL,CRITICAL
77,82,100,102,21,38.10095538062401,15,False,False,False,3,TRAUMA,MODERATE
94,82,95,122,21,37.763288263102915,15,False,False,True,5,CARDIAC,MODERATE
51,107,93,141,11,36.86175567067694,6,False,True,False,1,NEUROLOGICAL,HIGH
82,68,97,159,18,36.33404900389447,6,False,False,False,5,MEDICAL,CRITICAL
15,105,97,124,12,35.92232288148086,15,True,False,False,3,NEUROLOGICAL,LOW
68,78,100,141,16,38.50379858777113,13,True,False,True,4,TRAUMA,HIGH
98,89,91,138,10,37.103371239988626,15,False,False,False,1,TRAUMA,LOW
11,86,97,110,20,37.28823922708857,15,False,False,False,3,TRAUMA,MODERATE
24,84,90,172,6,38.16536985376611,15,False,False,False,3,CARDIAC,LOW
51,84,94,105,21,37.58673128355504,15,False,False,True,5,MEDICAL,HIGH
84,114,95,122,18,36.87258274690237,15,False,False,False,2,NEUROLOGICAL,LOW
99,101,95,156,29,37.74440344838051,15,False,False,False,2,ACCIDENT,LOW
52,77,95,155,16,36.37745365148828,15,False,False,False,1,TRAUMA,LOW
22,116,99,120,16,35.448858522518336,13,False,True,False,3,NEUROLOGICAL,MODERATE
15,90,92,144,22,38.41184224201785,13,False,True,True,4,NEUROLOGICAL,HIGH
56,92,95,114,17,36.46079652026622,15,True,False,False,1,CARDIAC,LOW
38,68,91,107,19,36.69571003728265,15,False,True,False,1,MEDICAL,LOW
52,75,100,89,23,36.78391657487381,14,False,False,False,5,CARDIAC,HIGH
41,71,90,138,16,36.39779464028239,12,False,False,True,4,CARDIAC,HIGH
57,86,91,140,25,38.1013338615086,14,False,True,True,3,NEUROLOGICAL,HIGH
38,97,99,105,7,37.37445619354196,15,True,False,False,3,MEDICAL,MODERATE
13,92,92,126,27,36.696213100202534,15,False,False,False,3,MEDICAL,LOW
94,116,99,186,7,35.724331118965054,14,False,False,False,1,MEDICAL,MODERATE
4,67,95,148,26,37.30379781536075,15,False,True,False,5,TRAUMA,HIGH
34,87,92,97,6,34.54939032242197,6,False,False,False,1,MEDICAL,HIGH
86,59,91,145,29,37.232746028569444,14,False,False,False,2,NEUROLOGICAL,LOW
92,66,91,97,18,38.3431804448554,15,False,True,False,2,TRAUMA,LOW
74,110,93,47,12,37.06455840954905,15,False,False,False,3,ACCIDENT,HIGH
17,75,94,119,29,38.20632730372603,10,False,False,True,5,CARDIAC,CRITICAL
75,68,90,159,11,35.77082242776225,15,False,True,False,3,MEDICAL,MODERATE
8,42,94,154,16,39.038541395288824,15,False,False,False,3,ACCIDENT,MODERATE
73,68,89,129,33,38.09728543854168,14,False,False,True,1,MEDICAL,MODERATE
57,80,98,106,20,37.47596586217822,12,False,True,True,3,CARDIAC,HIGH
16,57,99,132,5,36.40160554510974,15,False,True,False,3,NEUROLOGICAL,LOW
6,79,91,113,16,36.23547789650545,15,False,True,False,5,NEUROLOGICAL,HIGH
45,110,91,107,15,36.92909257160462,6,True,True,False,5,CARDIAC,CRITICAL
12,70,95,146,19,38.20277822932557,3,True,False,False,5,ACCIDENT,CRITICAL
39,66,100,106,17,35.68447916912832,14,False,True,False,3,TRAUMA,MODERATE
41,62,100,148,21,37.0104105099417,3,False,False,False,5,TRAUMA,CRITICAL
8,62,87,105,8,37.73422027166379,15,False,False,False,5,MEDICAL,HIGH
49,95,100,171,14,37.92934881726755,15,True,False,True,4,CARDIAC,MODERATE
26,85,94,78,19,37.7312365010617,15,False,True,False,4,CARDIAC,HIGH
65,104,94,96,13,35.58240647413129,15,True,False,False,2,TRAUMA,MODERATE
4,125,97,116,24,38.13177788452095,15,False,True,False,1,ACCIDENT,LOW
28,48,92,70,13,37.0671936560957,15,True,False,False,1,CARDIAC,HIGH
36,92,100,55,18,35.91440484402705,10,False,False,False,5,NEUROLOGICAL,CRITICAL
37,62,100,70,17,36.97583179265961,12,True,False,True,2,NEUROLOGICAL,CRITICAL
82,100,100,112,11,35.04133485668771,14,True,False,False,2,CARDIAC,MODERATE
7,79,85,113,18,37.57829802301027,15,False,False,False,4,ACCIDENT,MODERATE
64,85,93,128,10,36.87229053346195,15,True,False,False,2,NEUROLOGICAL,LOW
85,59,85,115,15,35.72988434375417,15,False,False,False,3,ACCIDENT,HIGH
16,76,91,127,18,36.70992339365745,14,False,False,False,5,TRAUMA,MODERATE
70,86,83,108,9,36.29253478095652,15,True,False,False,3,MEDICAL,CRITICAL
88,112,97,137,21,36.35641618105079,15,False,False,True,1,TRAUMA,LOW
44,69,96,134,19,34.73896708394017,15,False,False,False,4,MEDICAL,LOW
3,73,92,111,21,35.32783657996533,12,False,False,True,3,NEUROLOGICAL,HIGH
35,103,91,133,18,36.77030100864292,8,False,False,False,5,MEDICAL,CRITICAL
69,67,96,115,11,36.59824940498864,14,True,False,False,3,MEDICAL,MODERATE
30,107,89,81,17,37.973978161813726,15,False,True,False,3,CARDIAC,CRITICAL
18,84,89,142,21,36.36821702132952,15,True,True,False,2,MEDICAL,MODERATE
60,91,88,97,10,36.47301868034873,15,False,False,True,4,CARDIAC,HIGH
53,92,93,142,11,36.51976008417336,15,False,False,False,1,MEDICAL,LOW
38,72,92,128,16,36.8029702742009,15,True,False,False,5,CARDIAC,HIGH
90,92,93,117,15,37.09146406702397,15,False,False,False,5,NEUROLOGICAL,MODERATE
73,69,97,73,17,36.59367238916874,15,False,False,False,1,NEUROLOGICAL,LOW
89,74,99,158,16,37.571221487459574,15,False,False,True,5,MEDICAL,MODERATE
18,96,100,110,18,39.30022097362859,15,True,True,False,2,ACCIDENT,MODERATE
38,90,95,135,25,36.174556105155766,14,False,False,False,3,NEUROLOGICAL,MODERATE
66,83,96,117,21,37.3918300101728,3,False,True,False,2,TRAUMA,HIGH
44,59,95,113,18,37.02952624628132,8,True,False,False,2,TRAUMA,CRITICAL
12,64,86,124,11,38.04703453244675,15,False,True,True,2,CARDIAC,HIGH
91,90,93,120,13,37.2029999029058,15,False,False,False,1,ACCIDENT,LOW
57,99,93,113,23,36.27354880962464,8,False,False,True,4,CARDIAC,CRITICAL
19,62,92,118,15,35.83494625264832,15,False,True,False,1,MEDICAL,LOW
91,68,94,130,12,37.610489604092194,10,False,False,False,1,NEUROLOGICAL,LOW
71,87,93,132,30,35.91619800472978,15,False,False,True,2,ACCIDENT,MODERATE
60,87,90,121,27,38.1837404861681,6,False,True,False,4,CARDIAC,CRITICAL
38,52,94,135,17,37.55319268772419,8,False,False,True,1,CARDIAC,CRITICAL
0,88,91,109,11,37.086709150145104,14,False,False,False,4,TRAUMA,LOW
2,73,81,175,22,35.687744967240526,14,False,False,False,2,MEDICAL,HIGH
76,117,88,157,15,37.67532314311274,15,False,True,False,1,CARDIAC,MODERATE
91,89,95,139,23,38.61676607481371,15,False,True,False,4,TRAUMA,MODERATE
61,93,100,71,15,36.57490519193146,15,False,False,False,5,ACCIDENT,HIGH
62,93,82,135,27,36.258092662672766,15,False,True,False,1,CARDIAC,CRITICAL
24,60,90,111,14,36.90797420767177,15,True,True,False,1,TRAUMA,MODERATE
55,123,97,95,32,37.466942271931885,15,True,False,True,1,MEDICAL,HIGH
32,52,99,110,19,36.46878078700027,8,False,False,False,4,NEUROLOGICAL,CRITICAL
37,100,92,98,26,37.899198145990006,15,False,False,False,3,ACCIDENT,LOW
5,97,91,132,14,38.91071797427036,15,False,False,False,1,CARDIAC,LOW
57,75,100,160,10,37.33024588351793,15,False,False,True,5,TRAUMA,MODERATE
43,98,98,140,4,36.675013896981675,15,False,False,True,5,CARDIAC,MODERATE
44,78,99,189,25,37.44000377484891,15,False,True,False,2,NEUROLOGICAL,MODERATE
31,71,92,81,18,38.17729956300111,3,True,False,False,3,CARDIAC,CRITICAL
44,94,100,107,10,37.159636628552015,15,False,False,True,3,CARDIAC,MODERATE
60,64,85,96,25,37.4850950311032,15,False,False,False,4,TRAUMA,HIGH
46,80,100,150,24,37.70476618874229,15,False,False,False,2,NEUROLOGICAL,LOW
20,73,94,114,26,36.124554144145904,15,False,False,False,4,ACCIDENT,MODERATE
79,78,95,124,9,37.459121341409606,10,False,True,False,2,TRAUMA,MODERATE
84,93,90,135,25,35.6580511958242,15,False,True,False,3,NEUROLOGICAL,MODERATE
74,73,85,83,20,36.3415688619029,15,False,False,False,4,NEUROLOGICAL,HIGH
35,81,95,104,26,38.145662401286295,15,False,False,False,2,CARDIAC,LOW
98,74,97,144,21,37.871035235310764,3,False,True,False,3,MEDICAL,CRITICAL
18,113,98,106,19,36.72981998976759,15,False,False,False,3,MEDICAL,MODERATE
19,91,97,77,25,38.705793433445734,8,False,False,False,1,ACCIDENT,CRITICAL
56,89,96,97,23,35.68980991959991,15,False,False,False,4,CARDIAC,MODERATE
17,98,90,112,24,36.79491230704306,15,False,False,True,1,MEDICAL,LOW
46,73,98,124,15,37.27510428931243,14,False,True,False,3,TRAUMA,MODERATE
48,102,89,118,16,34.19175277428097,15,True,False,False,4,ACCIDENT,HIGH
13,91,100,104,7,36.8423374255239,15,False,False,False,4,CARDIAC,LOW
14,53,94,143,14,35.87550176677169,15,False,True,False,5,TRAUMA,HIGH
30,56,94,116,22,35.89826293713489,15,True,False,True,2,MEDICAL,MODERATE
0,73,99,125,21,36.72777011563014,10,False,False,False,5,MEDICAL,HIGH
53,58,100,105,12,35.17434162969897,15,False,True,False,5,MEDICAL,HIGH
2,80,98,157,25,36.19204021644046,14,False,False,False,3,MEDICAL,LOW
15,64,90,110,35,35.19771764399477,15,False,True,False,2,NEUROLOGICAL,LOW
86,83,98,121,12,37.123787046778304,15,False,False,True,5,ACCIDENT,MODERATE
56,113,90,145,16,37.10434723180118,14,False,False,False,5,ACCIDENT,MODERATE
74,84,98,127,14,36.65145202854062,15,True,False,False,4,MEDICAL,MODERATE
11,78,87,126,17,37.99644516386,15,False,False,False,3,ACCIDENT,LOW
73,92,94,70,19,36.703837414905934,15,False,False,False,5,TRAUMA,HIGH
95,71,90,137,13,36.976919494262724,15,False,False,False,2,TRAUMA,LOW
15,101,99,121,16,36.09399924691939,8,True,False,False,1,ACCIDENT,CRITICAL
71,94,100,133,18,34.69672551240793,15,False,False,False,1,MEDICAL,LOW
75,85,95,124,20,36.85466028735658,15,False,False,False,3,CARDIAC,LOW
23,88,95,106,26,36.72405173964574,12,False,False,False,1,MEDICAL,LOW
27,125,98,142,17,38.709908681407704,15,False,True,True,4,NEUROLOGICAL,MODERATE
7,103,100,124,14,37.66744602398322,15,True,True,False,4,CARDIAC,MODERATE
91,128,95,87,22,36.5868788805237,15,False,False,True,2,NEUROLOGICAL,HIGH
35,95,92,152,20,37.14166302473927,8,False,False,False,3,ACCIDENT,CRITICAL
89,55,98,84,16,37.90701796366965,3,False,False,False,3,NEUROLOGICAL,CRITICAL
7,79,85,142,20,37.51675502698987,13,False,True,True,1,ACCIDENT,HIGH
57,50,99,157,15,38.668905834330786,15,False,False,True,5,NEUROLOGICAL,HIGH
59,95,91,92,14,36.21060358077978,14,True,True,False,5,CARDIAC,HIGH
49,99,93,116,6,37.97503420695375,15,False,False,False,5,NEUROLOGICAL,MODERATE
27,67,99,114,16,36.577127664665895,15,False,False,False,2,MEDICAL,LOW
91,71,92,115,7,37.193616494766985,3,False,True,False,3,ACCIDENT,CRITICAL
40,87,98,165,14,36.442323005226825,15,False,False,False,1,TRAUMA,LOW
99,61,100,92,21,36.85799182698627,15,False,False,False,2,NEUROLOGICAL,LOW
63,59,95,112,8,37.21156206027896,8,False,True,False,4,ACCIDENT,CRITICAL
26,109,96,157,16,37.59325356427781,13,False,False,False,4,TRAUMA,LOW
62,87,94,111,18,37.06135714137732,15,True,False,True,4,ACCIDENT,HIGH
16,73,95,96,16,34.513850321529766,15,False,True,True,3,ACCIDENT,MODERATE
72,51,89,126,15,36.92305124170044,15,False,False,False,4,TRAUMA,MODERATE
32,102,93,140,19,38.47040076232015,15,False,True,False,5,TRAUMA,LOW
83,71,88,110,20,36.91512820353062,15,True,False,False,4,CARDIAC,HIGH
76,122,90,133,18,38.498481840126715,15,False,False,True,2,NEUROLOGICAL,MODERATE
91,102,84,85,15,36.879803255733044,3,False,False,True,4,NEUROLOGICAL,CRITICAL
28,68,96,86,23,35.42801857920039,15,False,True,True,5,ACCIDENT,CRITICAL
12,70,100,108,10,36.56704515393524,15,False,True,True,4,MEDICAL,HIGH
45,119,92,134,22,36.441566314583014,15,False,False,False,1,MEDICAL,LOW
34,83,99,139,20,36.77046693766518,15,False,False,False,5,ACCIDENT,LOW
5,74,100,90,19,35.814681557597744,15,False,False,False,3,CARDIAC,LOW
81,85,89,138,17,36.99117853309684,6,False,True,False,4,TRAUMA,CRITICAL
68,74,90,124,6,36.67174015933316,8,False,False,False,2,ACCIDENT,HIGH
46,89,99,98,26,38.287861857378594,15,False,False,True,4,NEUROLOGICAL,MODERATE
24,83,94,86,23,35.789762878088325,8,False,False,False,2,MEDICAL,CRITICAL
65,102,88,125,12,37.24566868663465,15,False,False,False,1,MEDICAL,LOW
9,77,91,152,22,37.411028122617445,14,False,False,True,3,MEDICAL,MODERATE
55,67,97,120,19,37.774980889007615,15,False,True,False,5,CARDIAC,MODERATE
29,78,91,96,14,36.63641212318157,8,False,False,False,5,NEUROLOGICAL,CRITICAL
4,77,81,73,25,37.22080099459254,15,False,True,True,3,CARDIAC,CRITICAL
32,83,93,158,15,37.35327812544628,15,False,False,False,1,TRAUMA,LOW
64,97,93,146,26,35.351636199505656,12,False,False,False,1,ACCIDENT,HIGH
17,96,95,127,21,36.67229940854453,15,True,False,False,4,ACCIDENT,LOW
95,108,100,156,23,36.967334936133014,15,False,False,False,1,MEDICAL,LOW
48,68,95,125,21,37.08457822011746,15,False,False,False,4,MEDICAL,LOW
10,92,96,106,21,37.07233899229547,14,False,False,False,2,TRAUMA,LOW
84,99,100,133,19,37.43752129230796,15,False,True,False,3,CARDIAC,HIGH
25,71,95,99,13,38.93760492699416,15,True,False,False,2,NEUROLOGICAL,LOW
62,80,100,95,18,36.40457142625501,6,False,False,False,2,TRAUMA,HIGH
88,50,88,139,23,37.381171772553245,15,False,False,False,2,ACCIDENT,LOW
85,103,90,141,22,38.30130318599938,15,False,True,False,2,ACCIDENT,LOW
58,80,98,88,21,35.201361380038726,14,False,True,False,5,CARDIAC,HIGH
26,101,100,89,5,37.26813107976411,12,False,False,True,1,TRAUMA,CRITICAL
48,89,93,108,16,35.319620693508284,3,False,False,False,3,NEUROLOGICAL,CRITICAL
76,81,89,102,16,39.185577740462534,15,False,True,False,3,TRAUMA,HIGH
32,53,100,131,11,37.522050734297885,15,True,True,False,2,TRAUMA,LOW
97,56,91,121,23,37.38709065780436,10,False,True,False,3,CARDIAC,HIGH
98,33,96,149,5,35.126625970929496,10,False,False,False,4,NEUROLOGICAL,HIGH
0,73,100,127,23,36.49550818054381,14,True,False,False,3,ACCIDENT,MODERATE
20,130,92,103,25,36.50020394142523,15,True,False,True,2,MEDICAL,MODERATE
54,59,91,72,16,38.76645555391879,15,True,True,False,3,NEUROLOGICAL,CRITICAL
5,32,92,124,17,37.729201236855765,15,False,False,False,1,ACCIDENT,LOW
91,104,99,77,23,35.34707330258378,6,False,True,False,2,CARDIAC,CRITICAL
80,132,100,103,13,37.469502252351965,15,False,False,True,5,NEUROLOGICAL,HIGH
68,90,95,101,21,35.497095716427765,15,False,False,False,1,NEUROLOGICAL,LOW
94,90,100,107,12,35.370666792355706,15,False,False,False,3,ACCIDENT,LOW
4,78,95,87,10,37.453422083693575,15,False,False,True,5,ACCIDENT,CRITICAL
2,49,100,101,19,37.74476913098644,15,False,False,False,1,TRAUMA,LOW
52,55,92,148,17,37.45875359003224,14,False,False,True,4,TRAUMA,MODERATE
22,78,100,148,7,38.87958258208132,15,False,False,False,1,NEUROLOGICAL,LOW
52,74,100,158,26,37.36875253632771,15,False,True,False,5,MEDICAL,HIGH
36,82,94,120,15,37.17009420877307,15,False,False,True,4,CARDIAC,HIGH
73,101,100,126,21,35.78399056165825,10,False,True,True,3,ACCIDENT,HIGH
73,73,100,149,27,37.85761367865275,3,True,False,False,2,TRAUMA,CRITICAL
82,101,100,83,19,35.34855574963581,14,False,True,False,3,CARDIAC,HIGH
16,73,82,140,25,39.02036907381792,12,False,True,False,2,NEUROLOGICAL,CRITICAL
84,105,98,152,12,37.87079794225988,15,False,False,False,2,ACCIDENT,LOW
77,86,97,97,26,39.7897973532944,14,False,False,False,5,ACCIDENT,MODERATE
72,76,97,154,13,37.3893281085746,3,False,False,False,4,TRAUMA,CRITICAL
0,86,96,171,14,37.92016606109067,15,False,True,False,4,MEDICAL,MODERATE
50,79,96,139,9,36.722828890017325,15,False,True,False,1,ACCIDENT,LOW
44,87,100,134,19,36.95672041211186,3,False,False,False,3,MEDICAL,CRITICAL
76,100,97,92,21,35.9484660911767,12,False,False,True,5,CARDIAC,HIGH
3,83,96,146,22,35.55229135143233,15,False,False,False,3,ACCIDENT,LOW
61,77,100,94,9,37.18949780691332,3,False,False,False,1,ACCIDENT,CRITICAL
64,62,97,129,20,36.95081749382617,15,False,False,False,1,MEDICAL,LOW
31,96,97,131,20,35.92402628390151,15,False,False,False,5,TRAUMA,MODERATE
33,91,100,37,21,36.101268257678356,14,False,False,True,1,NEUROLOGICAL,HIGH
91,61,92,130,13,37.03246999070797,15,True,False,False,5,CARDIAC,MODERATE
94,101,87,185,2,35.90687825021842,14,False,True,False,1,ACCIDENT,HIGH
71,61,95,67,22,37.35664507947514,15,False,True,False,4,TRAUMA,HIGH
38,105,96,118,17,35.93791083287976,15,False,False,False,5,ACCIDENT,MODERATE
25,98,98,71,19,37.25585447992615,15,False,True,True,4,CARDIAC,HIGH
33,93,95,97,17,35.84928788793989,15,False,True,False,4,NEUROLOGICAL,MODERATE
53,77,98,71,19,35.85348442317476,15,False,False,False,5,ACCIDENT,HIGH
2,96,100,123,22,34.63776884015981,3,False,False,False,3,MEDICAL,HIGH
49,106,99,139,6,36.83972101001589,15,False,False,False,2,TRAUMA,LOW
11,96,99,130,24,38.45406476730349,15,False,False,True,1,NEUROLOGICAL,LOW
64,71,94,96,16,38.39733081391626,15,False,False,False,1,ACCIDENT,LOW
53,90,88,104,27,37.32406750346092,10,True,False,False,3,NEUROLOGICAL,HIGH
4,107,83,126,15,34.99898551760646,15,False,True,False,2,MEDICAL,CRITICAL
93,128,92,97,13,37.84387519323393,15,False,False,False,3,ACCIDENT,LOW
93,80,82,86,17,37.22566627352095,15,False,False,False,2,NEUROLOGICAL,CRITICAL
56,102,97,114,20,36.59349684030866,15,False,False,True,5,ACCIDENT,HIGH
16,107,93,96,16,38.20736612791366,15,False,False,False,5,ACCIDENT,MODERATE
46,68,88,130,21,37.615444686808516,14,True,False,False,4,NEUROLOGICAL,HIGH
22,120,95,152,15,38.96154904278589,6,True,False,False,4,ACCIDENT,CRITICAL
78,63,91,184,18,35.59436116605197,15,True,False,False,5,MEDICAL,HIGH
84,101,97,128,31,35.67256969276535,8,False,False,False,4,NEUROLOGICAL,CRITICAL
13,91,98,136,20,35.84102054926754,6,False,False,False,5,NEUROLOGICAL,CRITICAL
65,86,91,105,20,36.714978489308756,6,True,False,False,3,MEDICAL,CRITICAL
74,135,93,106,9,38.58817225479641,3,False,False,True,1,MEDICAL,CRITICAL
50,78,96,152,26,36.37640747464623,10,False,False,False,5,MEDICAL,HIGH
37,78,87,113,24,36.39779581944177,15,False,True,False,5,ACCIDENT,HIGH
63,111,96,121,13,37.41729193351462,15,False,True,True,5,ACCIDENT,HIGH
97,100,87,150,24,37.8431554477945,15,False,False,False,4,CARDIAC,MODERATE
37,110,97,113,19,34.76320840568534,8,False,False,False,4,ACCIDENT,CRITICAL
49,87,92,157,18,38.03971487618858,15,False,True,True,4,MEDICAL,HIGH
97,91,87,134,25,36.34478369406503,15,True,False,False,4,CARDIAC,HIGH
81,123,92,131,14,36.897575286039874,15,False,False,False,3,MEDICAL,LOW
29,68,92,103,13,38.41826413273754,10,False,False,False,5,TRAUMA,HIGH
78,82,100,132,19,36.78355640070553,12,True,True,True,3,NEUROLOGICAL,HIGH
90,100,95,109,21,35.468129479814095,15,False,False,False,4,TRAUMA,MODERATE
50,81,90,131,23,35.526094699069056,15,False,False,False,3,MEDICAL,LOW
62,73,100,117,17,36.97088811887064,14,False,False,False,5,ACCIDENT,LOW
97,97,98,144,12,36.665635264835245,15,False,True,False,5,NEUROLOGICAL,MODERATE
51,111,93,119,33,37.05947317416953,15,False,False,False,4,ACCIDENT,LOW
37,82,87,170,11,36.59872201897036,15,False,True,False,5,ACCIDENT,HIGH
96,81,92,113,18,38.241426850284874,3,False,False,True,3,NEUROLOGICAL,CRITICAL
87,72,93,106,22,37.02476723981507,15,False,True,False,2,NEUROLOGICAL,LOW
78,79,96,128,24,35.23702234297396,15,False,False,False,5,TRAUMA,HIGH
29,106,98,146,14,37.816532991863404,13,False,True,False,3,MEDICAL,HIGH
50,86,99,146,6,38.90627094416018,15,False,True,False,3,ACCIDENT,HIGH
80,68,86,124,14,37.154930981188194,15,False,False,False,3,MEDICAL,MODERATE
4,90,96,128,23,37.232550363440325,15,False,False,False,5,MEDICAL,LOW
28,106,94,128,21,36.22011498793729,6,False,False,True,2,CARDIAC,CRITICAL
3,73,100,93,22,36.7575492605429,15,True,False,False,4,TRAUMA,MODERATE
9,58,95,145,22,37.50287000949325,14,False,False,False,4,ACCIDENT,LOW
55,128,91,88,26,38.131790065978926,3,False,True,True,5,NEUROLOGICAL,CRITICAL
16,57,95,93,13,37.446000278930406,10,True,False,False,5,NEUROLOGICAL,HIGH
73,77,94,121,10,38.81804087853897,14,True,False,True,1,MEDICAL,LOW
16,89,85,112,20,37.098470314051085,13,False,False,True,2,TRAUMA,MODERATE
83,79,97,139,11,35.87830449648147,6,False,True,False,3,TRAUMA,CRITICAL
87,83,93,131,10,35.90694460921122,3,False,False,False,3,ACCIDENT,CRITICAL
68,96,94,123,25,38.2344117318777,3,False,True,False,4,ACCIDENT,CRITICAL
33,37,90,91,19,38.0071019746211,14,False,False,False,5,MEDICAL,HIGH
5,59,89,120,18,35.35539593165311,15,True,True,False,2,MEDICAL,HIGH
52,85,99,118,18,36.7904918095641,15,False,True,False,4,MEDICAL,HIGH
65,76,100,125,17,36.826806191377486,15,False,False,False,2,CARDIAC,LOW
76,87,97,109,25,36.24846714170214,6,False,False,True,5,TRAUMA,CRITICAL
42,89,85,133,8,35.58962694555146,8,True,False,False,3,MEDICAL,CRITICAL
74,42,97,111,8,36.22639583440172,15,False,True,False,1,TRAUMA,HIGH
22,110,86,130,12,36.046651438685046,15,False,True,True,2,NEUROLOGICAL,CRITICAL
54,75,91,139,19,35.61353153577688,15,False,False,False,3,NEUROLOGICAL,LOW
79,67,99,106,28,37.829065320165775,15,False,False,False,2,TRAUMA,LOW
94,89,98,100,23,37.28294657074241,13,True,True,True,2,NEUROLOGICAL,HIGH
74,87,97,131,21,36.535877338588044,15,False,False,False,2,NEUROLOGICAL,LOW
15,108,100,86,17,34.9294314881697,15,True,True,True,5,NEUROLOGICAL,CRITICAL
7,90,97,147,10,36.70092389066518,15,False,False,False,4,ACCIDENT,MODERATE
3,108,84,120,21,37.521055624580555,15,False,True,False,2,ACCIDENT,CRITICAL
3,66,93,117,30,36.26395602123103,3,False,True,True,5,TRAUMA,CRITICAL
55,87,94,133,16,35.85003421938689,15,True,True,False,1,TRAUMA,MODERATE
24,62,94,132,14,36.87697798269932,6,False,True,False,4,CARDIAC,CRITICAL
66,86,91,120,16,37.33506882808645,15,False,True,False,5,ACCIDENT,HIGH
95,82,89,141,21,35.000069134227985,15,False,False,False,1,TRAUMA,LOW
66,81,100,103,18,38.35400913788655,14,True,True,True,4,ACCIDENT,HIGH
26,82,93,137,23,35.75087294276319,12,False,True,False,5,CARDIAC,HIGH
92,99,100,93,17,36.57721727935288,15,False,True,False,1,TRAUMA,MODERATE
31,52,89,132,16,38.18127103220245,15,False,False,True,5,TRAUMA,CRITICAL
49,67,98,111,19,37.12535905561789,15,False,False,False,1,TRAUMA,LOW
60,84,96,87,14,38.096091434159945,14,False,False,False,2,TRAUMA,MODERATE
50,61,90,126,28,38.553678960445694,15,True,False,False,2,MEDICAL,LOW
18,85,92,119,22,35.540323964842315,15,False,True,False,4,ACCIDENT,HIGH
20,83,94,81,11,37.90204390538286,14,False,True,True,1,ACCIDENT,HIGH
4,56,90,67,13,38.32548685418481,15,False,False,False,2,ACCIDENT,HIGH
81,55,93,116,21,36.624194452173214,15,False,False,True,4,CARDIAC,MODERATE
91,32,83,160,19,36.703785973449776,15,False,False,False,3,MEDICAL,CRITICAL
41,60,98,128,19,35.086956184545286,3,False,False,False,2,ACCIDENT,HIGH
60,85,100,103,16,37.78107945174973,15,False,False,False,2,ACCIDENT,LOW
21,88,97,147,20,34.46513168464856,6,False,False,False,5,TRAUMA,CRITICAL
20,89,100,142,16,37.96880781406337,15,False,True,True,3,TRAUMA,HIGH
69,69,98,151,21,35.5823305986343,12,False,True,False,1,TRAUMA,HIGH
0,84,100,137,22,38.390688701595444,15,False,False,False,4,ACCIDENT,LOW
4,92,100,142,27,37.39627343502434,15,False,True,False,3,TRAUMA,MODERATE
11,59,81,138,14,38.00896769761569,10,True,False,True,1,ACCIDENT,CRITICAL
89,87,97,108,17,36.18722302916948,10,False,False,True,2,CARDIAC,MODERATE
45,98,88,79,10,35.66654640480726,12,False,False,False,4,CARDIAC,CRITICAL
33,75,89,106,28,35.23637783617671,10,False,True,False,4,NEUROLOGICAL,HIGH
48,106,89,147,6,38.091203012225876,15,False,False,False,3,MEDICAL,HIGH
77,75,93,110,28,37.66294006906388,15,True,False,False,5,TRAUMA,HIGH
89,67,98,116,18,37.69841304607427,15,True,False,False,1,TRAUMA,MODERATE
44,96,97,90,20,37.29144237107884,8,False,True,False,3,MEDICAL,CRITICAL
26,125,94,106,17,37.543871582588395,15,True,True,False,5,MEDICAL,HIGH
72,86,98,119,18,36.7083349514332,6,False,False,True,5,NEUROLOGICAL,CRITICAL
25,97,98,132,21,37.37030063384443,15,False,False,True,5,MEDICAL,HIGH
46,74,97,108,8,36.14316306048021,14,False,False,False,4,ACCIDENT,MODERATE
85,60,86,106,14,36.657266901127315,15,False,False,False,1,TRAUMA,MODERATE
55,88,91,141,12,40.04332949549941,15,False,False,False,1,MEDICAL,LOW
93,91,95,128,20,37.03892134693263,13,False,False,False,3,ACCIDENT,LOW
62,77,98,131,18,35.02837913714384,15,False,True,False,2,MEDICAL,MODERATE
47,97,88,158,21,36.59140999439605,6,True,False,False,3,ACCIDENT,CRITICAL
60,71,94,107,18,35.94247761910653,13,False,True,False,1,CARDIAC,LOW
80,66,87,118,24,37.15921851471588,15,False,True,False,4,ACCIDENT,HIGH
25,106,100,133,13,36.11064088717634,8,False,True,False,3,NEUROLOGICAL,CRITICAL
35,106,96,98,18,36.78816862344391,14,True,False,False,2,ACCIDENT,MODERATE
0,72,88,125,24,36.26015998372851,14,False,True,False,3,MEDICAL,HIGH
7,119,88,120,23,37.197184118197015,15,True,True,False,5,CARDIAC,CRITICAL
98,79,96,189,9,36.37260117421686,15,False,False,False,2,CARDIAC,MODERATE
51,86,100,122,11,37.35688007249904,14,True,True,False,5,ACCIDENT,HIGH
78,83,89,148,17,38.94858145904872,8,False,False,False,4,MEDICAL,CRITICAL
46,95,98,140,16,35.845587783437026,15,True,False,True,1,CARDIAC,MODERATE
55,90,92,91,17,37.72385521361847,15,False,False,True,3,ACCIDENT,MODERATE
85,90,99,81,22,34.547170237373116,15,False,True,False,3,ACCIDENT,HIGH
13,64,98,126,19,36.76722856268438,15,False,True,False,5,ACCIDENT,MODERATE
89,51,95,151,20,37.228904775950575,13,False,False,False,5,CARDIAC,HIGH
27,107,85,127,22,36.251987316161596,13,False,False,False,1,TRAUMA,LOW
86,74,98,121,24,35.21260717699365,15,False,True,False,3,MEDICAL,MODERATE
77,84,97,112,0,36.96196022123013,8,False,False,False,1,NEUROLOGICAL,CRITICAL
87,91,97,86,15,38.53211539648628,15,False,False,False,5,NEUROLOGICAL,HIGH
1,117,95,95,12,36.85355064331662,14,False,True,False,5,MEDICAL,HIGH
25,88,90,79,20,37.558573723933605,15,True,False,False,2,TRAUMA,MODERATE
13,77,100,92,15,38.12688064176136,15,False,True,False,5,MEDICAL,MODERATE
58,74,99,106,18,39.47147454550594,8,False,False,False,5,ACCIDENT,CRITICAL
55,84,89,139,23,35.94771236369318,15,True,False,False,1,MEDICAL,MODERATE
6,66,100,108,14,36.050889360447336,15,False,True,False,2,MEDICAL,LOW
2,85,95,126,20,36.707765462382156,15,False,False,False,2,CARDIAC,LOW
22,83,95,123,27,37.61543663835432,15,False,False,False,3,NEUROLOGICAL,LOW
17,117,94,132,22,34.679298416534316,15,False,False,False,4,NEUROLOGICAL,LOW
37,83,94,94,8,37.65375892800073,15,False,False,True,3,ACCIDENT,HIGH
98,46,100,146,16,37.14826405404809,6,False,False,False,3,ACCIDENT,CRITICAL
14,138,100,84,20,36.46605564399839,13,False,False,False,3,CARDIAC,HIGH
63,104,100,108,21,37.42550994978529,15,True,True,False,2,ACCIDENT,LOW
88,126,95,119,16,37.88964923236436,12,False,True,False,1,TRAUMA,LOW
27,61,99,139,14,38.028021775888135,15,True,False,False,5,CARDIAC,MODERATE
73,80,90,154,18,37.01476338105316,15,False,False,False,2,CARDIAC,LOW
38,98,97,139,11,37.32603299620899,15,False,True,False,5,MEDICAL,HIGH
56,95,94,155,24,37.28832181918241,15,False,False,False,5,MEDICAL,LOW
16,91,84,99,29,38.231197280646526,8,False,False,True,4,TRAUMA,CRITICAL
85,41,87,149,20,37.38121621460983,15,False,False,False,3,CARDIAC,HIGH
89,50,91,145,16,37.6452232825229,10,False,True,False,4,CARDIAC,HIGH
43,115,97,60,23,37.892660549463685,15,True,False,False,3,MEDICAL,HIGH
24,118,91,114,22,38.95856406695706,15,False,False,False,2,NEUROLOGICAL,LOW
16,82,92,135,16,36.41418514033069,13,False,False,False,5,NEUROLOGICAL,MODERATE
12,112,98,107,17,38.62570869384722,15,False,True,False,4,MEDICAL,HIGH
83,64,92,92,14,39.471099779580975,15,False,False,False,2,ACCIDENT,MODERATE
24,69,100,172,18,36.47795723425901,15,False,False,False,2,CARDIAC,MODERATE
67,62,100,122,19,36.78320985608318,15,False,False,False,3,TRAUMA,LOW
9,68,95,123,13,36.57154903891083,6,False,True,True,5,NEUROLOGICAL,CRITICAL
66,99,98,87,11,37.656888407189065,15,False,False,False,3,ACCIDENT,LOW
17,67,98,104,10,35.138323363914054,15,False,True,False,3,CARDIAC,LOW
99,129,93,97,20,36.50050187650483,8,False,True,True,2,ACCIDENT,CRITICAL
85,94,99,146,17,36.726357822907524,15,False,True,False,3,CARDIAC,MODERATE
33,106,100,132,17,36.638905643464135,15,False,True,False,1,CARDIAC,LOW
7,94,90,105,20,36.62883752947947,15,False,False,True,5,MEDICAL,HIGH
39,109,95,134,12,36.510740421728244,15,False,True,True,3,MEDICAL,HIGH
82,67,95,113,11,37.777385666486,15,False,False,True,3,TRAUMA,MODERATE
41,113,99,125,19,37.538244218900296,15,False,False,True,4,TRAUMA,HIGH
40,87,92,125,7,38.703400945048784,8,False,False,True,5,ACCIDENT,CRITICAL
5,109,92,130,16,37.77993335856593,15,False,False,False,5,MEDICAL,MODERATE
51,56,95,127,32,35.90241088889483,15,False,False,True,3,CARDIAC,LOW
25,88,100,130,9,36.829962930470785,15,False,False,False,1,MEDICAL,LOW
63,87,89,151,15,36.72376817162885,15,False,False,False,4,CARDIAC,HIGH
97,72,89,136,5,37.25523823842977,6,False,False,False,1,MEDICAL,HIGH
58,91,92,111,16,38.09324963957738,15,True,False,False,3,CARDIAC,MODERATE
55,115,93,117,29,37.18583505832877,15,False,False,False,5,ACCIDENT,MODERATE
58,71,86,150,20,37.18849182296637,15,False,False,True,5,MEDICAL,HIGH
69,104,100,122,14,37.01004188324968,15,False,False,True,1,NEUROLOGICAL,LOW
32,62,94,110,31,37.81058399007927,14,False,True,False,2,NEUROLOGICAL,LOW
52,127,93,104,7,36.43109483104411,15,False,True,False,3,CARDIAC,LOW
21,100,100,126,20,35.54299022091429,15,False,False,False,5,ACCIDENT,MODERATE
20,119,98,98,18,37.64457897621123,15,False,True,False,2,CARDIAC,MODERATE
69,98,92,152,16,37.37516714817547,15,True,False,False,5,ACCIDENT,MODERATE
69,92,95,94,22,38.32341827514798,15,False,True,False,5,TRAUMA,MODERATE
3,100,94,156,10,34.57208778278714,15,False,False,True,2,MEDICAL,LOW
93,82,100,112,19,36.899650600145215,6,True,False,False,1,ACCIDENT,CRITICAL
74,52,94,93,19,37.10671355282918,15,False,True,False,3,CARDIAC,LOW
61,93,87,124,12,35.48912204158406,6,True,False,True,2,TRAUMA,CRITICAL
61,69,85,96,29,36.91340364707966,15,False,False,True,2,CARDIAC,HIGH
93,62,100,120,16,38.18692266823544,12,True,False,False,5,NEUROLOGICAL,HIGH
94,97,91,105,17,39.086114707732094,15,True,False,False,2,NEUROLOGICAL,LOW
23,79,98,143,11,37.982406899358665,14,False,True,False,3,MEDICAL,MODERATE
54,105,95,123,17,36.6755286188399,15,False,False,False,1,MEDICAL,LOW
8,69,92,90,32,38.26151518047125,15,True,True,False,1,TRAUMA,LOW
2,75,93,105,16,37.911402616099366,14,False,False,False,1,NEUROLOGICAL,LOW
30,108,100,137,21,36.51560943185716,15,False,False,True,3,ACCIDENT,MODERATE
39,90,87,152,23,36.41820398069966,15,False,False,False,5,NEUROLOGICAL,HIGH
35,55,93,118,16,36.83149795947145,15,False,False,False,3,MEDICAL,LOW
23,90,99,93,15,35.94915097548312,15,False,False,True,2,CARDIAC,LOW
94,114,88,146,20,36.68920808894461,15,False,True,False,4,TRAUMA,MODERATE
5,75,100,137,16,37.4867529215632,15,False,False,False,4,NEUROLOGICAL,MODERATE
65,96,99,152,16,38.03850726617126,15,False,False,False,4,ACCIDENT,MODERATE
83,68,96,127,23,36.62114789932101,15,False,True,False,1,ACCIDENT,LOW
91,82,92,106,17,38.388420868580404,15,True,False,False,3,ACCIDENT,MODERATE
74,106,87,132,25,37.65010546683551,15,False,False,False,3,TRAUMA,MODERATE
3,89,98,128,17,37.69565301892637,15,True,True,False,1,ACCIDENT,LOW
78,110,100,105,10,36.08098824600892,6,False,False,False,2,ACCIDENT,HIGH
5,93,95,124,-2,38.80776022077357,15,False,False,False,4,NEUROLOGICAL,MODERATE
93,129,85,115,6,37.55336445202159,6,False,True,False,4,TRAUMA,CRITICAL
50,53,97,138,8,36.66733263710366,14,False,False,False,1,CARDIAC,LOW
61,80,99,132,19,36.49088276225662,6,False,False,False,4,CARDIAC,CRITICAL
56,63,90,93,12,36.68954785730018,10,True,False,True,5,ACCIDENT,CRITICAL
65,64,91,91,6,35.98166245512227,14,False,False,True,3,MEDICAL,MODERATE
78,64,91,117,17,37.98830054434949,15,False,False,False,4,TRAUMA,LOW
74,88,92,120,11,36.084077909729594,15,True,False,False,4,MEDICAL,MODERATE
7,89,94,139,20,37.28982483887486,15,False,True,False,5,TRAUMA,MODERATE
25,93,90,132,20,36.55008275379861,3,False,False,False,2,TRAUMA,HIGH
50,62,88,156,21,37.67079646891835,3,False,True,False,2,NEUROLOGICAL,CRITICAL
44,78,95,108,2,37.80670481626191,13,True,False,False,5,ACCIDENT,MODERATE
43,65,94,106,18,36.35609493758088,8,False,False,False,2,NEUROLOGICAL,CRITICAL
4,103,92,96,17,36.96612633424202,6,False,True,False,1,MEDICAL,CRITICAL
69,67,95,138,10,35.5566085384056,15,False,False,False,5,MEDICAL,MODERATE
25,80,87,120,5,38.70054317531381,14,False,False,False,3,CARDIAC,HIGH
67,96,96,73,17,38.068003106929844,15,False,True,False,3,NEUROLOGICAL,HIGH
18,72,92,125,24,35.60446110030245,15,False,True,False,3,NEUROLOGICAL,MODERATE
83,98,96,126,2,36.13309579465132,15,False,False,False,4,NEUROLOGICAL,LOW
96,116,96,116,13,36.86518167980166,15,False,True,True,5,CARDIAC,MODERATE
19,88,100,127,18,37.03876072006148,14,False,False,True,5,NEUROLOGICAL,MODERATE
11,103,95,89,24,36.31394869947345,15,False,False,False,2,NEUROLOGICAL,HIGH
46,43,100,161,16,35.855072002294726,8,False,False,False,5,NEUROLOGICAL,CRITICAL
0,76,93,129,29,37.39503131086616,15,False,True,False,5,NEUROLOGICAL,HIGH
89,88,93,75,7,38.73948447051869,15,False,False,True,2,MEDICAL,HIGH
13,63,94,119,5,37.05466541840461,10,False,True,False,5,ACCIDENT,HIGH
63,89,98,130,24,36.708287795818876,14,True,False,True,5,MEDICAL,CRITICAL
37,106,98,92,3,36.603160586994136,15,False,False,False,1,NEUROLOGICAL,LOW
36,47,95,133,20,35.90327634935616,15,False,False,True,2,TRAUMA,LOW
10,61,88,162,16,36.328015248509324,15,False,False,False,1,TRAUMA,HIGH
99,88,98,103,12,38.13611108036366,6,False,False,False,4,CARDIAC,CRITICAL
76,94,90,130,15,34.92914999206721,14,False,False,False,2,MEDICAL,LOW
2,99,90,125,10,37.0701033236473,15,False,True,False,5,CARDIAC,HIGH
32,87,89,144,16,37.02795466685936,15,False,False,False,5,CARDIAC,MODERATE
5,94,94,117,18,37.11839933348964,8,False,True,False,1,TRAUMA,CRITICAL
49,103,100,93,15,37.727417708423516,14,False,False,False,1,MEDICAL,LOW
9,76,90,142,14,37.06116126356898,10,False,False,True,4,ACCIDENT,HIGH
4,72,100,94,19,36.546040567678986,15,False,False,True,4,MEDICAL,HIGH
22,81,99,165,27,36.34337724181122,8,True,False,False,5,CARDIAC,CRITICAL
9,88,87,134,16,38.29834376314823,12,True,True,True,3,NEUROLOGICAL,CRITICAL
43,71,93,105,22,38.0410519775558,13,False,False,False,4,CARDIAC,LOW
1,77,89,147,12,39.87763751961129,15,False,True,False,5,MEDICAL,HIGH
12,92,98,119,9,36.7190115713174,8,True,True,False,4,TRAUMA,CRITICAL
39,88,90,114,20,36.36178699269537,14,False,True,True,2,MEDICAL,HIGH
1,81,86,102,16,37.4531668963005,8,False,False,False,1,ACCIDENT,CRITICAL
83,50,93,73,24,37.42901649186305,15,False,False,False,5,NEUROLOGICAL,HIGH
64,84,100,135,25,37.63635507888279,15,False,False,False,4,NEUROLOGICAL,LOW
62,65,94,79,23,37.84713087735636,15,False,True,False,1,CARDIAC,MODERATE
72,104,96,100,22,37.62667361210334,15,True,False,True,3,MEDICAL,HIGH
16,78,97,130,-2,38.075031605983206,15,True,False,False,4,TRAUMA,MODERATE
8,65,87,107,20,38.208005310585484,15,False,False,False,5,ACCIDENT,MODERATE
74,83,90,123,23,38.22584471653146,15,False,True,True,2,CARDIAC,MODERATE
14,110,95,89,10,34.7386620497818,10,False,False,True,1,MEDICAL,MODERATE
23,97,92,111,18,37.23238090257094,15,False,False,False,1,TRAUMA,LOW
37,89,100,124,11,36.076789811455455,15,True,True,False,2,MEDICAL,MODERATE
34,58,88,96,24,38.055447765702034,8,False,False,False,5,TRAUMA,CRITICAL
93,117,90,162,12,34.71769830490071,15,False,True,False,3,MEDICAL,MODERATE
94,72,96,104,13,38.469225277733244,15,False,False,False,2,MEDICAL,LOW
48,103,91,154,15,36.13530028563235,15,False,True,False,3,CARDIAC,HIGH
68,78,80,115,31,35.906136360018465,15,True,True,False,5,MEDICAL,CRITICAL
61,101,100,80,24,37.35624932069757,15,True,False,False,4,MEDICAL,HIGH
59,111,89,91,27,36.62672924266915,15,True,False,False,4,CARDIAC,HIGH
49,97,97,124,7,38.77938930760424,3,False,False,True,5,CARDIAC,CRITICAL
77,100,88,145,10,38.363033147127595,15,False,False,False,3,NEUROLOGICAL,MODERATE
74,83,90,164,26,36.48916529752192,15,False,False,False,2,NEUROLOGICAL,LOW
8,76,86,123,7,38.042484960205805,12,False,False,False,5,CARDIAC,HIGH
33,87,91,90,13,36.454713099697244,15,False,False,False,5,ACCIDENT,MODERATE
75,78,91,126,30,36.44608537458399,15,False,False,False,4,TRAUMA,MODERATE
98,134,94,99,12,37.71418475806293,8,False,False,False,2,CARDIAC,CRITICAL
34,65,93,129,7,38.45584109046915,15,False,False,False,4,NEUROLOGICAL,LOW
0,105,87,96,18,36.55892748218785,6,False,True,False,3,MEDICAL,CRITICAL
39,95,92,67,7,36.63507122649786,15,True,False,False,3,CARDIAC,HIGH
63,89,100,152,25,37.30120471909172,13,True,True,True,1,CARDIAC,MODERATE
21,114,100,114,12,36.1060095255304,15,False,False,False,5,NEUROLOGICAL,MODERATE
59,90,97,121,11,38.565410389826255,15,False,False,True,2,NEUROLOGICAL,LOW
63,72,98,144,18,36.09644739143837,14,False,False,False,2,ACCIDENT,MODERATE
92,90,100,166,15,36.36680623446401,3,False,True,False,4,NEUROLOGICAL,CRITICAL
71,81,97,138,19,38.76723907103953,12,False,False,False,4,NEUROLOGICAL,MODERATE
10,95,98,122,21,37.214588428888504,14,False,True,False,2,NEUROLOGICAL,LOW
13,101,87,131,16,38.94358342881961,3,True,False,False,4,MEDICAL,CRITICAL
59,67,89,112,11,36.780722479315536,15,False,False,False,1,CARDIAC,MODERATE
29,108,94,120,22,39.51951881987235,15,False,True,True,5,CARDIAC,HIGH
34,79,90,123,13,37.61564998049615,15,False,False,False,1,NEUROLOGICAL,LOW
84,93,90,100,12,36.24756404738808,13,False,True,False,3,ACCIDENT,HIGH
36,97,90,120,18,36.23216238132531,10,False,False,False,2,NEUROLOGICAL,MODERATE
4,92,87,129,6,35.54279208919891,14,False,False,False,1,ACCIDENT,MODERATE
82,82,91,132,20,35.65218505399059,6,False,True,False,1,CARDIAC,CRITICAL
77,75,96,130,19,36.34046841555064,14,False,True,False,4,ACCIDENT,MODERATE
25,79,100,86,24,36.00840156041688,15,False,False,False,4,ACCIDENT,HIGH
61,116,98,150,14,34.42206880772551,15,False,False,True,4,TRAUMA,HIGH
3,67,98,148,25,37.841520991880934,6,True,True,True,3,ACCIDENT,CRITICAL
88,70,86,117,21,37.77533772090605,15,False,True,False,1,ACCIDENT,MODERATE
41,69,95,131,17,37.308376876975785,15,True,False,False,5,MEDICAL,HIGH
88,87,94,114,28,35.86503358304724,15,False,True,True,4,CARDIAC,MODERATE
17,54,96,138,18,38.646792108755314,15,False,False,False,3,NEUROLOGICAL,LOW
39,57,93,99,14,36.82183190970343,14,False,False,False,3,TRAUMA,LOW
71,79,100,153,18,36.16676719451524,15,True,True,True,4,ACCIDENT,HIGH
38,59,95,137,14,37.23258613234332,6,False,False,False,2,MEDICAL,CRITICAL
13,60,95,138,20,37.17523917154871,15,False,False,False,1,MEDICAL,LOW
31,59,85,117,25,34.49724961676207,14,False,False,False,4,NEUROLOGICAL,MODERATE
50,68,94,84,17,36.96905462514611,13,False,False,False,5,NEUROLOGICAL,HIGH
37,99,100,142,18,37.120539025469704,14,False,False,False,1,CARDIAC,LOW
96,104,97,85,22,36.62125882595585,6,True,False,False,3,ACCIDENT,CRITICAL
22,123,84,142,25,35.678545139018816,15,False,True,False,5,MEDICAL,CRITICAL
62,122,92,100,15,35.70800539166113,15,False,False,True,1,TRAUMA,LOW
14,100,100,80,19,37.51406543081898,15,False,False,False,5,CARDIAC,HIGH
96,105,94,120,22,37.761600982940195,8,False,True,False,3,ACCIDENT,CRITICAL
24,87,96,149,19,36.55199050510277,3,False,False,False,4,NEUROLOGICAL,CRITICAL
16,95,100,95,6,37.38231773204276,15,False,False,False,5,ACCIDENT,MODERATE
96,123,94,159,23,36.542081744906156,14,True,False,True,4,NEUROLOGICAL,HIGH
65,92,98,136,21,36.14676099725687,15,False,True,False,3,ACCIDENT,MODERATE
77,108,97,123,21,37.214496886088654,15,False,False,False,3,TRAUMA,LOW
52,66,98,109,10,35.85090499774648,14,False,False,False,5,CARDIAC,MODERATE
50,71,96,110,18,38.893784089832046,15,True,False,True,5,NEUROLOGICAL,HIGH
38,91,92,130,23,35.562486287168625,15,True,False,False,3,TRAUMA,MODERATE
50,87,92,141,12,37.28382736422926,14,False,False,False,5,MEDICAL,LOW
69,72,90,105,14,37.15023933255965,12,False,False,True,5,TRAUMA,HIGH
5,133,86,99,23,37.06147568072237,15,False,True,True,5,TRAUMA,CRITICAL
66,88,100,114,13,38.48339339602343,14,True,False,False,5,TRAUMA,MODERATE
6,76,95,154,16,34.31378873245409,15,False,True,True,1,NEUROLOGICAL,MODERATE
50,88,100,89,11,37.41173210548891,15,False,False,False,3,MEDICAL,MODERATE
71,85,100,148,28,36.7266225026223,13,False,False,False,3,CARDIAC,LOW
41,88,95,121,21,37.58397579551387,15,False,True,False,2,TRAUMA,MODERATE
63,53,88,78,16,37.05468227581826,15,False,False,False,4,NEUROLOGICAL,CRITICAL
14,110,94,108,15,36.92497962025353,15,True,False,False,2,NEUROLOGICAL,MODERATE
28,111,91,135,10,35.79268533427828,8,False,True,False,5,CARDIAC,CRITICAL
32,114,85,165,17,36.326862499589446,15,False,True,False,5,ACCIDENT,CRITICAL
93,91,92,86,21,40.131509881952745,15,True,True,False,1,MEDICAL,HIGH
26,98,94,49,13,37.5931020959427,15,False,True,True,1,MEDICAL,HIGH
35,67,91,87,18,38.05259317437205,15,False,False,False,1,TRAUMA,MODERATE
28,101,91,148,15,36.64810317637684,15,True,False,False,1,ACCIDENT,MODERATE
37,90,88,75,26,36.14439063142344,15,False,True,True,1,MEDICAL,CRITICAL
56,75,95,157,14,37.77642777444799,10,True,False,False,1,TRAUMA,MODERATE
96,102,100,150,22,35.09628173085225,12,False,False,False,1,ACCIDENT,MODERATE
26,103,100,124,26,36.34926150062195,14,False,False,False,1,NEUROLOGICAL,LOW
54,86,98,104,15,36.6454245452627,15,False,True,False,1,TRAUMA,LOW
32,93,98,121,14,37.944989103368655,15,False,False,False,3,ACCIDENT,MODERATE
67,64,94,135,23,37.41371271362131,15,True,False,False,1,CARDIAC,LOW
85,109,85,131,7,36.52710027136739,15,True,False,True,4,MEDICAL,CRITICAL
65,67,93,163,20,37.368973012102344,15,True,False,False,1,TRAUMA,LOW
9,70,90,113,8,36.696848161023325,14,False,True,True,5,NEUROLOGICAL,HIGH
4,86,95,87,25,38.070037758934326,15,False,False,False,5,TRAUMA,MODERATE
73,107,100,83,16,37.236156722077084,15,False,False,False,1,MEDICAL,MODERATE
96,107,100,78,17,38.73644280476629,15,False,False,False,1,MEDICAL,MODERATE
37,84,95,124,13,36.72220567266956,15,False,False,True,5,ACCIDENT,HIGH
12,100,86,114,8,38.225395232859675,6,False,False,False,4,NEUROLOGICAL,CRITICAL
30,51,95,120,25,37.090413993695186,15,False,False,False,2,ACCIDENT,LOW
46,70,95,106,16,36.30275634910767,8,False,False,False,3,NEUROLOGICAL,CRITICAL
99,71,98,92,37,39.60157451548402,15,True,True,False,5,TRAUMA,HIGH
87,110,94,135,13,38.30970882436334,8,False,False,False,1,TRAUMA,HIGH
51,98,95,58,14,37.23432329317991,15,False,False,False,3,ACCIDENT,HIGH
55,88,91,99,12,37.76599634981039,6,False,False,False,1,CARDIAC,HIGH
14,90,93,139,16,35.917981301697004,15,False,False,False,2,MEDICAL,LOW
28,116,97,97,27,35.95318848734891,15,False,False,True,2,ACCIDENT,LOW
7,81,84,129,24,38.11409028682755,15,True,False,True,5,ACCIDENT,CRITICAL
4,58,93,99,8,37.00479737875012,15,False,False,False,3,TRAUMA,LOW
28,106,98,108,25,36.84418244479878,15,False,True,False,3,MEDICAL,HIGH
46,88,100,134,22,36.712062305039346,14,True,True,True,2,ACCIDENT,MODERATE
67,104,93,88,20,37.152067435469114,15,False,True,False,1,TRAUMA,MODERATE
75,84,100,138,13,36.74575058844871,15,False,False,True,5,TRAUMA,HIGH
44,68,100,121,14,34.96785922312857,14,False,True,True,4,ACCIDENT,HIGH
1,93,93,151,18,38.4158752668283,15,False,False,True,2,ACCIDENT,MODERATE
26,85,92,125,14,36.889439638161214,15,False,True,False,2,TRAUMA,MODERATE
94,88,94,93,25,38.83152862963803,6,False,False,False,5,ACCIDENT,HIGH
35,117,94,163,14,35.237803723825735,3,False,False,False,1,MEDICAL,HIGH
35,63,100,95,6,35.23388067740299,8,False,False,False,3,TRAUMA,CRITICAL
25,90,91,114,10,36.72458646448276,10,False,False,False,2,TRAUMA,MODERATE
42,68,100,143,10,37.97752731853963,15,True,False,False,5,ACCIDENT,MODERATE
26,33,90,73,16,35.780332778472555,3,True,False,False,5,ACCIDENT,CRITICAL
68,84,88,155,19,35.74152194467459,15,True,False,False,5,ACCIDENT,HIGH
19,85,97,91,18,37.37195233871041,15,False,False,False,3,MEDICAL,LOW
10,97,100,108,20,36.68712633338128,10,False,False,False,2,TRAUMA,LOW
73,80,95,127,16,37.544079911095245,15,False,False,False,5,CARDIAC,MODERATE
37,55,97,118,16,36.7050501967526,15,False,False,False,3,MEDICAL,LOW
5,68,100,139,28,37.38513728280498,15,True,False,False,1,MEDICAL,LOW
71,111,100,79,25,38.36613323894674,15,True,True,False,4,TRAUMA,HIGH
22,68,95,138,20,35.78245320824401,15,True,True,False,2,CARDIAC,MODERATE
46,116,92,140,23,38.18478701381613,15,False,False,False,3,TRAUMA,LOW
89,105,100,145,6,35.29585253132668,15,True,False,False,4,MEDICAL,HIGH
45,78,99,80,13,37.609336573836615,15,False,False,False,4,ACCIDENT,HIGH
11,70,97,83,15,38.41926916936304,15,False,False,True,3,TRAUMA,HIGH
89,105,93,111,13,36.47593197634727,15,False,False,False,3,TRAUMA,LOW
12,80,94,85,8,37.6445551141917,6,False,False,False,3,ACCIDENT,CRITICAL
61,54,94,74,20,36.51290684305046,15,False,False,True,5,CARDIAC,HIGH
81,96,93,110,26,37.585381134126976,8,True,False,False,1,CARDIAC,CRITICAL
88,93,91,125,17,34.74150064369045,15,False,False,False,5,TRAUMA,MODERATE
96,107,96,189,21,37.16215666408741,15,True,True,True,4,ACCIDENT,CRITICAL
59,91,91,133,17,37.39539096384346,15,True,True,True,4,TRAUMA,HIGH
42,74,95,163,15,38.34468195107311,15,False,False,False,4,ACCIDENT,LOW
75,110,84,118,23,37.92525554127982,15,False,False,False,3,MEDICAL,HIGH
99,112,92,133,9,36.838763947602494,15,False,False,False,2,ACCIDENT,MODERATE
67,89,100,116,6,37.26806479794864,15,True,False,True,5,TRAUMA,HIGH
4,86,90,187,9,35.55388357509371,15,False,False,False,2,NEUROLOGICAL,MODERATE
36,58,97,102,23,38.64407493804017,14,False,False,False,1,CARDIAC,LOW
71,72,90,106,18,37.69115939832207,3,False,True,False,1,TRAUMA,HIGH
91,100,98,139,20,35.13909923078924,15,False,False,False,5,ACCIDENT,MODERATE
30,73,93,125,28,37.24598704812816,13,False,False,True,4,ACCIDENT,HIGH
8,55,93,109,11,37.322340444477966,13,False,True,False,1,CARDIAC,LOW
50,154,95,144,25,36.22605610413714,15,False,False,False,2,TRAUMA,MODERATE
28,55,88,118,15,37.09686553562618,8,True,False,False,2,NEUROLOGICAL,CRITICAL
77,130,99,118,14,36.12551980168528,3,False,False,False,3,MEDICAL,CRITICAL
39,78,100,125,18,35.595402427293415,15,False,False,False,4,NEUROLOGICAL,LOW
40,83,93,76,19,36.38665301737595,14,False,False,False,3,MEDICAL,MODERATE
85,71,97,80,16,37.171590259139286,14,False,False,False,5,MEDICAL,HIGH
10,100,98,147,21,37.92833173337623,15,True,False,False,1,TRAUMA,LOW
22,56,94,103,18,37.069818450871516,15,False,True,False,3,MEDICAL,MODERATE
0,48,89,116,16,37.93809136893971,6,True,False,True,3,ACCIDENT,CRITICAL
45,117,100,160,15,37.64870307770405,12,False,False,False,5,MEDICAL,MODERATE
20,68,93,117,19,35.96460195416214,15,False,False,True,2,MEDICAL,MODERATE
89,99,91,114,9,37.641103037041894,15,True,False,True,2,CARDIAC,MODERATE
35,63,100,142,11,37.668743402621395,6,False,False,True,5,CARDIAC,CRITICAL
53,99,98,105,15,38.74180104743696,15,False,True,True,2,TRAUMA,MODERATE
86,118,96,150,21,37.41065436133565,14,True,False,False,5,TRAUMA,MODERATE
56,74,90,141,30,35.76532595218747,15,False,False,False,2,ACCIDENT,HIGH
0,46,99,165,17,36.44591920365978,15,False,False,False,5,CARDIAC,HIGH
62,118,100,102,7,35.14744286524054,15,True,False,True,2,NEUROLOGICAL,MODERATE
53,103,99,154,13,37.5104775188058,15,True,False,False,3,TRAUMA,MODERATE
54,75,97,133,21,38.65396754077804,15,False,False,False,3,TRAUMA,LOW
39,80,98,86,12,34.60885251015046,15,False,False,False,2,CARDIAC,MODERATE
14,62,93,55,10,38.69623034252358,14,False,False,True,5,CARDIAC,CRITICAL
20,113,93,100,21,37.49723750303936,15,False,False,True,3,ACCIDENT,MODERATE
46,74,93,127,20,35.923418345842784,13,False,False,False,1,CARDIAC,LOW
72,56,92,130,9,37.25669463949255,15,False,False,False,2,MEDICAL,LOW
52,89,93,118,12,35.95567232263568,15,False,True,False,1,NEUROLOGICAL,LOW
8,67,93,118,25,37.44041976558276,15,True,False,True,1,MEDICAL,MODERATE
73,64,93,116,23,37.06336105010855,15,False,True,True,4,MEDICAL,HIGH
51,76,93,145,10,37.32934356938147,3,True,True,False,1,MEDICAL,CRITICAL
56,86,96,84,6,36.08106068281356,14,True,False,False,1,TRAUMA,MODERATE
25,57,95,126,19,36.22667939338548,15,False,True,False,4,MEDICAL,MODERATE
40,112,95,99,16,37.50182141283897,13,True,False,False,4,TRAUMA,MODERATE
34,98,100,97,19,36.49727370606733,15,False,True,False,4,CARDIAC,MODERATE
62,77,95,149,21,37.149017808171656,15,False,False,False,5,NEUROLOGICAL,LOW
24,66,100,95,12,37.45298352970708,15,True,True,False,4,NEUROLOGICAL,MODERATE
89,83,96,116,15,36.77764414219549,12,True,True,True,5,MEDICAL,CRITICAL
74,102,92,168,12,38.15510117837175,15,False,False,False,2,NEUROLOGICAL,LOW
37,99,100,140,12,36.81444951698526,8,False,False,False,5,TRAUMA,CRITICAL
1,106,94,108,21,36.78442451292833,15,False,False,False,2,CARDIAC,LOW
6,75,83,110,18,36.36829482458717,15,False,True,False,4,MEDICAL,CRITICAL
81,26,94,89,8,38.03998202527831,3,False,False,True,4,ACCIDENT,CRITICAL
90,109,93,152,22,36.29279175997567,15,False,False,True,2,NEUROLOGICAL,LOW
33,81,100,145,15,38.25449019415357,10,False,True,False,3,NEUROLOGICAL,MODERATE
90,98,90,137,22,37.16311271136541,10,False,False,False,5,MEDICAL,HIGH
16,118,93,139,11,39.68209481364969,6,False,False,False,1,NEUROLOGICAL,HIGH
42,133,100,100,12,36.33954012643749,15,False,False,False,4,NEUROLOGICAL,MODERATE
58,72,96,81,19,38.275193904494444,15,False,False,False,5,ACCIDENT,HIGH
50,87,94,134,11,37.510241979589146,12,False,False,False,5,TRAUMA,HIGH
53,112,91,142,16,36.48624578781674,15,False,False,False,4,MEDICAL,LOW
23,68,96,160,10,37.523679656030524,15,False,False,False,2,MEDICAL,LOW
24,73,94,114,15,37.474954015430534,15,True,False,False,4,ACCIDENT,MODERATE
70,73,91,111,17,36.668061374814414,15,False,False,False,5,ACCIDENT,MODERATE
51,84,91,114,18,37.42828087900751,15,False,False,False,3,TRAUMA,LOW
69,80,90,136,15,38.16344159281421,15,True,False,False,2,CARDIAC,LOW
87,73,90,112,20,37.511354160726,15,False,False,False,4,MEDICAL,MODERATE
32,65,99,118,18,36.580814830273596,15,False,False,False,1,NEUROLOGICAL,LOW
48,101,98,140,17,36.52449761432436,15,True,True,False,4,TRAUMA,MODERATE
28,111,99,104,14,36.91259013175847,12,False,False,False,5,MEDICAL,MODERATE
62,114,95,154,24,38.112462014582164,13,False,False,False,5,TRAUMA,MODERATE
21,75,93,135,20,36.24621090940377,15,False,False,False,1,CARDIAC,LOW
25,102,93,73,11,37.392131174314144,15,True,False,False,2,MEDICAL,HIGH
27,89,100,107,21,35.437532438375,15,True,False,False,5,NEUROLOGICAL,HIGH
84,73,85,69,23,37.59461150752963,15,False,False,False,2,MEDICAL,HIGH
48,99,92,115,17,37.75177089797081,10,False,False,False,2,TRAUMA,MODERATE
70,72,90,107,17,39.02762149624907,12,True,False,False,4,CARDIAC,MODERATE
80,77,100,140,5,37.92529305371628,8,False,False,True,2,TRAUMA,CRITICAL
83,57,92,97,12,36.59879907438966,15,False,True,True,5,TRAUMA,HIGH
48,75,86,129,23,35.46542070261919,15,True,False,False,5,ACCIDENT,HIGH
19,90,96,134,13,37.51419648598801,14,False,False,True,3,TRAUMA,LOW
85,116,93,126,17,36.6727776966049,15,False,False,False,2,CARDIAC,LOW
91,77,92,148,12,37.33410239772424,15,False,False,False,3,NEUROLOGICAL,LOW
62,64,91,171,19,36.27981491979084,15,True,True,True,4,ACCIDENT,HIGH
60,114,91,122,20,36.82680377835293,15,False,False,False,3,TRAUMA,MODERATE
48,74,98,130,20,35.30001469796076,15,False,False,False,2,MEDICAL,LOW
70,50,96,97,11,35.95379390292369,15,False,False,True,5,ACCIDENT,LOW
0,87,94,94,18,35.81272977433833,14,False,True,True,4,CARDIAC,HIGH
95,78,89,145,27,37.872789839282156,3,False,False,False,2,MEDICAL,CRITICAL
12,131,94,142,22,36.172735762724784,15,False,True,False,4,CARDIAC,HIGH
93,94,96,94,18,38.37793007597472,15,False,False,False,1,MEDICAL,LOW
86,82,96,87,6,36.18255611870096,15,True,False,True,2,NEUROLOGICAL,HIGH
50,66,95,103,16,39.09593806756379,6,False,True,False,1,CARDIAC,CRITICAL
55,91,90,116,27,35.05116573341118,15,True,False,False,3,MEDICAL,LOW
82,114,82,109,25,37.42430179995219,8,True,False,False,2,CARDIAC,CRITICAL
61,91,100,124,20,37.038598032157296,15,False,False,False,1,ACCIDENT,LOW
31,68,88,142,13,35.78855848595618,10,False,False,False,5,CARDIAC,CRITICAL
29,95,85,131,18,36.449068431135004,15,True,False,False,3,CARDIAC,HIGH
28,84,95,133,22,36.73871848211363,15,False,False,False,2,MEDICAL,LOW
48,93,86,58,23,37.24980626003137,15,False,False,False,2,CARDIAC,CRITICAL
44,77,90,79,19,36.06358330113602,15,False,False,False,5,NEUROLOGICAL,HIGH
92,77,97,100,23,37.425320388555484,10,False,False,False,5,TRAUMA,HIGH
29,76,100,104,17,37.11972384999718,14,False,True,False,1,ACCIDENT,LOW
15,103,96,140,17,37.779184760641414,15,True,False,False,1,MEDICAL,LOW
39,77,92,98,15,36.137637975790206,3,False,False,False,1,CARDIAC,HIGH
18,75,94,136,20,36.59066699969724,15,True,False,True,4,CARDIAC,HIGH
17,66,85,100,24,38.44211837646348,3,False,True,False,3,CARDIAC,CRITICAL
0,94,92,89,22,36.093961507694154,15,True,False,False,2,ACCIDENT,HIGH
77,91,92,91,10,35.60752328016807,6,False,True,True,3,TRAUMA,CRITICAL
46,76,95,176,11,36.3690448369205,15,False,False,True,5,NEUROLOGICAL,MODERATE
65,70,100,99,24,35.224050301199945,15,False,False,False,3,NEUROLOGICAL,LOW
91,122,85,137,19,38.67289347749836,15,False,False,False,3,MEDICAL,MODERATE
93,47,92,81,19,36.71723666483628,15,False,False,False,1,TRAUMA,HIGH
37,94,85,155,19,36.72689461453443,15,False,False,True,5,TRAUMA,HIGH
50,110,92,128,28,37.74252695718598,15,False,False,False,3,ACCIDENT,MODERATE
62,17,90,126,15,36.27444311699053,3,True,True,False,2,CARDIAC,CRITICAL
3,100,87,130,24,36.78406963065028,3,True,False,False,1,TRAUMA,CRITICAL
0,80,99,133,19,36.248056338334955,3,True,False,False,3,CARDIAC,CRITICAL
7,90,96,140,8,35.24496908946133,3,True,False,False,5,ACCIDENT,CRITICAL
28,78,98,105,13,37.050757880485534,12,False,False,False,2,MEDICAL,LOW
54,106,92,103,14,38.02572742895843,3,False,False,True,5,MEDICAL,CRITICAL
2,92,94,121,24,37.079294953170134,8,False,False,False,5,CARDIAC,CRITICAL
31,87,100,137,25,37.91979132405,15,False,True,False,5,CARDIAC,MODERATE
9,67,94,118,20,35.90420810093309,12,True,False,False,4,TRAUMA,HIGH
73,122,99,139,14,36.24596075305723,6,False,True,False,2,ACCIDENT,CRITICAL
82,85,91,135,12,35.70570293491009,13,False,False,False,5,MEDICAL,LOW
33,130,98,114,24,37.36655754531179,15,False,False,False,4,TRAUMA,LOW
96,123,92,76,10,36.6823913700174,15,False,False,False,1,NEUROLOGICAL,MODERATE
86,49,85,107,17,36.6449414178684,10,False,False,False,4,TRAUMA,CRITICAL
54,71,94,163,32,37.66898618985155,3,False,False,False,1,CARDIAC,HIGH
91,64,92,128,14,36.52701701611305,15,False,False,True,4,NEUROLOGICAL,MODERATE
31,84,86,104,10,38.07967171338837,15,False,False,False,5,TRAUMA,HIGH
49,88,95,126,7,37.2356575879872,15,False,False,False,4,ACCIDENT,MODERATE
6,89,90,136,32,36.63385215919882,15,True,True,False,4,MEDICAL,CRITICAL
92,106,100,104,20,35.448396661401375,15,False,True,False,5,NEUROLOGICAL,MODERATE
7,114,87,150,12,37.66327427803703,14,False,False,False,1,ACCIDENT,MODERATE
64,104,88,132,16,37.282935630881525,3,False,False,True,5,TRAUMA,CRITICAL
56,73,99,92,14,37.33106847576494,14,True,False,False,2,CARDIAC,LOW
66,69,94,141,6,37.362963600302635,15,False,False,True,4,CARDIAC,HIGH
87,85,99,109,22,36.47091393127663,6,False,True,False,2,ACCIDENT,CRITICAL
86,93,96,115,18,36.84862592203237,15,False,False,False,5,CARDIAC,MODERATE
58,81,92,94,22,36.54144872975402,15,False,False,True,5,MEDICAL,MODERATE
71,58,88,135,18,38.25006448374397,15,False,False,False,3,ACCIDENT,MODERATE
53,98,100,116,18,36.724879706813354,14,False,False,False,2,ACCIDENT,LOW
66,77,88,136,4,36.38075980870006,10,False,False,False,3,CARDIAC,HIGH
50,76,97,106,23,38.31876407829571,6,False,False,False,2,ACCIDENT,CRITICAL
96,83,99,103,11,38.20997123500295,15,False,True,False,3,TRAUMA,MODERATE
91,80,94,101,13,37.236374292137604,15,False,False,True,3,NEUROLOGICAL,LOW
7,77,93,129,14,36.87013167325272,15,True,True,False,2,NEUROLOGICAL,MODERATE
33,59,90,102,5,36.620450465232324,13,False,True,False,5,CARDIAC,HIGH
34,82,97,114,14,36.956025923796126,12,False,True,True,1,MEDICAL,MODERATE
95,99,79,107,14,36.12528841679062,15,True,True,False,5,MEDICAL,CRITICAL
87,90,98,131,15,37.4833669408241,15,False,False,False,1,CARDIAC,LOW
77,103,95,76,7,38.65250296409295,3,False,True,False,2,CARDIAC,CRITICAL
31,70,93,126,23,37.562619878734864,6,False,True,True,4,ACCIDENT,CRITICAL
45,59,96,163,20,35.896763721564405,15,False,False,False,5,MEDICAL,MODERATE
15,80,88,150,12,37.45510076596802,12,True,False,True,3,NEUROLOGICAL,CRITICAL
67,72,82,104,14,37.19453856363087,14,False,False,False,5,CARDIAC,CRITICAL
36,74,97,132,23,37.446294803302976,15,True,False,False,2,NEUROLOGICAL,LOW
53,89,100,127,16,36.18043125542667,15,False,False,True,4,NEUROLOGICAL,MODERATE
84,74,86,156,10,37.00335734247795,15,False,False,False,4,MEDICAL,HIGH
13,59,89,57,17,37.883098900995336,15,False,True,False,5,NEUROLOGICAL,CRITICAL
94,73,98,147,11,35.930002109490644,14,False,False,True,5,ACCIDENT,HIGH
54,91,96,113,13,36.55087676884671,15,True,True,True,5,ACCIDENT,HIGH
47,98,100,101,17,36.7121463554191,15,False,True,False,2,MEDICAL,MODERATE
81,98,100,100,24,37.998367118870966,15,False,False,False,1,ACCIDENT,LOW
6,93,99,87,30,38.14749924657852,15,False,False,False,1,CARDIAC,MODERATE
73,81,91,104,26,35.084867745656034,13,False,False,False,3,MEDICAL,LOW
6,93,97,93,17,37.99750878632956,15,False,False,False,2,NEUROLOGICAL,LOW
32,84,100,124,31,38.178955083267425,15,False,False,False,4,CARDIAC,MODERATE
22,87,94,134,21,38.1146874277819,3,False,False,True,3,MEDICAL,CRITICAL
84,66,94,113,12,36.4703727606622,15,False,True,False,4,NEUROLOGICAL,MODERATE
18,85,95,157,18,36.770198051906206,14,False,False,False,4,NEUROLOGICAL,MODERATE
18,92,91,106,14,35.43257873576648,15,False,False,True,5,NEUROLOGICAL,HIGH
35,91,96,112,10,34.90504688513202,8,False,True,False,4,NEUROLOGICAL,CRITICAL
28,59,96,108,10,36.63848559480564,10,False,False,False,4,NEUROLOGICAL,MODERATE
59,86,100,134,17,37.076468715540294,15,False,False,False,2,MEDICAL,MODERATE
81,56,94,137,22,37.176769471987086,14,False,True,False,5,ACCIDENT,MODERATE
1,88,98,132,24,37.821139654147885,15,True,False,False,5,NEUROLOGICAL,MODERATE
0,70,94,116,10,40.061135784893345,3,False,False,False,3,CARDIAC,CRITICAL
46,119,98,86,16,36.60400933510301,15,True,True,False,5,MEDICAL,CRITICAL
68,87,93,112,20,35.94443086209044,10,False,False,False,1,TRAUMA,MODERATE
19,101,97,156,18,37.54613468058729,15,False,False,False,2,ACCIDENT,LOW
10,127,98,145,22,37.22224238695594,14,False,False,True,3,CARDIAC,LOW
1,68,89,127,15,36.425478579180655,3,False,True,False,1,NEUROLOGICAL,CRITICAL
66,93,100,110,25,37.91085217412239,8,False,False,True,4,MEDICAL,CRITICAL
86,61,94,119,17,36.188065015285325,15,False,False,True,1,MEDICAL,LOW
11,91,92,110,22,36.87143328052861,15,True,False,True,3,NEUROLOGICAL,HIGH
19,120,91,149,15,36.929082258433496,15,False,False,False,5,CARDIAC,MODERATE
4,72,96,99,18,36.052287297730494,15,False,False,True,2,MEDICAL,LOW
36,67,94,143,8,35.29029502024974,15,False,True,False,3,ACCIDENT,LOW
37,83,96,106,12,37.21895001238759,15,False,True,True,1,CARDIAC,MODERATE
93,125,96,153,16,38.36871548848902,15,False,False,False,1,NEUROLOGICAL,LOW
8,100,98,130,18,37.960901855647975,15,False,False,False,3,CARDIAC,MODERATE
97,66,100,101,34,38.02779958220411,15,False,False,False,3,CARDIAC,LOW
52,114,95,112,15,36.2010503041631,15,False,False,False,3,TRAUMA,LOW
43,51,91,137,9,37.2140695714903,15,False,False,False,5,NEUROLOGICAL,MODERATE
98,127,84,107,28,35.57584028542922,13,False,True,False,3,ACCIDENT,CRITICAL
85,102,89,120,24,37.16891501285879,15,False,False,False,4,NEUROLOGICAL,HIGH
23,120,100,107,11,38.388784507474796,15,True,True,False,2,TRAUMA,MODERATE
80,52,98,163,20,38.419837123394075,15,False,True,False,2,NEUROLOGICAL,LOW
73,88,88,168,23,39.03044866764353,15,True,False,False,4,NEUROLOGICAL,HIGH
29,82,100,156,18,37.98917802434611,14,True,False,False,1,ACCIDENT,LOW
58,64,96,116,19,37.47574905587725,15,False,True,False,1,TRAUMA,LOW
86,59,97,109,14,37.874723182402136,15,True,False,False,1,NEUROLOGICAL,MODERATE
95,95,100,100,21,37.68057415965187,8,False,True,False,1,NEUROLOGICAL,CRITICAL
80,96,100,158,15,36.192745752588465,3,False,False,False,5,MEDICAL,CRITICAL
80,110,98,143,2,35.484670019433906,15,False,True,False,4,NEUROLOGICAL,HIGH
13,74,99,144,19,37.882758719419755,15,False,False,False,2,ACCIDENT,LOW
8,82,99,113,7,39.09334826055852,15,False,False,True,4,MEDICAL,MODERATE
39,57,93,76,24,37.92397142787162,15,False,False,False,2,TRAUMA,MODERATE
65,115,96,81,11,35.11127628408944,15,False,True,False,1,CARDIAC,MODERATE
24,86,97,121,3,36.48069815596099,14,True,True,False,5,ACCIDENT,HIGH
72,99,94,106,7,36.80330723012778,15,False,False,True,3,TRAUMA,MODERATE
21,100,90,104,17,35.143956673130546,6,False,False,False,3,MEDICAL,CRITICAL
3,114,93,128,19,35.6231029582103,15,False,True,False,1,CARDIAC,MODERATE
25,68,90,145,9,36.962924505832525,15,False,False,True,1,TRAUMA,LOW
57,98,95,102,11,37.261634377702705,12,False,False,False,4,ACCIDENT,MODERATE
28,84,86,87,17,36.01398585730028,15,True,False,True,5,MEDICAL,CRITICAL
97,127,96,103,23,35.577060359456375,15,False,True,False,5,ACCIDENT,HIGH
86,68,86,93,10,38.193305879217434,15,True,False,False,4,ACCIDENT,HIGH
36,108,92,134,20,36.617471141621024,15,False,False,False,5,MEDICAL,MODERATE
74,92,97,119,7,36.760587824315465,15,False,True,False,5,NEUROLOGICAL,MODERATE
69,90,98,167,19,36.45332975751006,15,False,False,False,3,ACCIDENT,MODERATE
17,86,98,138,22,36.22882470754985,15,False,False,False,5,MEDICAL,MODERATE
84,111,96,165,21,38.302783276821046,15,False,False,False,1,ACCIDENT,LOW
41,90,89,84,23,36.120203654629584,3,False,False,False,3,NEUROLOGICAL,CRITICAL
99,54,99,38,23,37.17968349257726,15,False,True,False,1,MEDICAL,MODERATE
40,109,89,126,29,37.00870432965123,15,False,False,True,1,TRAUMA,LOW
37,105,100,123,18,35.051826221142704,3,False,True,True,4,TRAUMA,CRITICAL
33,96,98,116,29,37.24094688199932,14,False,True,False,5,TRAUMA,MODERATE
16,62,100,122,12,35.456031101524765,15,False,False,False,5,CARDIAC,MODERATE
36,65,95,91,16,37.63546010882991,15,True,False,False,5,ACCIDENT,HIGH
24,47,90,134,17,35.81358347028299,14,False,False,False,5,ACCIDENT,MODERATE
75,94,88,138,11,37.52201861059915,15,False,True,False,3,MEDICAL,HIGH
86,58,89,90,3,36.57049415526322,14,False,False,False,2,CARDIAC,MODERATE
85,50,86,111,23,36.325675252797616,3,False,True,False,1,ACCIDENT,CRITICAL
84,110,99,112,12,37.21056645731156,15,False,True,True,2,MEDICAL,HIGH
26,100,100,103,15,35.528140932282376,15,False,False,True,2,NEUROLOGICAL,MODERATE
56,78,97,90,27,36.93077934103674,14,False,False,False,2,ACCIDENT,MODERATE
30,82,94,120,21,37.782250039940244,15,False,True,False,3,ACCIDENT,MODERATE
5,36,100,126,28,38.042604431624454,15,True,True,False,2,NEUROLOGICAL,HIGH
90,103,94,104,18,36.53736908627621,15,False,True,True,3,NEUROLOGICAL,HIGH
39,71,96,92,21,36.68334769949261,14,False,False,False,4,ACCIDENT,MODERATE
97,91,94,130,16,35.508097537306874,15,False,False,False,4,NEUROLOGICAL,LOW
11,35,93,100,12,36.24928683811937,3,True,True,False,4,MEDICAL,CRITICAL
52,104,98,112,21,35.43988949309048,10,True,False,False,3,ACCIDENT,HIGH
70,69,91,109,15,37.44007359523518,15,True,True,False,3,ACCIDENT,MODERATE
9,57,91,151,21,37.842166719729406,13,True,True,False,1,TRAUMA,MODERATE
44,78,98,101,14,36.54577582818373,15,True,False,True,2,ACCIDENT,MODERATE
16,73,92,163,16,35.94176785130542,12,False,False,True,5,TRAUMA,HIGH
25,106,95,138,17,37.30819177357967,15,False,True,True,5,NEUROLOGICAL,HIGH
84,76,93,165,24,36.132034293515076,15,False,True,False,2,NEUROLOGICAL,MODERATE
91,112,94,136,15,37.671938868846595,12,False,True,False,5,MEDICAL,HIGH
61,91,91,114,25,38.93543028270356,15,True,False,False,5,TRAUMA,HIGH
45,102,91,97,12,36.11556694029858,10,False,True,False,5,ACCIDENT,HIGH
63,84,90,111,19,36.258324397109654,14,False,False,False,3,TRAUMA,MODERATE
1,110,99,157,13,35.54042929845707,15,False,False,False,3,NEUROLOGICAL,MODERATE
53,61,95,118,24,37.14610909332788,15,True,True,False,3,NEUROLOGICAL,MODERATE
64,87,99,136,13,37.078124068598136,6,True,False,False,2,MEDICAL,CRITICAL
50,77,100,125,13,36.7294407039373,15,False,True,True,4,NEUROLOGICAL,HIGH
52,112,92,126,10,37.01614704755227,14,True,False,False,5,TRAUMA,HIGH
35,114,99,127,18,35.956325017944835,13,False,False,True,1,ACCIDENT,LOW
25,85,94,132,21,35.33680032319589,6,True,False,False,3,ACCIDENT,CRITICAL
28,59,94,99,20,36.24093022390946,13,False,True,False,1,TRAUMA,LOW
20,93,100,113,17,35.0844772839269,15,True,False,False,5,MEDICAL,HIGH
10,51,97,127,14,36.1154717700713,6,False,True,False,4,ACCIDENT,CRITICAL
39,117,93,124,16,37.30972744099117,10,False,False,False,1,TRAUMA,LOW
10,75,97,108,16,37.059665185646544,13,False,False,False,5,TRAUMA,MODERATE
35,84,88,130,19,35.22621726958624,15,True,False,True,5,NEUROLOGICAL,CRITICAL
58,71,96,100,19,38.04934654559703,15,False,False,False,3,NEUROLOGICAL,LOW
38,66,87,89,28,36.805429102522474,14,False,False,True,4,MEDICAL,CRITICAL
98,99,90,127,18,35.70067639821721,15,False,False,False,5,MEDICAL,MODERATE
53,81,97,90,20,36.63564509011347,15,True,False,True,4,MEDICAL,HIGH
97,85,81,127,18,36.41698825119097,15,False,False,False,3,TRAUMA,HIGH
54,64,100,71,16,36.13226129685871,15,True,False,False,1,TRAUMA,HIGH
23,102,99,101,20,37.8125927038576,15,False,False,False,2,NEUROLOGICAL,LOW
21,104,85,111,15,35.89367502043284,15,True,True,True,2,ACCIDENT,CRITICAL
68,80,100,79,17,37.1846461585032,15,False,True,False,2,MEDICAL,MODERATE
55,110,100,110,24,35.658681809939196,12,True,False,False,4,CARDIAC,HIGH
32,82,94,149,15,36.963103906907286,15,False,False,False,2,MEDICAL,LOW
35,100,90,88,20,37.265422681247976,15,False,False,False,1,NEUROLOGICAL,MODERATE
19,52,100,111,3,37.26733828008645,15,False,True,False,5,TRAUMA,HIGH
82,92,93,162,16,37.08080613870724,15,False,False,False,4,NEUROLOGICAL,LOW
98,79,95,93,15,36.76098475026208,12,False,True,False,1,NEUROLOGICAL,MODERATE
80,88,100,154,18,35.9359058485729,14,False,False,False,4,NEUROLOGICAL,LOW
61,87,94,113,16,35.94744821065313,15,False,False,False,4,CARDIAC,MODERATE
97,87,93,122,18,37.298828801411865,15,True,True,False,4,CARDIAC,HIGH
72,97,88,152,15,35.73859116299642,8,True,False,False,3,MEDICAL,CRITICAL
25,73,91,107,20,35.50929257235096,15,False,False,False,5,TRAUMA,MODERATE
65,96,93,135,7,38.42976981591352,15,False,False,True,2,NEUROLOGICAL,LOW
72,109,88,142,18,36.740283102985046,15,False,True,False,3,ACCIDENT,HIGH
72,56,89,103,12,37.635014686071344,15,False,True,False,5,MEDICAL,HIGH
39,69,95,100,25,37.873488212885675,15,False,True,False,2,MEDICAL,LOW
16,70,85,114,12,37.05112699413143,15,False,True,False,3,NEUROLOGICAL,MODERATE
0,63,90,115,23,36.623223287140355,15,False,True,False,3,MEDICAL,MODERATE
88,75,100,93,17,36.64021478269563,15,True,True,False,1,NEUROLOGICAL,MODERATE
60,105,93,103,7,38.60803057226891,15,False,False,False,3,MEDICAL,MODERATE
42,113,92,33,12,36.44119216887204,15,False,False,True,4,TRAUMA,HIGH
41,87,93,111,23,37.17643184576697,15,False,False,False,3,MEDICAL,MODERATE
24,78,93,142,22,37.67731914659911,15,False,False,False,4,MEDICAL,LOW
38,101,97,78,10,37.250709777857416,15,False,False,True,5,ACCIDENT,CRITICAL
34,37,97,108,27,38.084383631260806,12,True,False,False,5,TRAUMA,CRITICAL
2,63,93,181,17,36.61338398633721,14,True,True,False,4,TRAUMA,HIGH
43,38,93,119,23,37.67335018940907,15,False,True,True,1,TRAUMA,MODERATE
50,63,100,153,10,35.205391258157455,15,False,False,False,1,MEDICAL,LOW
93,69,87,94,15,38.34691546387,14,False,False,True,5,CARDIAC,HIGH
97,114,94,131,20,38.1231501004817,15,False,False,False,3,MEDICAL,LOW
11,29,95,90,16,36.695574021195156,15,True,False,True,5,NEUROLOGICAL,CRITICAL
18,76,91,130,0,37.43883843675644,14,False,True,False,5,ACCIDENT,HIGH
43,97,94,141,16,37.89106496946247,6,True,False,True,4,TRAUMA,CRITICAL
58,93,90,135,6,35.962247072060826,15,False,False,False,1,NEUROLOGICAL,LOW
48,114,98,111,11,36.85547390443731,15,False,False,False,4,NEUROLOGICAL,LOW
60,88,88,126,9,35.694250022758446,8,False,False,False,5,CARDIAC,CRITICAL
16,92,100,127,24,38.13841642636038,15,False,False,False,2,TRAUMA,LOW
73,48,94,136,26,37.822760620829165,8,False,True,False,3,MEDICAL,CRITICAL
56,65,92,116,20,36.71905108385216,15,False,True,False,5,TRAUMA,HIGH
54,49,89,143,16,36.60308670084561,15,False,False,False,4,ACCIDENT,HIGH
46,96,100,155,18,36.85104343916505,15,False,False,False,2,TRAUMA,LOW
11,91,91,112,24,36.102742664924136,3,False,True,False,2,NEUROLOGICAL,CRITICAL
61,91,89,121,6,36.825962423638515,8,False,True,False,5,NEUROLOGICAL,CRITICAL
79,67,100,97,11,35.96226922201576,15,False,False,False,1,MEDICAL,LOW
87,65,90,128,24,37.89833111617884,14,False,False,True,2,MEDICAL,MODERATE
82,89,94,128,25,38.136935706554596,15,False,False,False,3,MEDICAL,LOW
7,71,99,121,21,37.9451929880128,14,False,False,False,4,ACCIDENT,LOW
94,64,95,123,11,35.80580016051392,10,False,False,False,4,TRAUMA,MODERATE
20,74,100,168,23,36.7915492217307,15,False,True,False,4,CARDIAC,MODERATE
80,71,90,47,26,37.58472909114254,15,False,True,False,5,TRAUMA,CRITICAL
86,67,93,107,22,37.76875803722091,3,False,False,False,4,MEDICAL,HIGH
79,60,94,111,3,35.16113516595223,6,False,False,False,4,ACCIDENT,CRITICAL
69,93,98,156,18,37.740489600410534,15,False,False,False,3,TRAUMA,LOW
71,116,100,131,21,35.756731791360714,15,True,False,False,1,NEUROLOGICAL,LOW
24,84,95,132,14,36.84603561936355,3,True,False,False,5,TRAUMA,CRITICAL
81,89,94,151,19,38.25748765758946,15,False,False,True,5,NEUROLOGICAL,MODERATE
88,95,87,115,14,38.12207034489675,15,False,True,False,4,TRAUMA,HIGH
11,92,95,136,12,38.32613018974781,15,False,False,True,3,TRAUMA,MODERATE
14,68,91,106,27,35.9337296286129,8,False,False,False,2,TRAUMA,CRITICAL
58,119,98,93,19,36.18070971442358,15,False,False,False,4,MEDICAL,LOW
25,69,92,164,11,36.437198957462,15,True,False,False,4,NEUROLOGICAL,MODERATE
25,97,93,129,9,36.853559421285304,15,False,False,False,5,ACCIDENT,MODERATE
46,95,87,136,12,37.21670114480657,6,False,True,True,5,CARDIAC,CRITICAL
31,45,85,92,12,38.27725495097409,13,False,False,False,4,NEUROLOGICAL,HIGH
9,77,100,132,18,36.071387866831,12,False,False,False,5,MEDICAL,HIGH
15,86,95,164,20,36.371146813457216,15,False,False,False,3,NEUROLOGICAL,LOW
70,87,97,113,20,38.42364107003673,6,True,False,False,2,ACCIDENT,CRITICAL
16,91,90,88,13,35.84095212355947,12,True,False,False,2,NEUROLOGICAL,HIGH
22,100,99,124,23,37.7268524990705,12,False,False,False,2,MEDICAL,LOW
25,84,98,94,25,36.9113522172023,3,False,False,True,4,MEDICAL,CRITICAL
84,92,90,81,16,37.38807373378643,15,False,False,False,4,CARDIAC,MODERATE
85,84,89,101,11,36.18862889697721,14,False,True,False,4,ACCIDENT,CRITICAL
6,64,91,107,18,37.707176287413866,6,False,False,False,3,CARDIAC,HIGH
13,85,94,95,30,36.345791530467295,12,False,False,False,2,TRAUMA,MODERATE
78,99,95,153,11,35.580401036544025,15,True,False,False,5,MEDICAL,HIGH
6,107,95,167,14,37.480039151210065,15,False,False,False,5,CARDIAC,LOW
8,95,100,135,18,34.4969112765104,14,False,True,False,1,MEDICAL,MODERATE
47,111,91,129,21,36.43199817988172,15,False,False,False,1,MEDICAL,LOW
71,93,89,116,6,37.29113809803527,15,True,False,False,5,TRAUMA,CRITICAL
58,102,95,97,25,37.75778014437391,8,False,False,False,2,MEDICAL,CRITICAL
86,103,86,160,25,38.22651919625155,15,False,False,False,4,CARDIAC,MODERATE
92,80,98,118,15,38.77754488347765,15,False,False,True,5,ACCIDENT,LOW
81,99,95,108,34,38.47174821971881,14,False,False,False,5,NEUROLOGICAL,LOW
94,66,93,145,25,37.19154795349893,15,False,True,True,1,CARDIAC,MODERATE
93,91,93,118,25,38.125617777332884,15,False,False,False,2,TRAUMA,MODERATE
38,96,99,144,25,37.176113117609525,15,False,False,True,5,NEUROLOGICAL,MODERATE
98,106,99,109,24,37.685905626462265,15,False,False,False,4,MEDICAL,LOW
17,101,93,145,17,36.400653584810854,15,False,True,False,4,CARDIAC,MODERATE
58,106,97,144,17,37.46207581599814,15,False,True,False,3,NEUROLOGICAL,MODERATE
16,83,99,153,12,36.526753777722604,15,False,True,False,4,CARDIAC,MODERATE
13,78,96,102,14,36.82645592747826,15,False,False,False,5,MEDICAL,MODERATE
30,79,93,117,16,37.465228896459465,15,False,True,False,5,CARDIAC,HIGH
23,90,96,168,18,39.09137907739117,6,True,False,False,4,TRAUMA,CRITICAL
98,48,89,113,27,37.394770400300196,15,False,False,False,1,NEUROLOGICAL,MODERATE
59,111,95,140,5,36.988292066487496,13,True,False,False,2,NEUROLOGICAL,MODERATE
44,85,93,177,26,36.1682237903041,15,True,False,False,5,NEUROLOGICAL,MODERATE
97,76,93,73,11,37.896201584670635,12,True,False,False,4,CARDIAC,CRITICAL
2,34,86,113,17,36.66454000309045,14,True,False,False,4,MEDICAL,HIGH
36,84,89,120,13,37.37415265898708,15,False,True,False,5,CARDIAC,HIGH
42,81,92,75,29,37.7019422588004,15,False,False,False,3,CARDIAC,HIGH
39,67,99,108,15,38.2641091085625,15,False,False,False,2,NEUROLOGICAL,LOW
89,71,96,95,21,37.84237247901965,14,False,True,True,5,MEDICAL,HIGH
54,84,99,141,21,35.776541967493436,15,False,False,False,4,ACCIDENT,LOW
86,73,100,76,11,35.28280154010738,8,False,False,False,3,MEDICAL,CRITICAL
38,96,96,167,17,37.70147171665176,15,False,False,True,5,CARDIAC,HIGH
14,70,95,137,25,37.086004395159996,15,False,False,False,2,TRAUMA,LOW
3,88,90,93,12,37.39146959287038,15,False,False,False,3,MEDICAL,LOW
92,108,100,145,22,38.719757576151096,8,True,False,True,4,NEUROLOGICAL,CRITICAL
85,84,87,134,16,36.3834119107895,15,False,False,False,1,TRAUMA,LOW
24,92,95,119,24,38.29140924312915,14,False,False,False,2,ACCIDENT,LOW
12,90,99,101,28,36.393336756070156,15,False,False,True,3,ACCIDENT,MODERATE
81,85,99,133,5,38.565268742591066,15,False,False,False,5,TRAUMA,MODERATE
32,83,89,123,9,37.75051848415755,12,True,False,False,5,ACCIDENT,CRITICAL
15,73,92,102,15,35.492871977084846,8,True,True,False,3,TRAUMA,CRITICAL
41,88,91,86,26,36.582721302824375,15,False,False,True,5,CARDIAC,CRITICAL
65,79,85,98,21,38.91566805846552,15,False,False,False,3,TRAUMA,HIGH
54,115,95,107,10,38.79019181737864,14,False,True,True,2,CARDIAC,HIGH
98,101,91,149,22,37.6042213889881,15,False,True,True,5,NEUROLOGICAL,HIGH
41,55,100,141,12,37.35423473452921,14,False,True,False,2,NEUROLOGICAL,MODERATE
33,57,98,108,23,37.23973467264145,15,False,False,True,4,ACCIDENT,MODERATE
29,82,95,109,21,37.43702765690345,15,False,False,True,4,TRAUMA,HIGH
12,77,92,144,12,36.85919954035849,10,True,True,False,4,CARDIAC,HIGH
12,81,95,126,17,38.211019259374204,15,True,False,False,4,NEUROLOGICAL,MODERATE
17,98,93,126,25,37.57784986466792,3,False,False,True,5,NEUROLOGICAL,CRITICAL
31,91,95,102,6,36.03464471446437,10,False,True,False,3,NEUROLOGICAL,HIGH
95,91,100,116,19,37.65499178786211,13,True,True,True,5,ACCIDENT,HIGH
98,113,89,120,11,37.16498418112966,15,False,False,False,5,NEUROLOGICAL,MODERATE
38,57,94,117,17,36.68753814882524,6,False,True,True,2,MEDICAL,CRITICAL
45,87,98,138,20,38.89852685335607,12,False,True,False,3,ACCIDENT,CRITICAL
28,73,92,139,30,37.10377052108076,15,True,False,False,1,TRAUMA,LOW
61,113,100,97,17,35.04316026857608,15,False,False,False,1,MEDICAL,LOW
92,40,98,107,26,36.75866212752674,15,False,False,False,3,ACCIDENT,MODERATE
61,41,91,102,12,37.99348846924892,3,False,False,False,1,ACCIDENT,CRITICAL
56,91,96,154,15,36.07352512016604,8,False,False,False,3,CARDIAC,CRITICAL
15,107,91,176,21,37.95950517064964,6,False,True,False,2,MEDICAL,CRITICAL
55,100,91,108,19,36.00231140363515,12,False,True,False,2,MEDICAL,HIGH
9,68,94,115,16,38.3366736637183,15,False,False,False,5,MEDICAL,LOW
29,115,100,141,15,36.42743316084571,15,False,False,False,1,NEUROLOGICAL,LOW
24,60,98,102,25,36.64820871185699,15,False,False,False,3,NEUROLOGICAL,LOW
83,111,94,141,16,36.57407520801933,15,False,True,False,2,TRAUMA,MODERATE
4,63,98,119,11,37.59745267621679,15,False,True,False,5,TRAUMA,MODERATE
64,77,96,76,12,38.844119551681125,6,False,True,False,1,TRAUMA,CRITICAL
93,97,89,87,22,37.01483338796472,3,False,False,False,1,NEUROLOGICAL,CRITICAL
48,55,94,111,31,36.98909584685044,15,False,True,False,1,CARDIAC,LOW
2,114,94,150,14,36.42673141396078,14,False,False,False,2,TRAUMA,LOW
44,77,98,97,30,35.37265352651662,15,True,False,False,2,ACCIDENT,LOW
13,87,92,106,17,36.526476948596354,15,False,True,False,1,NEUROLOGICAL,MODERATE
29,108,90,125,16,35.74099737706623,14,True,True,False,2,CARDIAC,LOW
67,69,94,78,12,35.11268403568126,15,False,False,False,1,ACCIDENT,MODERATE
17,106,91,127,16,36.923003687048045,6,False,True,False,4,ACCIDENT,CRITICAL
61,117,93,81,13,36.45740479162546,13,True,True,False,2,NEUROLOGICAL,CRITICAL
36,71,94,134,12,38.37657243332356,12,False,True,False,3,MEDICAL,HIGH
24,112,93,99,8,36.14439777819226,15,False,False,False,2,CARDIAC,MODERATE
47,49,99,96,28,37.67036740587352,15,False,False,False,1,NEUROLOGICAL,MODERATE
64,92,100,126,24,37.65082265241879,15,False,True,False,3,MEDICAL,LOW
52,60,99,139,19,38.33713309519958,12,False,False,False,5,NEUROLOGICAL,HIGH
78,103,86,129,17,36.81577420697288,6,False,False,False,3,NEUROLOGICAL,CRITICAL
72,102,91,125,17,38.31904243336126,15,False,False,False,3,ACCIDENT,MODERATE
14,126,94,125,13,37.56094669810008,12,True,True,False,2,NEUROLOGICAL,HIGH
48,113,85,129,11,38.13928463022286,15,False,False,False,3,MEDICAL,MODERATE
87,81,90,131,22,39.394156742500975,15,True,False,False,3,ACCIDENT,LOW
67,63,94,110,16,36.87677658707127,13,False,False,True,1,MEDICAL,MODERATE
11,96,92,136,19,37.170809523818,12,False,False,False,2,MEDICAL,MODERATE
58,83,95,100,8,36.63818391099531,15,False,False,False,1,ACCIDENT,LOW
36,116,88,147,16,38.54230963766596,15,False,False,False,2,MEDICAL,LOW
60,41,92,139,11,39.604652772901844,15,False,False,False,5,TRAUMA,HIGH
42,128,95,174,20,37.734165102053765,15,False,False,False,3,NEUROLOGICAL,LOW
69,95,95,132,23,35.38991875522113,6,False,False,False,2,ACCIDENT,CRITICAL
38,68,97,142,26,36.116890054513256,15,True,True,True,3,ACCIDENT,MODERATE
55,99,96,80,14,38.15958989814347,15,False,True,True,3,TRAUMA,CRITICAL
62,110,92,143,11,35.85564363353304,15,True,False,False,4,TRAUMA,MODERATE
45,87,95,149,15,36.39946736844706,3,False,False,False,1,TRAUMA,HIGH
87,49,91,157,13,36.364392350803996,13,False,False,False,2,TRAUMA,MODERATE
10,79,93,123,20,36.92284955962108,13,False,False,False,5,CARDIAC,MODERATE
61,105,89,111,9,37.25671016935293,15,False,True,False,4,ACCIDENT,HIGH
76,94,100,92,7,35.110568556193385,8,True,False,True,1,MEDICAL,CRITICAL
97,81,93,95,15,35.47256125308898,15,False,True,False,5,ACCIDENT,MODERATE
24,111,100,119,22,35.49642685041773,14,True,False,False,5,ACCIDENT,HIGH
70,99,96,76,11,35.61597236408607,3,True,False,False,3,ACCIDENT,CRITICAL
51,101,90,100,23,37.01600687346795,15,False,True,False,1,TRAUMA,LOW
3,76,96,122,20,37.19457805876693,15,True,True,False,4,TRAUMA,HIGH
58,74,99,121,27,38.0131842315273,15,False,True,False,2,CARDIAC,MODERATE
71,51,94,95,13,37.554929429415814,15,False,True,False,2,ACCIDENT,LOW
19,79,95,89,8,36.417742620254955,15,False,False,False,4,NEUROLOGICAL,HIGH
92,103,92,92,21,37.229928278420786,6,False,True,True,3,CARDIAC,CRITICAL
62,80,95,114,19,38.0542281755632,15,False,True,False,3,TRAUMA,MODERATE
53,93,96,173,19,36.77261731548492,14,False,True,False,5,ACCIDENT,HIGH
73,107,92,146,11,36.68958136983903,8,False,False,False,1,TRAUMA,HIGH
97,92,89,125,22,36.055042715018594,3,False,False,False,5,MEDICAL,CRITICAL
56,94,100,133,14,36.19517418491496,15,False,True,False,2,TRAUMA,LOW
89,57,98,145,19,37.68557427074087,15,True,False,False,4,TRAUMA,MODERATE
40,78,92,136,15,36.99617550924793,15,False,False,False,1,CARDIAC,LOW
2,119,96,112,20,38.95839101767284,15,False,False,True,4,MEDICAL,MODERATE
5,87,87,98,10,36.323292787727645,14,False,False,False,1,NEUROLOGICAL,MODERATE
4,122,85,116,20,37.76137316565811,15,False,True,False,2,NEUROLOGICAL,HIGH
4,70,100,145,21,37.386409150872176,15,False,False,True,2,NEUROLOGICAL,LOW
53,89,96,113,18,36.91062557862595,15,False,False,False,1,ACCIDENT,LOW
46,77,94,92,27,36.564497977148825,14,False,False,False,3,NEUROLOGICAL,LOW
86,96,96,76,19,37.60010187167805,15,False,True,False,1,ACCIDENT,HIGH
48,102,100,116,23,37.54267378535755,15,True,False,False,2,TRAUMA,MODERATE
8,97,99,94,18,37.20198845902709,15,False,False,False,4,NEUROLOGICAL,MODERATE
98,105,89,109,22,37.42563440377967,15,False,True,False,5,CARDIAC,HIGH
19,84,86,156,8,37.0364867663412,14,False,True,False,4,MEDICAL,HIGH
60,81,100,118,18,35.35881926113255,15,False,False,False,2,MEDICAL,LOW
34,49,99,101,11,37.08437350276606,10,True,False,False,4,TRAUMA,HIGH
49,97,97,127,18,36.731449590675275,15,False,False,False,3,MEDICAL,LOW
81,88,90,168,20,38.94624351739951,15,True,False,False,3,MEDICAL,MODERATE
61,83,96,116,22,37.633385633763595,15,False,False,False,1,TRAUMA,LOW
16,81,91,61,20,37.20150912819909,15,False,True,False,4,TRAUMA,HIGH
87,84,98,136,15,37.46283007322667,13,False,False,False,4,TRAUMA,MODERATE
2,80,99,128,13,35.976881870388304,15,False,False,False,2,CARDIAC,LOW
31,74,92,122,3,36.390231371110325,14,False,False,False,1,TRAUMA,LOW
98,89,100,114,18,36.665211075718446,15,False,True,False,1,TRAUMA,MODERATE
12,94,95,99,24,37.388422503640754,3,False,True,False,4,TRAUMA,CRITICAL
88,69,97,157,18,36.5652477127417,13,False,True,False,5,NEUROLOGICAL,MODERATE
72,76,88,74,17,36.49856146373059,14,False,False,True,4,NEUROLOGICAL,CRITICAL
67,80,96,112,18,35.93213633129916,15,False,False,False,4,CARDIAC,LOW
13,85,91,111,15,37.025121088551266,3,True,True,False,4,CARDIAC,CRITICAL
97,82,97,141,19,37.16556619291439,3,False,False,False,3,MEDICAL,CRITICAL
10,98,100,150,15,37.42852329574709,15,False,False,True,1,NEUROLOGICAL,LOW
55,51,96,114,12,36.30398377944803,15,False,False,False,3,CARDIAC,LOW
66,55,90,124,17,37.370775751619455,15,False,False,False,5,CARDIAC,LOW
91,88,98,126,17,35.95972562328998,15,False,True,True,2,MEDICAL,MODERATE
28,72,97,146,29,36.78093620550543,15,False,True,False,5,TRAUMA,MODERATE
8,102,100,145,13,37.30157213608546,15,False,False,True,1,ACCIDENT,LOW
66,108,96,106,17,36.7412877726193,6,False,False,False,2,MEDICAL,CRITICAL
24,89,92,130,16,35.43815554998479,15,False,True,False,5,ACCIDENT,MODERATE
97,63,98,129,15,35.5573674057685,10,False,False,False,1,MEDICAL,LOW
75,106,94,117,21,37.220894868007406,15,False,False,True,5,MEDICAL,HIGH
41,88,95,129,31,37.57965135674844,13,False,False,False,2,TRAUMA,LOW
8,55,90,120,16,37.339316788792054,15,False,True,False,2,CARDIAC,LOW
78,57,94,123,21,37.603742209237836,14,False,False,True,5,NEUROLOGICAL,MODERATE
39,115,95,86,6,36.71945751413022,15,False,False,False,3,MEDICAL,HIGH
24,112,94,97,15,37.738441910913245,15,True,False,False,5,TRAUMA,MODERATE
4,34,92,140,27,37.33606007948894,8,False,False,False,5,ACCIDENT,CRITICAL
10,57,96,89,17,36.36054323489526,15,False,False,False,5,CARDIAC,HIGH
58,107,90,131,21,37.51445371139362,15,False,False,False,3,MEDICAL,LOW
97,84,89,117,14,37.296050204134495,15,False,False,False,4,ACCIDENT,MODERATE
87,99,98,145,19,38.67249408760759,8,True,False,False,2,MEDICAL,CRITICAL
78,83,98,136,27,38.37931995348749,15,False,False,False,1,NEUROLOGICAL,LOW
37,98,88,108,11,36.90769645185389,14,True,True,True,2,NEUROLOGICAL,HIGH
71,85,85,114,31,36.58231939770973,15,True,False,False,2,CARDIAC,MODERATE
4,76,89,70,8,38.55911125308812,15,False,False,True,4,ACCIDENT,CRITICAL
47,106,94,116,15,37.55153951925518,8,False,False,False,2,NEUROLOGICAL,HIGH
89,89,100,88,12,36.82585223323125,15,False,False,False,2,TRAUMA,HIGH
17,98,94,114,16,35.01093824317119,14,True,True,False,3,CARDIAC,MODERATE
69,88,91,104,12,36.244500551632896,15,False,False,True,3,MEDICAL,MODERATE
36,75,95,98,12,36.174971923230395,15,False,False,False,3,ACCIDENT,LOW
59,117,94,149,10,36.85361937331287,15,True,False,False,3,ACCIDENT,MODERATE
47,92,88,88,21,37.61851833675465,15,True,False,False,3,TRAUMA,CRITICAL
76,77,88,95,16,37.77125322432224,14,False,False,True,1,NEUROLOGICAL,MODERATE
27,110,88,102,15,38.50003568528931,14,True,False,False,4,ACCIDENT,HIGH
68,58,100,107,19,37.931395837670216,15,True,False,False,5,TRAUMA,MODERATE
76,129,99,98,9,35.699532085179015,15,False,False,False,3,TRAUMA,MODERATE
80,81,92,111,19,38.030007579540424,15,False,False,False,4,MEDICAL,MODERATE
39,59,100,127,17,38.73332470527336,12,False,False,False,5,TRAUMA,HIGH
44,123,92,136,17,38.6838080770206,10,True,False,False,2,CARDIAC,HIGH
95,75,100,135,21,35.787136550691756,15,False,False,False,2,ACCIDENT,LOW
61,89,95,72,27,36.808903398021556,15,False,False,False,4,CARDIAC,HIGH
92,99,91,129,19,37.96097374956997,15,False,True,False,1,TRAUMA,LOW
57,108,98,131,16,35.841656966437874,3,True,True,False,1,TRAUMA,CRITICAL
66,90,95,103,10,35.27508501608085,10,False,False,False,4,CARDIAC,MODERATE
55,72,96,161,3,37.313955686770626,15,True,False,False,1,MEDICAL,LOW
39,89,96,147,18,36.3244085728933,15,True,False,True,1,TRAUMA,MODERATE
97,76,96,115,10,35.368548932985384,15,False,False,False,2,CARDIAC,LOW
39,89,99,105,2,38.229520442752545,15,True,False,False,1,CARDIAC,MODERATE
90,117,100,161,15,37.164312658117986,13,False,False,False,1,ACCIDENT,LOW
76,100,100,119,19,36.47930766545754,15,True,False,False,4,MEDICAL,HIGH
32,89,96,122,22,36.036315915807585,8,False,False,False,1,NEUROLOGICAL,CRITICAL
5,99,93,121,24,37.17456614834336,15,False,False,False,3,CARDIAC,LOW
87,101,93,177,23,37.515417198925526,15,False,True,False,3,ACCIDENT,MODERATE
18,63,88,114,23,37.32593267280345,14,True,False,True,4,NEUROLOGICAL,HIGH
79,85,98,119,9,35.48108667873112,15,False,True,False,3,ACCIDENT,MODERATE
39,136,89,99,17,37.476852064237036,6,False,False,False,2,ACCIDENT,CRITICAL
91,109,93,110,21,37.694449509346995,15,False,True,False,4,MEDICAL,HIGH
96,74,98,94,18,36.656595929297666,15,False,False,False,1,TRAUMA,LOW
58,72,93,99,17,38.03961038194892,14,False,True,False,3,MEDICAL,MODERATE
58,72,92,74,18,36.14808260705762,15,False,True,False,2,NEUROLOGICAL,MODERATE
47,102,89,142,19,38.290584786031005,15,False,False,False,4,MEDICAL,MODERATE
40,117,100,123,17,37.132315684430644,3,False,True,False,4,TRAUMA,CRITICAL
12,96,90,125,12,36.503830527983446,15,False,True,True,1,MEDICAL,MODERATE
44,88,92,118,7,36.68155150966923,15,False,False,False,5,MEDICAL,HIGH
88,76,86,121,16,37.999284883429965,8,False,True,False,3,MEDICAL,CRITICAL
52,91,94,160,18,37.23724234991538,15,False,True,False,2,CARDIAC,LOW
41,68,93,100,18,37.64506732650756,15,False,True,False,4,CARDIAC,MODERATE
99,46,95,126,23,38.07466930272541,15,False,False,False,3,MEDICAL,MODERATE
62,117,89,126,24,36.47402293406668,15,False,False,False,2,TRAUMA,LOW
26,64,98,148,17,37.12729833607936,3,False,False,False,2,TRAUMA,CRITICAL
37,78,85,130,17,36.77554403968301,15,False,False,False,4,TRAUMA,MODERATE
59,98,94,132,21,38.01705797795634,15,False,True,True,3,TRAUMA,MODERATE
6,113,95,88,20,36.61754458132944,15,False,False,False,2,ACCIDENT,LOW
4,90,95,99,15,37.047831764361874,15,False,False,True,4,MEDICAL,MODERATE
44,61,95,90,21,39.29572460114753,14,True,False,False,3,MEDICAL,HIGH
57,78,98,58,17,38.285116274233076,15,True,False,True,3,ACCIDENT,CRITICAL
30,71,100,129,17,35.96477188980458,12,True,False,False,4,TRAUMA,HIGH
22,84,94,113,20,37.90197610735802,15,True,True,False,3,NEUROLOGICAL,HIGH
41,109,90,129,16,37.68876928835664,14,False,False,False,5,NEUROLOGICAL,MODERATE
9,34,97,120,18,35.89936366216511,15,False,False,False,2,ACCIDENT,MODERATE
31,76,93,126,19,36.88994426421039,15,False,False,False,2,NEUROLOGICAL,LOW
52,75,100,153,22,36.05229693878279,14,False,False,False,3,CARDIAC,MODERATE
29,59,91,120,22,34.60739822548072,15,False,True,False,4,MEDICAL,MODERATE
38,96,90,136,19,36.85402847545725,15,False,False,False,1,NEUROLOGICAL,LOW
30,56,95,112,2,36.49390987049281,15,False,True,True,3,CARDIAC,HIGH
81,59,86,140,19,35.89909761468039,15,True,True,True,1,MEDICAL,HIGH
99,102,92,89,20,36.99041373332761,14,False,False,False,3,CARDIAC,MODERATE
1,115,93,74,21,34.879387544341235,15,True,False,True,1,MEDICAL,HIGH
77,83,96,172,12,37.04127493934304,6,False,False,False,3,MEDICAL,HIGH
76,60,90,165,5,37.01539812111114,15,False,False,True,4,NEUROLOGICAL,MODERATE
92,70,90,71,22,37.678739553220595,6,False,False,False,1,ACCIDENT,CRITICAL
11,105,100,119,10,35.39682076412879,15,True,True,False,5,NEUROLOGICAL,HIGH
38,87,94,123,25,39.13942425585832,6,False,False,False,4,TRAUMA,CRITICAL
65,82,99,138,14,38.75580222541688,15,False,False,False,3,CARDIAC,LOW
95,91,92,163,11,36.22678523183419,15,True,False,False,1,TRAUMA,MODERATE
12,84,94,93,20,38.45973885566711,6,True,False,False,2,MEDICAL,CRITICAL
45,115,96,94,21,37.85707211274252,15,False,False,False,4,NEUROLOGICAL,MODERATE
26,70,100,119,21,36.560574874213685,15,False,False,True,1,TRAUMA,MODERATE
16,67,93,95,21,36.39314699416874,12,False,False,False,4,TRAUMA,HIGH
94,57,94,52,13,36.46877541492136,15,False,False,False,1,TRAUMA,MODERATE
97,74,100,114,8,39.82636887696937,15,False,False,False,2,MEDICAL,LOW
59,63,93,141,15,38.3601194289114,15,False,False,False,5,MEDICAL,MODERATE
63,89,96,119,11,36.79722710611746,14,False,False,True,2,MEDICAL,LOW
87,85,100,135,20,36.88357759997022,15,False,False,False,3,TRAUMA,MODERATE
34,63,92,132,23,37.847448210681314,6,False,False,False,4,CARDIAC,CRITICAL
69,96,96,94,19,37.80364424848264,14,True,False,True,5,NEUROLOGICAL,MODERATE
82,115,100,121,17,36.04312382261769,13,True,False,False,4,NEUROLOGICAL,MODERATE
29,92,99,81,16,37.29753863522024,15,False,False,False,1,MEDICAL,MODERATE
70,34,96,107,23,36.44745647165665,8,False,False,False,3,TRAUMA,CRITICAL
73,124,93,121,7,37.15219978131608,15,True,False,False,3,CARDIAC,MODERATE
95,99,91,119,10,36.95198686685915,8,False,False,False,4,ACCIDENT,CRITICAL
97,124,90,87,28,38.01764447224377,15,False,False,False,3,MEDICAL,HIGH
62,106,100,92,10,36.73172307867556,12,False,True,False,4,ACCIDENT,HIGH
27,110,100,127,21,37.118317484560876,15,False,True,False,1,NEUROLOGICAL,LOW
59,89,91,140,22,35.121908166117,15,True,False,False,1,NEUROLOGICAL,MODERATE
78,79,96,114,6,37.32365292915328,15,True,False,False,4,CARDIAC,HIGH
93,92,95,113,7,36.221478272899084,15,False,False,False,2,CARDIAC,LOW
36,70,100,143,25,35.48286497015738,15,True,True,False,2,ACCIDENT,MODERATE
92,93,96,100,12,38.12911422758574,15,False,True,False,1,NEUROLOGICAL,LOW
21,32,94,163,12,36.958230632534026,15,False,False,True,5,CARDIAC,HIGH
67,85,92,86,14,34.92284088026402,14,False,True,False,2,CARDIAC,HIGH
19,111,96,146,12,36.2163764379423,15,False,False,False,4,NEUROLOGICAL,LOW
95,86,93,133,21,37.0050017514352,15,False,False,False,1,NEUROLOGICAL,LOW
99,119,96,180,10,37.03474913982781,12,False,False,False,3,TRAUMA,MODERATE
67,79,94,91,6,36.500594310989165,6,False,True,False,3,CARDIAC,CRITICAL
90,105,93,61,24,33.63470408016737,15,False,True,False,2,ACCIDENT,HIGH
63,67,90,151,11,36.44808784350651,15,False,False,True,5,MEDICAL,LOW
16,104,97,83,13,38.07103331472267,15,False,True,False,2,MEDICAL,HIGH
11,89,95,135,22,38.40239446451244,13,True,False,False,5,NEUROLOGICAL,MODERATE
21,80,100,149,18,36.3925090365764,14,True,False,False,2,ACCIDENT,MODERATE
16,33,89,129,24,38.88333410966901,14,False,True,False,3,TRAUMA,CRITICAL
9,79,98,125,23,35.38298891525185,15,False,True,True,5,CARDIAC,CRITICAL
64,89,94,130,15,36.18996848137044,10,False,True,False,3,TRAUMA,HIGH
21,101,100,140,24,37.89149612371607,15,False,False,False,4,ACCIDENT,LOW
89,116,97,134,19,37.73405520500327,15,False,True,False,4,TRAUMA,HIGH
81,125,96,89,14,36.990380921504645,15,False,False,False,1,NEUROLOGICAL,MODERATE
49,109,94,165,19,35.88087418791969,15,False,False,False,3,MEDICAL,LOW
13,73,91,121,10,35.87820197640232,14,False,False,False,3,NEUROLOGICAL,LOW
63,78,96,132,23,36.27431629874178,14,False,True,False,1,CARDIAC,LOW
46,99,88,137,22,35.92165863817995,3,False,False,False,4,NEUROLOGICAL,CRITICAL
28,95,88,148,18,37.130703150590904,15,False,False,True,4,ACCIDENT,HIGH
75,117,100,146,6,36.907732648232525,3,False,False,True,5,ACCIDENT,CRITICAL
35,134,86,123,24,35.83863816909708,14,False,False,False,5,CARDIAC,CRITICAL
98,130,93,121,20,36.64511713266613,15,False,False,False,4,CARDIAC,LOW
51,114,89,130,17,34.350563518691885,8,True,False,False,2,MEDICAL,CRITICAL
75,95,92,147,16,37.33922047932508,14,False,False,False,3,TRAUMA,MODERATE
6,111,95,92,14,37.71672560488057,15,False,False,False,5,MEDICAL,MODERATE
28,118,99,136,15,36.08818988619301,8,False,False,False,2,NEUROLOGICAL,CRITICAL
10,82,100,97,22,36.21362402313464,14,False,True,True,5,TRAUMA,HIGH
32,74,90,166,14,37.25788873796125,14,False,False,False,1,CARDIAC,LOW
5,69,92,129,16,37.10626613916957,8,False,False,False,3,ACCIDENT,CRITICAL
78,67,100,109,17,37.77311835608168,15,False,True,False,5,NEUROLOGICAL,HIGH
31,57,93,130,17,36.22332032993638,14,False,False,False,4,MEDICAL,MODERATE
50,89,90,120,14,36.33944266272776,13,True,True,True,1,CARDIAC,MODERATE
74,65,91,115,16,36.779301516543676,15,False,True,False,1,TRAUMA,LOW
57,69,93,74,20,35.93387787545464,15,False,False,False,4,TRAUMA,HIGH
86,99,93,94,12,36.75752094584611,12,True,False,False,1,ACCIDENT,HIGH
25,88,93,116,17,35.95022684173936,15,False,False,False,3,CARDIAC,LOW
97,93,94,77,29,37.417570217567366,13,False,False,False,5,CARDIAC,HIGH
45,112,94,105,17,36.064694044819596,6,False,True,False,1,NEUROLOGICAL,CRITICAL
97,102,90,107,12,37.25289274616002,15,False,False,True,3,NEUROLOGICAL,MODERATE
28,115,96,100,11,38.45661623784804,15,False,True,False,4,TRAUMA,HIGH
3,86,95,139,10,37.42822417670684,15,False,False,False,5,MEDICAL,LOW
80,117,97,97,27,37.17588605576087,15,False,False,False,4,TRAUMA,MODERATE
98,92,86,122,24,35.63635999176741,6,False,False,False,5,NEUROLOGICAL,CRITICAL
12,88,95,111,10,38.38903453281811,15,False,False,False,1,NEUROLOGICAL,LOW
38,114,85,117,19,38.11572822201905,15,False,False,False,1,NEUROLOGICAL,LOW
14,67,94,160,25,36.843654732978216,14,False,False,False,5,TRAUMA,MODERATE
28,125,98,124,17,36.61588299410787,13,False,True,False,3,CARDIAC,MODERATE
28,79,100,129,15,36.18601984531487,15,False,False,False,3,MEDICAL,MODERATE
74,60,96,100,31,38.78937694371582,13,False,True,False,3,MEDICAL,MODERATE
31,98,98,135,6,37.78396457391624,15,False,False,False,2,NEUROLOGICAL,LOW
1,77,93,134,33,36.241592208639936,12,False,False,False,3,ACCIDENT,HIGH
46,125,92,132,18,38.099269650472074,15,True,False,False,1,TRAUMA,MODERATE
77,76,100,89,25,38.33914867515754,15,False,False,False,2,CARDIAC,HIGH
83,91,99,105,10,36.978787025083285,8,False,False,False,3,NEUROLOGICAL,CRITICAL
21,56,89,155,13,36.65565264632953,15,False,True,True,1,ACCIDENT,HIGH
74,101,86,102,11,36.006916547162845,15,True,True,False,2,NEUROLOGICAL,CRITICAL
26,69,92,159,17,37.707428534222935,6,False,False,False,1,ACCIDENT,HIGH
66,98,100,106,19,36.57292426142343,14,True,False,False,5,MEDICAL,MODERATE
80,76,95,123,24,36.53157605351284,15,True,False,True,1,ACCIDENT,MODERATE
55,44,83,115,7,36.98847099035807,14,True,False,True,2,MEDICAL,CRITICAL
91,87,94,98,18,36.18199261427761,8,False,True,False,3,MEDICAL,CRITICAL
92,86,94,99,23,38.52842330130315,14,False,False,False,2,TRAUMA,LOW
20,102,82,102,24,37.967911790098064,15,False,True,False,3,ACCIDENT,CRITICAL
46,116,95,123,15,37.07655734394341,14,False,True,False,3,CARDIAC,MODERATE
79,123,89,142,15,36.14875338836336,14,True,True,False,4,CARDIAC,CRITICAL
58,102,85,122,17,36.20274169264011,10,False,False,False,5,ACCIDENT,CRITICAL
83,90,100,119,19,36.15864130332777,15,True,False,False,4,TRAUMA,MODERATE
5,56,89,150,25,35.76930277414205,14,False,True,False,2,CARDIAC,HIGH
18,89,91,121,10,37.322685953739594,15,False,False,False,4,NEUROLOGICAL,MODERATE
56,89,91,106,13,36.35756223971831,14,False,False,False,3,CARDIAC,MODERATE
68,81,95,95,10,36.300448836813864,3,True,False,False,2,TRAUMA,CRITICAL
2,97,100,151,20,36.18606309730157,15,True,False,True,4,MEDICAL,HIGH
0,107,89,111,24,38.00357859082773,15,False,True,False,1,MEDICAL,MODERATE
57,68,93,105,9,36.24142549975724,15,False,False,False,5,MEDICAL,MODERATE
37,68,95,103,18,38.269044485001615,13,False,True,False,1,TRAUMA,LOW
14,82,90,150,24,36.71230621126515,15,False,False,False,2,MEDICAL,LOW
33,72,93,105,22,35.75491921209152,14,False,False,False,4,MEDICAL,MODERATE
60,52,97,144,22,37.46926780250364,8,False,True,False,3,TRAUMA,HIGH
34,65,91,114,10,37.88727618995758,13,False,False,False,4,NEUROLOGICAL,MODERATE
63,60,93,89,22,36.1419666967056,13,True,True,False,2,CARDIAC,HIGH
24,109,92,111,16,37.063240514463764,15,False,False,False,2,TRAUMA,LOW
23,119,94,119,24,37.31846283814963,6,False,True,False,2,TRAUMA,CRITICAL
11,63,96,117,20,37.0956338522231,15,False,False,True,2,ACCIDENT,LOW
17,95,97,116,13,36.541855726235774,15,False,False,True,4,MEDICAL,MODERATE
14,102,100,111,19,37.88162036441707,15,False,True,False,1,NEUROLOGICAL,LOW
79,55,81,100,22,36.748883140597925,14,False,False,False,3,ACCIDENT,HIGH
26,88,94,120,14,36.394320126389516,8,False,False,False,3,NEUROLOGICAL,HIGH
71,135,88,133,18,35.23491709367691,15,False,False,False,5,MEDICAL,HIGH
59,98,93,83,9,35.24424210488834,10,False,False,False,2,MEDICAL,HIGH
45,80,99,152,21,37.215903870526226,10,True,False,False,2,MEDICAL,HIGH
88,73,100,27,17,36.922950087874,15,False,False,False,2,CARDIAC,MODERATE
16,44,100,121,23,37.88744501911963,12,False,True,False,1,NEUROLOGICAL,HIGH
92,94,100,131,21,38.130284341529865,15,False,False,False,2,NEUROLOGICAL,LOW
52,123,94,104,15,36.75489641143417,15,False,True,False,5,ACCIDENT,HIGH
7,68,100,66,12,37.9486498964101,8,False,False,False,5,TRAUMA,CRITICAL
78,46,100,117,11,36.43815388708223,15,False,False,True,1,MEDICAL,HIGH
26,71,95,124,14,36.85011014994768,15,True,False,False,2,MEDICAL,LOW
45,102,100,91,23,36.82151507299887,14,False,False,False,4,ACCIDENT,LOW
49,76,95,99,7,38.579062546233644,8,False,True,False,4,NEUROLOGICAL,CRITICAL
70,68,100,144,11,35.72151389305377,14,False,True,True,3,CARDIAC,HIGH
2,85,94,122,23,37.05913765614467,15,False,True,False,1,NEUROLOGICAL,MODERATE
92,89,91,82,25,36.30396492267011,15,False,False,False,4,CARDIAC,HIGH
63,57,89,131,12,36.70098502750322,12,False,False,False,3,CARDIAC,HIGH
43,80,94,96,11,36.658217428677155,15,False,False,False,5,NEUROLOGICAL,LOW
52,75,95,100,26,37.072063933544435,15,False,False,True,3,MEDICAL,HIGH
23,72,90,124,17,38.34691750280945,15,False,False,False,2,CARDIAC,LOW
59,64,93,122,12,38.90200036700738,14,False,False,False,2,ACCIDENT,LOW
2,103,92,109,24,37.656571497753156,15,False,True,False,5,ACCIDENT,HIGH
19,72,89,107,21,36.02086703331919,15,True,True,False,1,CARDIAC,HIGH
45,45,100,113,22,36.825373194434576,15,True,False,True,2,MEDICAL,HIGH
14,90,100,100,12,37.26060213059744,15,False,False,False,2,CARDIAC,LOW
24,99,100,147,20,36.59307673766483,15,False,False,False,3,ACCIDENT,LOW
93,69,94,80,25,36.72292502381374,15,False,False,False,3,ACCIDENT,HIGH
77,73,94,113,21,36.92883944605805,15,False,False,False,3,NEUROLOGICAL,MODERATE
70,72,89,83,23,37.77221217110463,15,False,False,True,4,MEDICAL,CRITICAL
16,78,97,143,26,37.530181695403385,15,False,True,False,5,NEUROLOGICAL,HIGH
83,107,95,113,20,36.38983432951225,15,False,True,False,1,TRAUMA,MODERATE
99,82,100,93,14,37.592834170633076,15,False,True,False,3,CARDIAC,LOW
8,101,100,137,23,38.72436135933422,15,False,True,False,1,NEUROLOGICAL,LOW
37,65,96,62,11,35.48705156566239,15,False,False,False,3,MEDICAL,MODERATE
47,77,94,127,16,36.562670405459315,15,True,False,False,2,CARDIAC,LOW
59,104,100,148,21,36.486644792803595,3,False,False,False,1,CARDIAC,CRITICAL
62,68,90,124,-1,37.07991664854173,15,True,False,True,4,CARDIAC,HIGH
85,105,100,107,19,35.17612482967859,6,False,True,True,3,CARDIAC,CRITICAL
1,72,89,88,19,38.36108727562513,15,False,False,False,5,CARDIAC,CRITICAL
87,78,92,147,11,37.04679176233316,15,False,False,False,2,MEDICAL,LOW
71,118,85,143,19,37.29813339720923,12,False,False,False,3,TRAUMA,HIGH
10,76,98,103,19,37.182316380233694,15,True,False,True,1,ACCIDENT,LOW
63,87,96,104,18,36.48346749804011,15,False,False,False,3,TRAUMA,LOW
76,97,92,149,25,37.69865450556657,3,False,False,False,2,ACCIDENT,CRITICAL
80,89,90,133,23,37.00523001934358,15,False,True,False,5,NEUROLOGICAL,HIGH
71,90,100,75,21,34.915335064625076,15,False,True,False,5,CARDIAC,CRITICAL
20,83,94,115,11,36.891836364810636,15,False,False,False,5,NEUROLOGICAL,HIGH
17,58,91,114,17,36.72242769144043,6,False,False,False,2,NEUROLOGICAL,HIGH
93,91,100,126,25,37.69674168688842,8,False,False,False,3,ACCIDENT,CRITICAL
63,70,91,120,16,39.7014130889897,15,False,False,False,2,MEDICAL,LOW
81,100,100,107,27,37.377685278399994,15,True,False,False,2,CARDIAC,LOW
94,112,89,124,22,39.11979854778941,10,True,True,False,3,NEUROLOGICAL,CRITICAL
37,48,93,108,28,36.31377357018853,15,True,True,False,4,TRAUMA,HIGH
31,112,97,205,11,36.37787616517068,15,True,True,False,5,CARDIAC,CRITICAL
10,76,94,123,17,36.75356608794323,14,False,False,False,1,MEDICAL,LOW
44,82,96,119,17,37.42519214037009,15,True,False,False,1,CARDIAC,LOW
88,66,92,166,21,36.359397351943116,14,True,False,False,3,NEUROLOGICAL,MODERATE
32,88,87,85,13,35.388153566564746,8,False,False,False,1,TRAUMA,CRITICAL
40,86,100,117,8,37.02305518847983,12,False,True,False,4,NEUROLOGICAL,HIGH
7,106,92,96,20,35.857006029223406,15,False,True,True,2,MEDICAL,MODERATE
10,70,96,135,15,38.115828999828885,15,False,False,False,5,ACCIDENT,HIGH
85,118,98,107,15,37.643870310370914,15,True,False,False,1,TRAUMA,MODERATE
50,98,96,134,13,36.240475246740225,15,True,True,True,1,MEDICAL,MODERATE
87,86,91,132,18,37.45579206305335,15,False,False,False,3,MEDICAL,LOW
40,81,100,139,11,36.451841437888646,15,False,False,False,3,NEUROLOGICAL,LOW
16,78,97,133,16,36.947807866421925,15,False,True,False,2,NEUROLOGICAL,LOW
