distance_km,route_distance_km,time_of_day,day_of_week,traffic_factor,average_speed_kmh,road_complexity,weather_factor,ambulance_load_factor,pickup_delay_minutes,eta_minutes
15.294334694470818,18.424813891318813,13.727901078806227,0,2.1169439932090572,77.69842953891825,1,1.0,0.5970409772052411,2.3251374911139635,31.57651356228713
38.05321510319169,45.617871560316765,19.330375903199673,0,1.250187747023142,50.68805240255705,5,1.0,0.7411263970985372,1.7084159785391109,81.09161144203429
29.4137607015505,43.01767891815747,18.243862314963817,2,2.3871083442921277,64.03522221726203,1,1.0,0.5360846330130821,1.2929494729294566,98.42836038163163
24.147010125782945,28.972028984207913,3.6935977126505684,4,2.023931216928115,44.66283161336349,2,1.2,0.3021117573490763,0.690200867081882,100.87754084482779
6.6627362974762425,8.053781651770247,3.5819872737953737,4,2.0814833120632272,41.307905841542976,1,1.0,0.5835500618936033,0.34427325956643645,26.331914294515123
6.661783553280005,9.351540650594167,6.43618482587792,2,1.1724005942018016,44.4298579080275,4,1.0,0.9498419838016484,1.8589844928870316,18.667198294582633
2.7943026806438787,3.5764166476490264,8.665793432184893,3,1.5531679602797734,44.551798627138986,3,1.2,0.46891988935162465,0.14369167039554434,9.324860384981175
34.71395775810994,48.97043251968902,9.802933953803581,0,1.850282430801787,52.650806956517215,1,1.0,0.7116768594997057,5.287197681868348,107.12314073981412
24.24404296385675,27.302343233191703,16.31273320400029,0,2.1089551509512217,52.60819219888179,5,1.0,0.9802307699971164,5.776950379027414,86.53595247940294
28.468866822943795,36.8679932569947,1.3603303719800497,2,0.9767309390510623,49.8292289529723,4,1.0,0.8469300816851415,0.2092769707322092,49.740165597532844
1.3130875246841966,1.4620513167767728,0.8321449014255933,2,2.436021037972698,28.087147095046284,3,1.2,0.6931307197749913,0.1646140266444914,9.118809739653814
38.81143916039878,43.66524747408329,9.405853510653817,3,2.313375139942745,49.76452871003187,4,1.0,0.762396839497463,0.7983719972785861,141.98306152454398
33.38148431161666,48.82292379408961,16.73192861131153,5,1.2595926038424934,30.14623402523909,2,1.0,0.9428349232153675,4.973215236879014,132.9816241374729
8.887394871791908,10.27114579784761,4.642448230955582,4,2.1986924131549643,27.56814717774591,3,1.0,0.963776893960321,0.7670158851678828,53.23200200755873
7.682086204680474,10.086335456505726,15.396107550150042,1,1.6811506691676998,75.95874304047007,5,1.0,0.9720713172897962,0.6783684206633922,15.450237350432241
7.744478139210636,9.792414316118418,6.235875310567187,5,1.5850710186554318,56.297000788862256,3,1.0,0.6630774653822697,1.82399246789159,20.156666853145317
12.51756859690174,15.508483021840348,21.266066611524394,6,1.3345379798793893,59.56940348747506,5,1.0,0.44624048487871293,0.295357293107525,23.70240415009239
21.227879049473394,30.991288325193693,21.496558662398797,4,1.7876465972737072,44.10762022000183,2,1.0,0.21983781606066993,0.6772403638540121,79.68014450510998
17.561828236363574,19.471314558281996,7.134892902751836,0,2.0408115000961162,74.53885351489185,5,1.0,0.44699320120636266,0.5165002202546194,37.60312351291909
12.003551037822655,16.391039492160505,5.519850095117772,6,1.498585938436689,58.27582937477993,4,1.0,0.9486599092620571,1.3802020003678073,29.044858987734806
24.66818934153399,36.641086801191335,9.87129532958955,5,1.8696726281140965,66.15019217141526,1,1.0,0.9008173725331506,0.26645402185299516,61.672071219387
6.010007495755652,7.9576542379270165,5.772758044323569,2,1.9888319659640163,42.11374814166283,4,1.0,0.5712936958565907,1.1934386315275047,27.362709760815733
12.039713617141118,17.755314640048624,16.13721223900089,3,2.008907088925986,77.60071284914753,4,1.0,0.5833065579345317,2.923110419486186,35.11785834999294
14.971292810100822,16.781369296081294,19.825552429158854,4,0.8883423668230065,69.22767740949891,3,1.0,0.3780283146354726,1.082846453729432,16.681883529804836
18.51476437657292,23.46778466428662,16.154211141869208,3,2.2615712696646137,71.23690778087263,2,2.0,0.5090571010634333,1.7256320234720446,94.42559673082499
31.514450475024038,37.945387450112534,19.784410733984387,6,1.5790306351005814,30.33165604554526,1,1.0,0.7430036445454556,0.11734455696244253,120.72816467522927
8.38711439525521,11.677617449078404,9.52781189297938,4,1.2461073388835646,36.25779247227317,5,1.0,0.4621876530830128,0.8940458933335526,33.871679731835705
20.812260317337657,31.06269054750132,3.7516072970126606,5,1.2109996627154587,37.13759598101463,3,1.0,0.26918548486843047,0.14955344282550867,66.37145473770993
23.900375470050676,28.742878941764975,17.710822737542212,0,1.6211239918347158,36.25455339481227,2,1.0,0.58677362094257,1.3724187391981484,79.69171094299881
2.33479130243991,3.179214900603407,8.651388123397293,1,2.3076136170972306,71.32448972625727,1,1.2,0.30280322030889517,0.4949543170022985,5.2884689066001025
24.498021650106814,28.889023853590707,16.11049980549918,3,1.4431908888604998,21.913087712515527,4,1.0,0.9768588004113401,0.5079701438676452,131.0438348441074
7.235702885648015,9.595497875951986,6.495454607562376,3,2.0745337695320236,24.56599933884646,2,1.0,0.45130592261075875,0.1198100308826326,50.128444624644786
3.069537922918541,3.9461150598358947,1.949511235360144,1,0.9645918426782717,36.43489223779422,2,1.0,0.9186984744482045,0.557112701322676,7.146495173896626
37.980978721506666,56.54616209042793,23.821963091706323,3,1.609296393656805,31.992378478966618,2,1.0,0.30299859694326187,1.059887259098788,181.02032906454968
38.6424653064451,51.91270944636915,3.7488361903343828,3,2.4858664386676503,33.9115768329709,4,1.0,0.2702881047751988,1.317987098205717,261.9633956999771
32.431695250600214,40.20889843472527,23.722103855123546,4,2.109744264746973,67.876591355198,5,1.0,0.6552110161357636,0.10348751463907147,89.83002981213613
12.532243882348142,14.357418751448362,23.454718381594734,4,1.157898430349042,53.78759563352281,3,1.2,0.8014411704729886,1.5809999122219023,25.30081769769329
4.358048503252163,5.057509759813346,19.051634493792953,1,1.6524505052864482,20.34623967757808,5,1.2,0.6100881074671382,1.0067138830331148,39.549123171319
27.5272045472302,32.76086308944185,15.826151089967942,6,1.197162098202563,45.75936594225172,1,1.0,0.30681611524473346,1.1547443364318912,50.50799138416801
17.886023502714252,21.470144094237796,13.867369206026034,0,1.4962535763462657,44.473095611021535,3,1.0,0.13410492659559647,2.6828170271941927,49.21915253779616
5.320510276368764,7.662845894800864,20.78643708906803,5,2.12614284034944,26.836716166672613,1,1.5,0.6564599390719046,0.6283418230318619,55.31674968426484
20.059487949395173,26.5685734477264,6.9465485188677105,5,2.111082185993686,60.56850731608743,4,1.0,0.2179335028289935,0.28683357831238987,63.054973951349815
1.8583465840511266,2.433237927366623,11.224349099637049,6,1.1877706424340548,62.12583130276946,5,1.0,0.4088587483290981,1.203807632053715,6.2529613461445805
36.41815588211189,41.731839736782,14.865359264796046,3,2.3677796408632625,63.25359314312586,2,1.2,0.7082062783041083,4.351231010719278,120.92019791394888
10.721809273200668,15.482891696681515,9.868571420867786,0,1.8073659107002056,63.708256733515526,3,1.0,0.1882210965246387,1.094311052828632,28.71036445990263
26.66963023198229,37.04746933236379,10.25967489816643,1,1.4458712946354249,20.003169615937807,2,1.0,0.21452633180556022,2.6749029946184306,173.20968881315332
12.812587505531733,14.440648979364813,7.926832020050026,6,1.653290487327463,77.23524823080334,1,1.0,0.15549958657666374,2.1222386335574,18.88278823260335
21.042686836523526,29.104856433338362,13.541563600428866,1,1.8286211308441642,68.85252602327978,2,1.0,0.996471216016144,1.0957465209493629,51.0454894486849
22.095056034059546,29.108364585000945,20.413788672362784,4,1.751813904137835,74.23890179535712,2,2.0,0.44836909174142314,1.5642900996054498,87.43099313644436
7.8017509932583184,8.836966411525873,4.836681072151508,3,1.626888560411503,20.938597718446047,4,1.0,0.9152156509611711,0.7830325602135201,47.231971625346624
38.79859279670006,49.79102006402477,22.426392930082592,2,1.6583857669519801,76.03152774714437,4,2.0,0.3642270745818539,1.134541674133768,150.24527708040628
31.117746522764026,40.262583656415494,16.538103689957513,1,1.0999002477274065,68.58731172128628,5,1.0,0.7778823086264461,1.061738847484687,45.86921840784699
37.61020819178547,43.86515499833934,19.758557104320722,6,2.181645937317955,70.23314857752192,1,1.0,0.297159954681141,1.8522170068441661,84.9675740340073
35.84568034189213,52.98992576699808,13.34857662312028,3,1.720992543899726,25.597243083318112,4,1.0,0.5484922386834252,0.7914016207134156,246.82171914074547
24.117049163037862,34.72831320788985,18.708400834177525,0,1.0228357648979953,64.32668173511587,4,1.0,0.8421541653662016,0.1576526947296764,39.59607643320653
36.914032283413114,50.48396037515091,0.38880953614721303,6,2.1024670726907226,77.59500137852547,5,1.0,0.8347009590055744,2.3317821346747025,102.58386255179
3.99545383105082,5.133831442266968,19.641130194708843,4,2.3851547632414967,60.712840485089636,3,1.0,0.814852645626407,1.7320741393585073,15.854947620972782
8.241323065556236,10.422852514296526,0.9633326180487964,5,2.4104217287028353,54.233684277476385,5,1.5,0.8413609717346976,4.497306653967363,52.34857715299515
2.2864779119662537,3.1105002847295773,21.3579210327087,0,1.4273301450989937,76.73778066493982,2,2.0,0.29032505317529134,0.8398036916355083,6.675681925031725
13.350548065148942,17.598328627176212,23.80710593372744,1,1.030378685053282,46.57622730406616,2,1.0,0.5339946453043478,0.12214970328624801,25.92552610748009
15.85275294273454,17.832908302016907,7.057619092242668,1,1.6812793652762108,55.95761397862872,4,1.0,0.5363843271374428,0.19451223475908758,37.24798236846558
11.218286755068888,14.639876101230952,5.047645350859048,0,0.9914356898936751,48.58029760966197,4,1.2,0.9014522386131212,2.2263208987811245,27.940318819755433
33.23513161150121,47.27901691294095,18.368720732592976,1,2.3877786114714494,75.97077328161795,5,1.0,0.36720264645948597,0.10524310799751951,106.96314544088142
14.591756404396776,18.731378614868376,6.072632182086077,6,1.1120853665037482,24.565083605930436,5,1.0,0.9383463040501434,3.5761181342928303,63.9867012407552
11.59691313265154,12.997618812543385,20.773497196132883,3,1.229701961916979,50.067182049520895,1,1.5,0.5057161626754891,0.49619777768567863,30.204829248645627
21.936495284750816,31.02942001854198,2.468222211779441,1,1.4912820957044497,61.2171464831263,2,1.0,0.7028083028596769,3.4371567910301937,48.46728458579433
6.066506886503125,7.161787483561519,3.022924713104598,4,1.4513795965505139,67.51439230533421,5,1.0,0.34199480105140095,2.227560858071974,12.833032753703089
32.18678073978457,38.73512765667556,23.499637322414774,3,2.1509269170764114,54.98111884664818,3,1.0,0.46926829614817656,3.074253766630779,103.18801705865226
3.4447504253509473,4.016174380303604,16.172133558480112,6,1.575738594936636,74.53506464728724,1,1.0,0.7388208388622264,0.3612734793946355,5.768645609792546
39.482033995720435,48.64526236215468,20.325293386294867,2,1.0903060420056727,76.5194868130323,5,1.0,0.5614724276659084,1.3583730224094466,49.32224293225079
31.003668387217967,43.48886431949909,7.783905056436432,1,1.254256822326326,23.85915339161501,4,1.0,0.9376372105195004,0.14739386869329257,156.0138117627356
8.34926942059981,10.918793352359062,16.235609988494506,1,1.6654927548187874,44.14223237248246,5,2.0,0.7634124693077297,0.3389978736959599,59.0726104202227
0.7181236263822948,0.8487880224488982,14.261803855406333,4,1.0506716596244294,21.407541303269266,4,1.0,0.6079626329595399,0.5563829878770814,3.3366469268292627
32.71072642396595,47.467582879626576,14.475602882950728,6,1.8398146485982239,39.764999442466575,4,1.0,0.8980027809869874,2.025305841060832,155.89510820198436
28.420865081980875,41.262342481433315,16.380779028905316,4,1.761770421136948,52.21209307823613,2,1.0,0.6990007499098699,0.037537360000693264,86.43531968870383
29.295783137618997,42.42707214915598,13.808620155098366,5,2.0149939378498383,74.64769583059693,2,1.5,0.6825884260783891,3.5013812007099725,110.98782403637175
30.965178694094856,37.019443506265226,10.297496863263984,6,2.394097846144925,70.79325934792416,5,2.0,0.32173419983286455,0.11015258929773078,182.77525220973584
3.424763743496569,4.385395376082314,6.622144665133124,0,2.3508327538719644,27.649983600319143,5,1.2,0.4553712689753898,0.7085861831949527,34.51906596541807
14.659396277498768,21.90107738469118,18.44595194191685,0,2.4083285507170133,25.581822484453742,3,1.0,0.7149732873436193,0.1268500342315828,134.53565495884243
5.076827851242624,7.152260412861824,5.430538320076469,0,1.2160165149402915,55.35604032540002,1,2.0,0.9026125403348421,2.1977975562061265,22.064772948063982
34.592585322085945,38.42776038898503,16.61650334770594,4,1.0236610212869028,51.92707834752696,1,1.0,0.3839927262804237,0.22852964812179732,46.92972077453209
25.12027600968854,28.287486542482387,5.599987743583839,0,1.3138703908439626,35.98265848580143,5,1.0,0.2939370597486862,3.24106733669449,77.90270419829892
13.570471981679642,17.445826280029134,15.007924078906893,6,2.3216447937027347,73.96718507323011,2,1.0,0.6343263809342702,1.133242511623941,33.87104169193238
3.0105548362979335,4.406513235134256,17.929878411096695,0,2.4524909068599303,75.64198456769321,3,1.0,0.16047738829244182,4.448468749459375,12.984600141670919
12.783801707768657,16.816844664403906,5.249133333756941,2,2.260852416819809,44.15668630040976,1,1.2,0.7430875313050046,0.5144981491321038,61.56699626019392
13.344741220056509,17.33648698039212,1.4386392206713987,0,0.9870301259168242,73.41815342681122,5,1.0,0.7328246889587328,0.908573255528607,18.483041402183986
29.31944404435353,33.488360546400635,3.143369831860178,1,2.4106275967016484,43.036933655778356,2,1.0,0.4194694278875396,1.777466353979606,119.30766664065321
25.683520118530918,34.99924214363891,14.543927214504611,5,1.519708646496336,64.20900990978201,2,1.0,0.9034098880104116,2.674913154086883,54.464860135698956
35.5449033317649,50.78802461385076,20.386713749417652,4,0.8158274942960013,48.55653305286345,2,1.0,0.5519630273852147,0.8206045852862407,53.67678067225999
19.152489543896998,23.982134584717823,1.0799237096501848,3,1.552069359271929,27.35498939043098,4,1.0,0.6811884556236432,3.3444556166953108,94.8950848792403
5.223972714562917,7.3670800445494296,17.61963021699951,5,0.878317588448295,75.67605207422129,2,1.0,0.2886206337445041,0.18832308007042237,9.467745419442883
28.673169095308303,42.60232687914918,8.191647502801251,2,1.7245924659738998,47.245795602652194,5,1.0,0.4756063016440001,1.8500237366903967,114.42097719117949
30.55100942036745,36.09621876735017,11.484680878068541,4,1.3755418466429874,64.06922241934421,3,1.0,0.8761757862427914,0.6420239266183707,53.998201678446
22.670449303995102,29.683141383706147,22.292629196293575,6,1.604839387109883,42.030428865877525,5,1.5,0.2916455928691085,0.16026823341530372,120.89248377409871
30.953203608205158,37.603659841120134,7.967316113660291,4,1.842389613263299,21.132852714574078,2,1.5,0.45151693983322194,0.733264915584599,312.81409082873637
20.004926056393433,28.34981627253547,11.168086414547666,1,2.2769618628902943,26.031821521510153,3,2.0,0.38626888998531694,3.183093034832738,329.91051977368835
21.147946760588766,28.148706937017238,0.3283779542563465,6,1.9252326800022785,49.77316876939547,1,1.2,0.23599916637830212,5.908618969332482,85.09731892158888
17.38787022516271,23.54027193709286,1.9583692801161208,5,1.5378830764129072,61.397861427581745,1,1.0,0.360746126314782,0.748345226338475,37.613931621341024
1.50405550639176,2.1345039311902316,6.206198187234817,5,2.1930273512396203,40.08411959475674,5,1.5,0.30949505521769505,3.262824062940498,18.14148501627399
4.7617113662355255,5.992081343007264,0.6684537797057857,0,2.339489633874325,61.72930755065902,3,1.0,0.9312342674151947,1.0689672952347247,15.987663431660401
1.741452834626003,2.5530325955148228,15.153007825158024,6,1.0035919429347353,61.918135365917365,5,1.2,0.7669709240885163,1.8935422790586016,3.9622979799058866
25.638211244919326,33.6683950486499,10.23356056323894,1,1.7042860618397455,62.23615443966985,3,1.0,0.3844914236045419,0.06964940699825539,60.8982604984564
12.917061252514904,15.024892226444125,13.155484865472529,0,1.2836703315621552,49.55131124123051,3,1.2,0.7870051479184388,1.2223349740769485,32.93616493892951
20.58854230100576,28.378415903766733,4.191532461511909,0,0.8800040363908106,74.89316900729024,5,1.0,0.11992595773048426,0.10911724943160028,23.3136904248171
36.34887572008068,51.51742658833813,7.102368706478787,4,1.9365293816937752,49.35179107883694,3,1.0,0.573872239694026,0.469228987862223,133.25405241631856
10.34704305138056,12.692766040376696,15.931787396465403,5,2.2667103216806836,47.015911609798295,2,1.0,0.3253011073612058,1.2548832514116266,37.484568481198814
16.710125459907374,24.11056717632985,23.167265367129595,0,1.07693451261157,31.96284914063762,3,1.0,0.20288986462766276,2.4688709714482076,54.617717313057575
30.344269972450423,44.3771991922264,1.2100025664530207,2,2.181103217960631,38.45930524138019,3,2.0,0.8953826755046397,1.2345204390150528,334.10783426616416
9.537527536919088,11.547673959995922,21.369223700526387,2,2.2507727470128005,22.5400695510982,5,1.0,0.27940648083631536,4.127804269528248,88.47467078308037
3.540706438237323,5.287721406296032,13.845148831469004,5,2.354378752533022,58.012117616970215,1,1.0,0.8401519836516541,2.4937241697047643,17.022253276365195
11.945182390093837,13.812030575875713,13.53406960213497,2,1.2509846514462892,34.91214463562557,4,1.5,0.47190040974259406,0.25483103726001616,54.89274480671663
6.868240846533174,8.110061837331164,12.006684844986248,4,2.336720210822812,38.249315269127905,3,1.0,0.11286169303663031,0.7388855657343552,35.67138609461391
37.22305726753164,43.68832769070835,1.6654580617004013,1,1.3451266830519348,66.24887129985927,4,1.0,0.7592795463709228,1.656125265695308,62.63482919388231
32.42075499279447,47.25635903377174,2.157044441667856,3,1.7389746228743548,39.63327098968723,3,1.0,0.6367237823974311,4.180786993457927,139.62497588245685
25.519448382161727,34.75026722673378,14.421888135818065,0,0.8858627004148797,34.53175352078853,5,1.0,0.40975469485103744,6.599170487094609,70.400673606423
34.92269331241485,40.53971913744679,8.1830057144534,3,0.8745978502268642,30.143464948022345,5,1.5,0.3533913405336371,2.1607231582436217,128.3679111315915
32.24504703751502,41.148851476069254,22.014433597864336,1,2.024634461644745,66.49150413091735,3,1.2,0.16632212713339126,1.2791618146378527,100.76264205178003
7.869517325998416,10.593308446174024,9.758172896627334,1,1.5556159625622448,27.782375479401615,5,2.0,0.947283035351745,2.119633363733067,88.86966700030248
35.756080440354125,40.52542789909391,3.438755008863386,4,1.23569703812767,47.225225615021216,5,1.0,0.5445863962228771,0.47873107957444616,77.54645108314888
21.804018555668204,31.680509559466607,17.153252004048866,2,1.1237029432423473,50.41580696463166,3,1.0,0.17697206581849723,0.5002812516900808,49.46796692932235
32.39388612898047,46.0460113098542,7.040482114584236,2,1.9389209344606708,61.24339476114287,1,1.0,0.8818117459700234,1.5934900274623467,89.65375455405288
35.895606346977985,46.739048368929325,12.611287376541437,1,0.8006826248430778,57.99700893997973,3,1.2,0.3509498555360351,3.0816619200410207,52.272848734994476
13.061137261388623,19.41996037594437,16.74798685212408,4,2.1700149876346524,68.64324037671048,1,1.0,0.2832424441611894,5.250341422670272,41.2306817881571
4.847051018843232,6.141719632818884,21.606338668849688,4,0.934724330420879,22.68508603557429,5,1.0,0.3528436945079969,0.6263094205247689,19.45089496615884
9.503438920406696,14.194755735609487,19.012588675240227,5,1.125532345343803,37.78644348676383,1,1.0,0.6081143127464002,2.38852921950931,28.10040452588941
17.370757650737126,23.74874398753021,16.232665628945377,6,1.4566018720084524,36.80804712652278,5,1.0,0.16665083604733286,2.8610666779081297,72.48955832778923
32.81158325393848,44.42256930783426,16.311196377483448,0,1.6242598575173761,28.761014335526493,1,1.2,0.5335812182104088,1.4639545916068688,182.10351390151348
34.49885803862556,40.238845591937825,22.702191456770077,6,1.4034916968837012,37.35069523138659,1,1.0,0.9061691006118813,0.6406274480678168,91.09704247615485
0.7746091559820327,1.1253297981792305,7.099778339916865,2,1.3452106804732997,38.58591884857421,3,1.0,0.26935443626151145,1.4477825784961758,1.6761255353298408
20.674518451813846,26.277227673345195,0.02669026070849778,1,2.43865722052442,51.3130677156487,1,1.0,0.3980698949370195,1.317224547401703,75.03676788238089
16.98773462437677,19.788899304671084,6.526909425556768,5,1.8906854581137702,59.82226873557536,5,1.5,0.4565097685464875,1.3991085465083954,69.40860323160989
9.273258513593845,10.247349481733435,5.229393111041856,3,0.83983602412456,42.86603081670884,3,1.0,0.6275986403745206,1.4484586695156905,15.013575044420033
5.234682009680471,6.930207413431813,15.884030042735956,2,1.5312990443553325,63.168213878802874,1,1.0,0.9273288218736804,2.8165466436437807,13.788838461288947
13.835799270443305,18.138177320286434,15.209078394372696,0,2.2875147895647494,40.1699203147748,3,1.0,0.455085287418183,0.2796416876551632,69.12664576836697
37.74493330454451,52.38020843448152,14.24307318491337,4,1.3124755168981355,37.41702063888562,4,1.0,0.16223755660998726,0.6866240053679789,127.29294145723202
13.266515814819831,19.317416412154365,0.3898426370268888,1,0.96074578611646,52.47128335142146,3,1.5,0.41315577528789316,1.3228402162653607,34.83666106187443
20.99222955886296,23.75822101607396,17.490673306815538,2,2.0892541117028602,21.422981618347436,4,1.0,0.27107687133986036,0.49970495995587183,160.37328155809794
28.269248876359526,39.36771629904157,7.764729899651797,3,1.8302235142913381,24.78734741804002,4,1.5,0.686597030937193,5.735545882186894,306.5223874668683
14.863369293982112,17.46393539747052,15.961343736159147,0,1.7695312633050566,45.07817261519162,3,1.0,0.12633589825059896,0.45805693145489873,47.761560104823005
38.88539226747795,56.12215203301158,13.35788228405168,0,0.8910801513325936,76.57476268350538,5,1.5,0.3627369739657661,0.9512674384142532,73.47603196367145
38.51666815021339,54.98737398817757,8.225542210269772,5,1.0388483166523794,63.29070679060542,5,1.2,0.590656156509358,3.1478147816091258,80.4106667228067
10.445400685101884,13.749463737142003,3.229830410498586,2,1.8583339735622935,25.287594170033465,5,1.0,0.3496007854445988,0.12517621481565738,71.94254674552737
20.141315982749227,27.877537433641844,2.266053543851543,3,1.153300530480021,70.77908076685242,2,1.0,0.5958957550107288,2.577941978027758,29.164970933213244
12.384693237762402,15.18041444995329,19.956439994693365,0,1.6569191355723214,63.93804623649086,4,1.0,0.20324108996846488,1.269476802515804,28.166196462734234
11.751199527909971,15.14103467730322,22.041541009957392,1,1.726298866249969,56.65679154215919,3,1.0,0.9485249391906603,0.04847806399206304,29.78549869246021
1.9570344205040455,2.795926538544672,15.59491312234319,0,1.281962223460597,69.21757763655064,5,1.0,0.3618161265968981,3.4982200237457954,11.13756342886278
24.577791192205925,31.55065995861473,2.482418756651601,3,2.412322764420538,44.24659086457743,5,1.0,0.930700755450895,0.059978571849348954,122.23706184736942
20.355821417540028,25.304714596282153,9.648653205317778,4,2.232188981620478,33.290063051231165,3,1.2,0.39325189555373086,1.086083330071792,135.55653250332654
2.5334106743745792,3.2875689775211145,17.494540802523773,4,2.0280349629757577,50.72140334652556,4,1.0,0.803656172055689,0.07541110995324748,8.18113788696001
11.506535337346152,16.46930058760052,18.715701216241634,5,0.9325895728959954,52.93050533560843,3,1.2,0.3215686217151277,0.11079293193273362,23.12956148116599
36.37650249568282,44.891631293954916,2.8372469349861262,2,0.9804210328253331,52.29958232059472,2,1.0,0.702792012150641,3.273265781425109,55.79080467429892
9.962694681345411,11.651417629382186,0.0007372522891779809,3,1.6377282879704247,53.90442748880632,2,1.0,0.39134459244049047,2.17753337338384,25.696415330275624
6.223347447603312,8.618126446796978,17.09128910113452,5,1.0732126936246758,76.92229509435086,3,1.5,0.5582432162886929,0.3289909634924891,12.893158564327923
19.83338403096374,28.36949967159949,8.558308223668934,6,2.4630512880001056,74.13473738577389,4,1.0,0.7064327311873126,1.4532244404749395,67.6561194244687
39.43319293736873,44.96389507404512,6.107551958838246,0,1.0694843978465962,72.54302219353636,5,1.0,0.6299942546826646,2.3747751590395896,48.974989115018225
10.061183224704266,12.032668506895064,0.30953927494861055,6,1.628695320288756,68.08500865451762,2,1.2,0.6186525339553248,3.3053405677563905,26.684957170363447
27.049354122532204,31.290389785395682,12.967185762275992,0,1.4190057966305591,76.60568643591712,2,1.5,0.15911275209185557,0.9475333294162501,54.99790900102997
30.583974805484345,37.89894483227824,20.42761765022356,4,1.8869569164719666,25.909678500764194,4,1.0,0.32416914895443266,3.416836926477865,191.75535813573538
9.886682987699787,12.656342231125002,22.98315951054211,5,1.0193618951120225,35.907395686744366,2,1.0,0.6146553608708875,1.0634578179927034,23.426286656862015
29.264545770168453,40.956625391973404,13.577878814718941,4,1.5315379276720646,49.703356739275094,2,1.0,0.11648548649415255,1.748224894243785,81.42552672775794
15.027433742410503,20.444207991987543,12.34707186575746,1,1.2669985557721442,70.79206958740431,4,1.0,0.3255798296043817,5.796947830996799,29.169400509882607
25.476080308446388,34.35121875964666,2.0413532517417865,6,2.30917759194187,50.30994269136395,3,1.0,0.30626671548807705,0.403686582987017,105.77546404693368
25.52442357505534,31.674532890361807,13.172947237022395,6,0.8689957106289817,64.88208436049533,5,1.0,0.32487049914475097,0.2768243524022972,29.604762433103385
21.66310002095296,31.120755024992768,9.11949789516947,4,2.353336739810981,28.337594314934975,5,1.0,0.5820485496099883,0.627868436182405,185.42865428522705
4.066445917149128,5.239676019932459,14.571246741205847,1,2.216090035540101,35.14482877859361,2,1.5,0.6237643186172732,0.2694061196189544,31.49145216617587
33.494448575774896,49.96172543200672,9.32943234903712,0,1.3058702179493862,63.906565702260345,5,1.2,0.9180981949355301,0.5014537802192046,89.99494914171002
13.170812566383566,17.828760720597458,5.767178962808802,5,2.141794112951078,29.884040533263445,3,1.0,0.4474279441235973,2.0379331323151666,84.54835275415759
7.8674811607942425,9.05158346708618,2.279166605481036,1,0.8530630525758709,41.0813560792956,2,1.0,0.9339210254288133,0.9737644469467706,14.2260637626079
2.1106180914131745,2.8925409387641183,7.5580426701334975,5,2.443671435498769,35.89197546881429,5,1.0,0.6867589104857532,0.7051045539305638,11.64544191959063
23.84027125593555,29.32452554724333,2.3194760229060547,6,1.695211402402642,40.99170165334871,1,1.0,0.9213943563105002,0.690018179218966,73.94894736202954
27.263792292770155,37.47492437617876,4.245526819775614,5,1.3155777443112568,62.49944294467822,1,1.0,0.8501248915120435,0.3244939347670136,45.959503944279135
1.155219242650318,1.3029214846903392,23.696067805909102,6,1.4163914614109512,42.07083086856806,1,1.0,0.7188241990669187,0.8897123920457164,2.3238005393743038
20.727675802821597,24.250397676589678,10.658485365758846,1,0.9128891008828456,53.31579935647641,1,1.0,0.4204953095670635,1.4697868221715238,28.989972860004745
9.446583120318548,13.624758690513229,12.764922396120397,6,2.4818941738714666,25.99591262326458,1,1.5,0.31699940291669665,0.22476093263634567,115.8135686316621
25.98432522117327,30.94400074061103,20.96684468969317,2,0.8667963067561772,68.30106159407767,2,1.2,0.30015229196082904,5.407516898516684,35.01162422055555
7.387473945697162,10.599669141950582,23.893653611776507,6,1.9133421093513603,42.19331753888749,4,1.2,0.9569564537106531,0.8785424573801345,39.07742464374379
27.792040655047405,33.675905682275186,13.985146784272356,4,1.5526510771009792,58.912049542000545,4,1.0,0.9627164588164223,4.433640362664791,66.82783676044632
15.776046178871228,21.410504677017194,19.49937170506012,1,2.4131575709208155,63.52337609970996,2,1.0,0.7523482361718781,0.21694731793069472,52.07159346422094
37.500834555101015,51.66340833601938,7.846584584080206,0,1.218199558521552,32.579655326702024,2,1.0,0.8954163856688295,2.186466139270527,124.71256379225264
5.932077293766733,7.74172807141275,7.3378549787349865,5,1.7045476006946192,73.080499097201,3,1.2,0.9270965467711545,1.442081410972916,17.439527592760655
13.972120866485211,17.07566802378778,9.664889303869444,3,1.62000555459068,56.973455096417176,4,1.0,0.560400576867381,2.5727320668579345,35.56801782277045
4.982204089003268,5.904199570487445,16.14017430416758,1,1.9948729548851722,45.72350850508889,1,1.0,0.666153721562655,1.3769804656094706,18.44441671730823
37.02539792200323,41.219477337982866,16.37260054212237,4,0.9156173943191149,30.940111014693173,2,1.0,0.47687904812819315,4.938647651240719,84.0219717425375
35.15490445854875,42.944477582858575,7.5657464315868195,6,1.1294415210397033,76.5380562740724,1,1.0,0.4766416878567368,1.4789911757032634,39.92852919789362
10.688694294748647,14.550146681301046,3.1970381792790885,5,1.1647601941578447,65.3040922478975,4,1.0,0.13458602678015316,2.3029164996904203,18.550068510560777
26.569369818350072,39.1983738896641,15.177510155172206,2,2.0548562832308725,32.481473763994934,5,1.0,0.49043931443632494,3.1504680041698907,179.88744819954078
32.78027690794803,47.48163426755416,3.0798206925303484,0,1.121535783755458,40.262646483453466,5,1.0,0.706140830361865,1.8807084917206098,97.77306367536553
22.430432058178763,31.54674083289224,13.883820197503923,2,1.7749359986146604,68.5804554852844,2,1.0,0.4797839494959141,1.1142520890573078,50.89107197776513
21.421197845062256,30.31911224166553,16.642131073351415,3,1.1659144948516214,61.74065979292034,3,1.0,0.8851687091892608,0.4778658330643918,36.250939878471435
10.053165490567842,13.732563352974013,16.81467591346684,1,2.2647624151427634,65.94705756294346,1,1.0,0.3993066571663164,2.891292639928678,32.513234101695154
4.177559328333019,5.030260777113258,18.083330655830324,5,2.4017152726323854,46.47206613277594,2,1.2,0.21941384190476454,0.9825586658487924,19.947949572149685
35.94002243915641,52.575868587175535,20.948626117575948,1,1.6814380574018086,62.98857575853001,3,1.0,0.8304028216561534,1.4541742780868745,97.71280785919573
36.066513257951556,49.349554911702015,11.999015807154922,4,1.3989251031556031,43.18962337183483,1,1.0,0.7065531264957328,0.1238118636768746,95.04444344506095
25.507507562294084,33.77643577170367,17.525980548709708,1,1.1978982175297486,32.67577501629179,4,1.0,0.31763753408852363,1.0317957126550032,85.72491015532914
13.891676746423677,15.897576352494374,14.860145648780081,0,0.8846277025891744,57.9606220904816,5,2.0,0.5828061304380097,1.796775596943667,37.27543290565755
14.293778197200105,18.279201130919205,4.4793585551443815,3,1.2564501295357422,78.56083553592765,3,1.0,0.4616671047344132,1.3158643411210111,20.917513146232317
29.175249315374455,37.465201181596285,0.616551476865796,2,1.9122008259070404,38.63605828371978,1,1.0,0.944973798792092,0.892819368340582,112.02166192383959
35.935855268126794,51.95697389169786,6.82899325624641,3,1.7071487832256584,47.65817553275238,2,1.0,0.6465988818285661,0.37929755565480605,117.46883981627332
35.53991375847213,46.86503737499786,10.632808952102867,5,2.4048701730775766,60.44008226419122,1,1.0,0.24255033506829243,0.555878737048054,117.3038235451649
31.305084061376142,39.19898093251869,14.810542666287752,1,1.473671346235891,52.490376927349274,2,1.0,0.5519336073732867,1.8090842503406215,73.63264693462371
25.860250023094366,38.550395312574345,20.39902393207693,5,1.9795676819582708,70.60566774254295,5,1.0,0.8763011492714656,0.38077280238968536,79.46621903492523
3.823528617304429,4.37521882187811,4.709897200947975,2,1.6318486707077065,65.70456238817096,5,2.0,0.7043470030292155,1.4582071572763726,15.267636866447148
6.884334206737244,8.736353467023362,3.0131949575634502,5,1.6713795670711598,23.497832231741423,1,1.5,0.8582068684887906,1.3364375319026145,57.152374731805104
35.99289044681963,40.197215303304624,23.12351873938386,4,1.2552163348269998,79.90527403542644,1,1.5,0.32535938247907625,5.280857417856156,63.10219184303522
24.453947856553803,34.1367733574427,2.5930694250337707,3,1.5734163206313996,65.14414722316803,2,1.0,0.8995162393427877,0.09406124570389744,53.1598966385559
0.8632835388568711,1.2666360427121575,11.48378568257254,2,1.6003344949216025,71.83419897764679,2,1.5,0.7800501986417548,0.17163991196274944,4.75468345995675
4.5081259432082685,5.463915957694425,14.053529491039246,2,2.0012922869731877,59.071862725720784,3,1.0,0.7560223798942708,1.0580831022996586,12.313725977205042
26.708319879768204,38.54909749578004,12.992986101778518,6,2.3990879986163938,71.37710768280573,3,1.0,0.41188696278717196,1.1233381595378105,86.58114131137371
0.6999325619256381,0.851739039993631,2.064771768790637,2,1.3598461717202572,26.742978495722564,3,1.2,0.8988922573844753,0.06111996292207732,2.35873682351117
6.851918030991197,10.033318831153,1.3686459360868648,6,0.8717407965882074,40.86427013355893,1,1.0,0.6741814396538949,2.621804115277781,17.466126142890694
22.174984679980152,31.08012061259711,2.531602259064856,0,1.6437017133510876,72.58525661626956,3,1.0,0.8666555291765222,1.0239742065550534,48.52387309571949
27.829860308861385,39.573023604208764,14.0541044129427,6,1.7255842646535866,32.09931267601353,1,1.0,0.42487431038764467,0.638449101552557,127.51864853747459
26.25246975035272,29.066803347871584,13.064277303223706,3,1.086348936924256,24.694525914801364,5,1.0,0.23108688195792088,0.5759674026682309,92.97910295743971
9.358637723692112,13.898738827451103,5.609779008881862,5,2.0927898306693136,67.28713639671314,4,1.5,0.39910346219829007,2.964322512801013,47.7811603230627
28.631079243227667,39.816337070638546,15.306579404294197,6,2.4743794843505356,70.12916933859776,5,1.0,0.5097379126376643,0.3286019263549026,100.15766166349984
9.871338956123603,12.061793395658555,19.681620049335585,2,2.4078170189143835,29.759133091394038,1,1.0,0.5800666376309432,0.2622761687937771,60.21284295534074
13.353288077291076,19.11867524087157,0.9978950363182504,3,1.1350802660002088,71.26075896696292,1,1.0,0.5597282941403837,0.3596308561568098,18.74705569829165
29.986410502161952,36.36177564067042,11.955118645153018,6,2.288117507831293,61.206067735830175,4,1.5,0.5914491331929079,1.4713340728370012,141.36931334212866
26.16049951236498,37.90922002135522,16.543449890464565,6,1.997639181899864,51.204960992995034,2,1.0,0.8575351887006527,2.498463731386326,94.32586984427373
34.04432471452003,38.9818465330406,6.05548624967249,2,1.5715391584717497,69.8150115668831,2,1.0,0.25309112156935293,0.6029090572661788,57.16624387985845
26.475709245863563,36.57551430630725,7.386501727035578,4,1.7190386903520394,45.154954959137946,2,1.5,0.38444616565198375,0.2857640752284766,132.271795517331
22.94818983175113,30.206229328440667,14.72730967174521,4,2.244320297470179,31.639637373403833,3,1.0,0.8997476413919063,0.3520542186493931,140.7245244952336
4.200153329209653,4.782352492680566,21.550447042649687,6,1.6162293973852344,37.09116059663682,2,1.0,0.6044123841024972,1.4481575678133016,13.829892587599335
15.024774220847624,17.981011704934605,19.438186087269585,4,1.4344525274787157,50.30984109759889,3,1.2,0.6250508833326149,0.42361444677385307,41.036242400804504
10.975493523428156,12.127499043701388,13.995125258390004,1,1.6385207381441758,51.879847560390544,3,1.0,0.530256290152557,3.1467777398428414,28.521990754247508
10.137590913473801,13.05222115170941,17.52532122617398,2,1.7845206668595834,68.33484958647402,2,1.2,0.5940771714875251,0.16454042568618737,26.220909616778183
38.9339169127216,47.51908325644147,8.755739284987168,1,1.121432011423193,67.48116341914007,2,1.0,0.27827175750409106,0.04935597171676247,47.14624727781678
16.027360124337036,21.46613249034375,15.383172674370186,3,2.331543141453884,54.88199343227449,4,1.5,0.5921802094763154,0.13879517747371853,94.70544697588609
35.735838929495976,43.55823979045823,11.188358187061368,1,1.9461178130103436,66.84712900192858,4,1.5,0.9974558151200051,2.8027319362650758,132.22331898479476
25.429975726891882,31.02374758984251,4.558467274981462,3,1.8765571594737311,31.50640749762026,3,1.0,0.6094428156317658,1.5800118338966853,125.66393793982333
31.895046489895112,44.566223788691964,16.841718573054173,6,0.9691435845070848,23.00387162559766,4,1.0,0.13996221904542733,4.7460358596533005,135.86182737284972
20.354165177655087,22.781544589670265,13.355151296371728,3,1.827095694893406,72.41802935808201,3,2.0,0.8167920799155938,0.614879741337378,78.22025571226783
23.287703442741186,34.0270141422018,8.606917966886193,3,1.005633125805437,24.533269625766174,1,1.0,0.45682788585104883,0.3586771922492527,80.35757405611197
19.954448905845123,28.75247617076421,21.872140561887136,5,0.9337860478321784,34.80130578463984,3,1.0,0.2383085336514057,1.2382197584345604,51.70741091847702
8.212098018022758,11.226938826044988,0.5024188278415984,1,1.6964285225920688,61.71913697746307,3,1.0,0.8762678256040222,1.1577281501373695,21.407433210833144
29.03685855282946,38.83066073679061,7.578555629987904,5,1.4847354078790413,44.56687625763855,4,1.2,0.27817592998147084,1.3411481632555062,109.3165947593432
11.590508316413803,16.886454958232964,1.3651535466635174,6,1.8009774592655794,72.57883819493053,1,1.2,0.9286906508726799,0.640494056894165,32.16138474861845
1.4604806740424268,1.7147971996540698,18.396655589319053,2,0.9516776856973057,37.87878767973617,5,1.0,0.49761684139834494,0.008871593466943977,5.037790655528974
25.99615568833313,29.416929111122446,16.850578898731023,1,1.5326712068403392,20.712280800161558,5,1.0,0.7685117512747299,0.053489968733770994,153.30828840924877
7.495871836578433,8.963594035115886,7.952453249671609,2,1.0971374155767686,38.039338433644645,5,1.5,0.5922962653046685,1.63519165273387,28.354436153120666
37.648114081940115,53.37867496354867,16.215909652969753,2,2.478070146070998,54.6845029510899,1,1.2,0.3309641235237051,1.1111698739026399,175.35834775968203
38.1801787916022,42.52768346371029,9.502493428702795,3,1.7539553611397964,42.556302524197605,2,1.0,0.7039811570463269,2.580648567299406,114.24977432553688
36.63714341370772,48.84180879485566,18.150090994138424,1,1.9686426635994745,52.092365345525316,1,2.0,0.9621212958011331,0.5358909419560693,223.23456384106277
15.121268660090054,22.654306772763675,10.900407905680947,2,1.3532110771604333,72.59588713010112,4,1.2,0.7926732701122712,2.5349330266651524,38.212376039850895
1.1105363528902634,1.601702635872404,9.894713467959974,4,0.9610561551248851,74.74910325382211,3,1.0,0.6436161969176604,0.8313603535209573,1.2349228900253608
37.168583222215155,48.63800054006946,22.433517971719223,2,2.4589804667320125,35.95844387924673,3,1.2,0.991565297439271,0.1525481513158622,262.81169211670726
17.413273858533916,19.597879877193076,6.0210983973768055,4,1.2866403601514116,47.72842839619405,4,1.0,0.33879400060841625,5.719051502281959,41.22829318764084
38.68286535222495,55.415115773202835,2.8907361599175703,1,1.520473914795076,52.94864091448707,4,1.0,0.15610733911850266,1.0759628835188044,109.40416824581374
38.562989095025486,51.658648676125,14.029034718226995,6,1.9047686668943775,76.94674741329482,3,1.0,0.12891777950433797,1.4892657658845052,84.39599877126334
34.19387349096072,39.18526258461351,23.263723494820294,5,0.8419854060663893,79.91703914986309,2,1.2,0.7396190916029185,1.666621895561622,31.241729491622703
12.130731236748634,13.799227359144737,9.06814112945248,1,2.1774405218793875,34.1244349304916,2,2.0,0.8472091282607536,0.6750950517838273,112.12361486638385
15.711360279776049,22.99908617987969,1.4888823270907565,5,1.7121829230486545,63.61879228074893,2,1.0,0.671590483736074,2.0646842916401065,41.24680371706552
34.11989852491585,46.66510640312513,8.14332641542962,5,1.2729692180169976,42.681863733991705,4,1.0,0.9145239376988785,3.0634089983618606,97.70520777369032
13.018419203672968,18.63866240147136,12.142359703669403,1,0.9047335749971978,20.486491813172794,3,1.0,0.7281784426059285,0.734543112289857,52.49382716284372
7.194963494100653,10.44414828335698,3.886152159173129,2,1.0762473063065505,20.55515134615414,3,1.2,0.43385918176811855,1.605041125126748,44.36118341765409
22.493649867104832,29.8875136900817,15.79445323335581,0,2.3215575600508425,47.63396045373534,3,1.2,0.2631324624668935,2.122805293808261,119.70886171246256
37.47811357935085,48.983090194204394,23.945985336244814,2,1.9662411806910147,49.30009478026008,1,1.0,0.9321827307032406,0.3163147089627134,117.54126268536862
27.993176968661434,35.61210693323883,10.84174742355465,2,1.2248329267827127,21.35418179440656,1,1.0,0.19323743499773155,0.6065397685945091,124.3649854106015
23.017416218529917,28.23727445247532,8.513485361525102,6,0.9115213004065502,61.215645006458146,5,1.0,0.5886895633717649,0.17277262367457313,30.716134479134062
4.338471503945357,5.526511531106002,9.6169000040272,3,1.9740460310572818,37.640203315697185,1,1.0,0.3826071327461604,1.3827407856543117,18.685861631002567
24.792785454617206,34.946716908963246,2.7635082814848273,3,1.7730931341452008,53.59358609215696,2,1.0,0.3442735067677053,2.421206125397378,73.05091121495738
39.6071270791184,53.10402291667634,21.19856643422937,2,1.4876831915789994,38.055144389925125,2,1.5,0.6812513667252067,1.4156418851873747,196.9863294201739
6.033318601842699,8.790601409171936,9.955815732512448,4,1.4181394636231084,30.02805889215843,2,1.0,0.3081132436519326,0.2972810290589739,25.64986383196565
20.9740212683676,26.79120813582765,9.29458587419619,6,1.168584269079484,44.43042431593251,2,1.0,0.9247285960681562,1.1857050971295453,47.80032120052715
35.15623634115424,47.20905385914497,15.832566550331384,5,1.93833913611378,33.936401887430044,5,1.0,0.4654395181892117,2.7021161772911597,197.11995920933472
29.760360401291074,40.2515725630501,10.608802102346964,3,2.4501356472495797,52.08805861515008,2,1.0,0.7096378120567111,0.5408626582752478,121.73928917673474
28.032121769313086,37.469944707975564,15.557603251388304,2,1.098715917922604,31.929711817188796,4,1.0,0.7549801455957261,2.6815152421146276,93.3383767809986
28.248121317490817,39.01216707479429,1.4747109631389002,6,1.8150982540263558,50.504358598677626,4,1.0,0.7146475251627973,2.303049923398924,97.77737812830604
14.699900473180328,17.565989862143027,19.529360249333457,0,1.5211145947681595,29.442710892132055,4,1.0,0.9130602168037211,0.032970932096602755,62.65367127504496
12.096877848447487,15.785766445668457,22.572094869105662,4,1.5593708269659303,60.2584825691471,1,1.2,0.3080177772453983,0.41057962948006854,32.35022437378842
32.46976564140129,37.070404174024745,15.570369267825264,1,1.2320503762172845,65.23626106648544,3,1.0,0.17744909021749106,1.1744188039917165,48.22649486460299
32.499479089827645,40.747994139848196,22.909582292611457,2,2.2027292886244125,26.623654054996027,5,1.2,0.14991912753854442,1.8967384257323427,293.9326790997869
34.74935658391409,45.00273898700647,3.634375544879119,6,1.62493452705031,48.06814472224035,4,1.0,0.8900597354275224,3.1870415775535497,109.5277388114946
36.57300182598062,49.771821622700855,11.457988547528489,2,1.723789948737049,24.252302039292417,4,1.0,0.9759583449452639,1.5368261634383802,246.35527496625448
20.698024755007044,30.637473333240603,14.443361614690733,5,1.318093551755454,55.89094673252014,2,1.0,0.3722738870842415,0.7178866049924122,47.05700126010483
20.309893640144384,27.22054671473338,13.96167953810848,4,1.1090743916338146,35.86425787577872,4,2.0,0.7241625312174723,0.30616478291611093,116.92418665696809
32.032659569187615,44.76364183594749,9.635082698137037,3,0.9460476599447949,51.65746741032247,2,1.0,0.10802150575457402,2.1408986468418507,53.278354229304504
26.173575265721723,34.09124991736512,8.114025824790273,3,2.014002539572357,51.04766056305747,2,1.0,0.269768359104389,0.3474849512250079,83.4962870715228
28.227691651679283,38.21017804595835,3.0437765412100513,3,1.1335982788693546,75.46126077162802,3,1.5,0.720346944215453,1.7832840680122684,55.824156777923854
31.933810442725992,36.03324586471795,9.401818813494677,1,1.9731281021209561,52.944993354123376,1,1.0,0.15929842538370956,0.29989442037730507,80.37799415266062
35.655211001793866,42.84888629877163,3.9038595625316432,6,1.4636399582798216,54.979908783098935,2,1.2,0.5216590449278421,0.14320414173604287,87.03470098110674
13.850808695635664,17.240672753162592,17.624776235813243,4,1.5068171616824075,44.09918754586282,2,1.0,0.696324937936554,0.43372517166052904,37.90446780267795
15.335526629277789,19.767453063349247,5.011942451870159,4,1.5976017433577119,76.94477619096901,3,1.0,0.7893623541749656,0.5030618505242112,28.54537157937644
4.212286623714325,4.71042952611337,1.4055673268288125,3,1.4251044638168233,66.63115456637658,2,1.0,0.5084343223519334,1.5628197699152573,7.720782378830345
23.342065569348872,26.98365279283514,13.256787307613624,3,0.9710539612784032,37.12431741817049,5,1.5,0.6672556355467087,0.2631083531371737,80.57320581668807
1.9197198149713124,2.3242541611622585,14.285513585265639,5,1.326374077004838,70.65257514657392,1,1.0,0.5856180666058551,3.9954812222338076,9.654386659883572
18.891121716232178,28.121570813899524,20.925913470732134,0,1.9283484131796953,45.9437816111054,5,1.0,0.147075194874989,1.2123714178336376,83.91873988271692
21.934463070949278,27.03507685443278,13.847558698024365,0,1.9318334824970806,69.72002861201564,4,1.0,0.7685242185338619,1.0127597209391561,53.68541622795588
11.818379459067234,15.278995060821508,8.291540489362697,2,1.2865813223079905,69.37328409761012,1,1.0,0.2551257242968375,0.8555835169677475,19.310394991072194
23.837913792475923,28.091529320187323,19.272285156631693,2,1.5821744651480696,31.332211205771262,4,1.2,0.1286249781104572,1.2541459466297533,115.52470236885016
1.7047598725924524,2.2917292023113522,12.966693436498105,4,1.1288602876202938,62.06846788301461,2,1.0,0.5060511246595351,0.0340541025770291,2.9102491594469173
1.9752534555939696,2.394546997703429,1.9027268311486019,4,1.157632538600721,37.43857815839186,3,1.0,0.8790738285533592,6.920767744407327,12.582874249412429
32.9927221460565,39.02369381134808,13.58041344751792,1,0.8391800502912327,37.84956019956009,5,1.0,0.23574649389492577,1.2230548552442861,63.509908487248836
14.727530335744884,19.24341899174082,21.792445090119898,1,2.3244691348431656,37.78088461283484,4,1.0,0.1115717807052775,0.05374390922949993,82.32535530746989
5.5188902497494485,6.082933635245804,9.511503011957293,0,1.1582013306273407,63.53409485359689,2,1.0,0.19898131218887544,1.3373152471374676,8.441946785967213
21.12860877216477,23.306241788366282,7.111819245595202,2,1.1868075907919877,33.78956250755216,5,1.0,0.4272932028984461,0.8619233265273197,60.85475556382194
30.91474534739513,36.715202460911065,3.4432669684324813,0,1.275322435496724,20.054350114765413,5,1.2,0.6221546829921734,0.03649697542285793,204.08928383679702
9.024930586125306,10.05998674377698,3.6346925264485757,0,1.0165937218822294,62.91421120895799,4,2.0,0.2737109205873033,3.874019081519645,27.462261771145545
25.10417379485051,28.69935009674223,10.386515624203653,2,1.886746901408317,30.271084630107516,2,1.0,0.8217676045203135,0.0159346468570952,114.47224954418249
3.8712248672538356,4.783069662880802,14.296315779876709,6,0.9277430204018973,26.26894371847008,3,1.2,0.7779674084941738,1.2936688919132222,13.086334412935825
2.541427986160004,3.6114562677261572,1.934769724070442,1,1.0281441247547956,34.25096723564361,4,1.0,0.7262772549388293,4.897016375939724,15.41834110019893
21.488507946941844,28.554347469267437,22.549646136603975,5,1.896086435203158,42.794031339362235,5,1.0,0.5387228274839896,0.40693473767364857,91.97120522473796
21.85508730359921,28.52235519736519,18.1232068186847,5,1.3774230548184527,48.55437964839204,5,1.0,0.42869525962058685,0.43990463024542503,58.1122228509378
25.67848110917916,31.260868101099067,14.078974038807903,5,2.0035113053920215,22.67420244275785,1,1.0,0.4380279588683297,0.0006348271564523813,166.3578772692485
29.18060768204513,42.97432434747179,19.88252810253578,2,1.7476220659392414,78.23439995764163,2,1.0,0.55276348146016,0.1029823478900205,59.76433593490613
39.04615713877012,49.151537527288205,1.924482163490719,3,1.2352359942045723,62.963783205173485,1,1.5,0.1695832181943891,0.06889064821693672,87.05981521564337
20.893863757897215,23.711131895178603,11.444133065594986,3,1.9064075158318576,39.391643919460165,3,1.5,0.714074916580355,2.594498294090166,116.6516206534057
13.256780681179215,17.85458493724635,15.122235044679922,3,0.9976652564978972,39.121835437123835,4,1.0,0.41635678960837186,2.7185945587478724,33.10622646353977
31.909854693363794,36.5538668004459,19.88766974683894,4,1.7118976512360518,46.91255296210756,5,1.0,0.30228290014481973,1.9457782411168245,98.219984291423
11.197873924851931,13.863967408950927,18.803269441182426,1,1.543151778576559,57.57468936578198,2,2.0,0.35049436344877505,0.6525224320930767,46.42149809629575
17.839371117872627,23.244072183430387,6.649661993121591,1,1.2553850907896493,28.782383995338066,5,1.0,0.26226485675759603,2.582687988301389,74.51690842896956
3.599027063019505,5.21746997949873,22.581124069420902,6,1.8268084961571502,31.33578882589714,1,1.0,0.9114112769750097,1.164058104314531,17.897668547608323
1.5013543649105716,1.947885126473758,2.9843001943408884,6,2.28126710697848,71.56607497001306,1,1.0,0.25213376472629595,0.5442772763789914,3.7092097445981795
38.52461237977804,53.19877231842429,21.003206846907652,4,2.4981379895972307,35.375295433344355,4,1.0,0.8946335070053764,0.8624510530828386,259.2555423089355
33.52121476023213,50.185506827320395,23.302565990510846,0,1.8331967068638217,42.81169987851065,2,1.0,0.6150190563716061,0.1020453468376967,136.19627573272663
27.99098114070107,32.262283044879894,4.2516845573430135,6,1.4879999863595894,72.27631105700702,2,1.5,0.8807058598499742,4.348144844273121,68.7599610428014
16.65364130436366,20.149117547201108,17.329585540890847,5,1.1828520703675427,59.788869763989354,4,1.5,0.5266577952149609,1.4478922618522605,43.69886113329416
7.345125642798408,9.238922547441064,0.9668524506719631,3,1.23706335197169,40.502712760501296,1,1.0,0.9348703475329663,1.970872058509899,20.360533173724072
6.6792631855078985,8.474190073468396,9.730147803339719,5,1.6150734628546015,61.02197274347725,1,1.2,0.29034166924751514,1.6932208681084986,19.174142145294912
10.384594477501516,13.130368800587396,12.390799180744176,3,1.4243720921772058,21.180992922884823,1,1.0,0.5992225775625472,1.6528013022004693,53.24194771867719
22.19445325589176,32.47147056979074,13.935485421831217,5,2.353484688462405,64.13855960068192,5,1.0,0.21325482146230224,0.026117539598943872,85.31303553134794
28.72653894665246,39.80386746950107,22.462493957965428,0,1.4261022950147062,49.22096243097437,3,1.2,0.5024982566821279,1.1178336333613788,95.12484813092111
26.577796380350385,35.69828841784784,16.13401649506067,5,1.4348558049472404,68.79092883706767,1,1.0,0.6129133269821582,2.5865176848903206,46.44570849913197
11.557388929364743,14.143344152091137,11.550670829261687,5,1.4520086711377609,77.2782591203881,3,1.0,0.6451076999558548,0.06831036729740098,20.388257849451364
38.21717858619617,54.63207413736634,19.432200870381344,2,2.222254357625019,75.5473129696741,3,1.0,0.42897591721655126,4.69100744322579,110.12879769547963
29.646928209482855,43.937465198314115,22.812787702905815,5,1.906340145439733,74.55590260732045,2,2.0,0.16870207794980757,0.8278873262427447,139.3111289528242
22.396985074200327,31.993629852514903,0.5295875683749802,2,1.8440870455421177,50.73019735603323,4,1.5,0.6897934642443874,0.5135146882274246,120.51272430735546
24.662969476256915,27.14470648050838,23.580510534144928,1,1.3680431380525657,41.60852684833628,5,1.2,0.53958867440795,1.1383580250035512,79.51921361213394
17.074202465897702,23.128041050121954,2.067171337528328,4,2.190437100615147,47.902119483840366,3,1.0,0.2231909799735312,2.423291032089207,74.71901819585877
10.28537408529572,11.52429010467581,19.545282702450272,5,0.865218564304692,61.393760198801644,5,1.2,0.9422883724654897,0.9658358642678186,12.78129420558462
14.560920806724832,17.517412221205255,6.7280340612339,1,2.2803551929747923,73.0398666122712,2,1.0,0.9601017959650989,1.5539028215211164,37.25136458772275
30.43492136334258,34.203065329381225,3.172311786092922,6,1.6716748296496804,32.41917818000717,1,2.0,0.870945651848232,1.0394639564263,214.0183694778732
1.0685428008753568,1.43346959474303,10.556535353132038,6,1.4770253992678017,75.09158950770218,3,1.0,0.8594814704658377,1.496545095213957,5.309574610596886
5.0848693000231915,6.989844219155165,15.454957906742724,2,1.6451843772200658,68.91081391819336,4,1.0,0.18880414828125053,0.22280381018827292,7.730471937064917
2.3171043598592336,2.654926717970155,9.1428442805634,5,1.9346064019075129,78.73136091069408,2,1.0,0.994078098624311,0.05914598522270045,6.654353770661043
2.1087876915993204,2.6434403456082465,1.309569798784775,5,0.8217012250804255,72.81510639690123,5,1.2,0.4603426118773585,0.22083952262842244,3.459556197040523
34.290693068434784,43.97762881336174,14.387067351809199,0,2.281638155979021,36.7962397815144,1,1.2,0.2468090042804022,0.504968481280005,197.53241920118174
28.294485445510936,35.30080013119647,21.657678626656192,1,1.5594571930293677,26.357354680642864,5,1.0,0.8308915553954991,0.4382502960648085,152.37626430486554
19.229866248949346,22.083770702688,9.19716878273404,3,1.3830430834901328,26.734464319495316,4,1.0,0.3031576916167521,1.4324512531633415,77.25427955917364
4.364449345714558,5.532284843794929,5.191986663139849,3,1.035017461577897,37.47339911469656,3,1.2,0.5735577886026324,0.9129041824837496,14.537323040821937
19.91882706711488,27.895744026189902,10.62185630238757,0,1.5470911364093518,56.85102343907236,4,1.0,0.2152144586830927,0.05937785977948095,56.00165210931552
19.202134945832345,21.667747943037966,1.160705065170741,2,1.6437487111834441,68.25921956583035,5,1.2,0.5271811509482996,0.053232345168565405,43.082096115712844
7.3414738614456,8.311077038627214,19.691702027526595,3,1.4861993806389122,73.95501841889389,5,1.5,0.6023273440626481,0.1424355667450053,18.083932417842366
17.637140144899934,21.903714556789307,19.832179462804483,3,1.953722159505725,57.42520306215397,4,1.0,0.5013315639562085,0.6533016432396467,52.12890657733518
16.24093700869625,23.98283389431492,14.112011122311081,6,1.5155240988906842,20.337878764883225,4,1.0,0.16253814227738772,0.009303216841980065,123.85639176898535
24.82607887306255,33.9479016643349,8.474469334521348,6,2.4344098823391747,31.17900659111201,4,1.0,0.536445127524487,1.0217901643158729,184.55232122176287
25.58619920927193,35.090653013708,19.1948007466988,4,1.8187717803001062,25.983572231202075,1,1.0,0.5220485590967343,0.6710010013778058,147.0381631726013
2.2895083859957586,2.8499067662284547,13.312488594920811,1,2.1727124906082453,41.7994685341406,5,1.0,0.33545824956160647,1.2160097696173386,11.941765314143046
15.297198277745613,20.459456838656315,19.82237540520039,2,0.9859050352861141,50.08105961802475,2,1.2,0.9294414396916928,1.9138759059588675,34.97923422683466
25.22146667071234,27.84582266589981,15.155011021992495,5,1.4753951980080398,22.603830714713652,1,1.0,0.4760130994284305,0.43347000255618606,110.09570047923965
20.373882213913465,27.59516880581843,18.825731357107134,1,1.3726410924601598,40.90867854773932,1,1.0,0.8777042165767466,0.25633132805262804,56.364050063208786
34.33134872693873,50.30623267363308,14.36551183722624,2,1.768120059832206,30.750780477519356,1,1.0,0.1986974466700977,0.48870648011278006,172.9684977914389
26.51839844894833,35.668025218972026,9.939385637175988,3,2.2638929841044235,58.82420997553243,2,1.0,0.38698955578556327,0.0026471072801336464,88.49209992672593
6.935909869716473,10.053458735720369,22.990700638227302,4,0.9331749701954114,47.8563421594604,4,1.5,0.25869776839123604,0.19177214070996687,20.156267162144083
3.2874655223169786,4.568226658121182,12.986731797092274,1,0.9233771566760084,49.719058816034526,5,1.0,0.46756970906337325,2.0844320162110694,5.1177520595014965
25.875561489149465,29.710924324739686,14.52214844497292,3,2.245540103867918,45.66150728200766,3,1.0,0.20047301845379073,0.378099548144176,97.44251000751724
1.5471967663940616,2.26042557857518,5.291703345953982,2,1.1618451462652075,77.36118262919402,3,1.5,0.49693132526105843,7.750837291949617,12.172098313891743
23.6381354603018,26.63019244368599,15.015618946254635,1,1.9368805325646834,32.88410750729379,5,1.0,0.4184836691034127,0.2755805404520242,112.76107874705545
37.639094536285825,49.442224861325165,13.718583587590652,5,1.7228928250133688,50.999855590632464,2,1.0,0.3009835425466047,2.3322237204074723,104.21115973961942
23.23123002609722,26.87516111594441,4.436121550728599,1,2.21591911130829,64.16104210192016,3,1.0,0.6779614707552836,1.831396028936249,61.417163295425766
15.832712085157615,17.490122252551544,1.4300903364754491,3,1.012651146721886,53.41066478807375,1,1.5,0.9558203393330488,0.5832043664196003,30.25522118926679
25.909884628472952,32.874816686988275,14.504623673154505,1,1.0206310417284392,75.74125314300807,3,1.0,0.2864021261946282,0.602372062382456,29.25445951838277
18.600989174414906,22.656307695491066,18.328614464407693,5,1.7465912124731229,42.67810133847705,5,1.5,0.7406117559086053,1.2436276202100505,102.04417087250417
22.05186317797943,28.54393605323945,12.561632902128197,4,2.4088437107092306,47.82054834639068,1,1.2,0.7681428003310686,2.869610836352976,107.28097864958426
37.687859946672745,50.15801733833487,5.442543007671497,4,1.5054961892302823,25.311338912883706,3,1.0,0.5483084647832762,0.7320972996676637,196.97977951143326
15.751054193130583,17.60173421176184,15.996527440632839,3,1.3558015704329813,56.53994666311571,5,1.0,0.9079015114905103,0.09469707689752661,28.386083475477335
38.467027271044614,44.20635844133047,1.922537438630454,2,1.831371849436406,37.29271810688636,2,1.0,0.9697510594583562,0.703612115755606,139.64931410710818
36.26135035726452,47.99033645783526,10.604008915246911,3,2.381762620926553,29.61854237093413,5,1.0,0.42602180684846447,0.34848964005844973,279.04619296900313
8.23374982417721,10.187346460134425,3.9208022015620845,4,2.2227773158358604,52.67187757427048,2,1.2,0.6859299682028688,4.200421363386147,37.708767937390526
3.2397713845690355,4.5086906827655815,4.427017225437201,0,2.4923221382464735,51.93861580279464,1,1.0,0.695991356110101,1.7923924758140048,15.34983005455712
4.480731054408353,6.097901538400038,4.8550547797968875,0,0.8383665914440411,24.552298473442853,5,1.0,0.46327197362725414,0.0782552510609254,16.716215583391225
1.2197621132362142,1.7543127904647684,9.28096936905547,1,0.9918588460116958,61.892927209668365,4,1.2,0.3851119670451528,0.5200626000149008,2.276221689178733
4.230496949859171,5.8253821612544945,1.227604934889543,5,1.8360951977232574,57.426331439051175,4,1.0,0.9403697784050321,0.07728097759028704,14.171383906381632
27.478767549946095,34.95223476018141,9.547042582298356,6,2.1949799468675444,31.341036964789833,4,1.0,0.8109833943814078,2.658082361652488,172.56533968607502
3.311951614179045,4.5346799321280935,12.280978730752821,6,1.2849153819215031,48.16609172924263,4,1.0,0.20301810937708972,3.5514280355070045,12.851525827285846
13.099537396603571,15.852437532455713,11.599062839191806,6,1.2066588496581718,63.2193749887136,4,1.0,0.2078956644263983,0.17864768551917956,19.264254080333338
33.87257478329346,41.41008301942171,9.186818409672973,1,2.137858858948041,51.766144432476594,2,2.0,0.9302884919675439,0.8705048530966162,216.56062361181293
1.4192414615651217,2.009069788329305,20.13951859369806,0,0.8958491515504937,43.72934457101421,5,1.0,0.173268788524232,4.02979890244479,7.573775177796278
32.671505062262966,41.772734564492175,3.4878406180920987,4,1.4279505008903945,39.340307484856616,1,1.0,0.7195792116188493,0.23535214125124945,93.8783077727807
11.633263603549297,16.511697546760804,12.136721850752975,1,1.6598756784069606,56.62363199864322,4,1.0,0.30408242224997056,0.5177625347542704,34.065397950904014
5.167510691055422,7.384212323558566,1.488994006957303,6,1.7525927463955497,76.34652189861444,4,1.0,0.13166680846745682,0.5442004632670215,13.863358370000034
28.02111803188395,40.435172028394405,1.7077362930698339,6,2.0386457665477207,60.304690428649,1,1.0,0.15367379147208118,0.04577898744583709,79.83257438927669
25.343242447805416,37.16977029983597,13.772780392250311,3,1.403237729832119,24.484754218178928,1,1.0,0.4361698933116058,0.05542119453444287,126.79411492333313
35.16014453431859,44.73756004591152,13.584442197307702,6,1.8415633859468323,47.64109840892803,4,1.5,0.16982960652042822,4.579814144031493,184.22383803011562
29.53530623025349,36.25596850359141,21.072804308266967,5,1.7951382187446256,73.44944789063766,2,1.2,0.6369752799401086,1.2697713826809192,68.90546127456847
32.237496750201515,42.96869850574132,13.388968215841757,6,1.73094737111137,25.667745548065213,1,1.0,0.682529060236668,0.5493269037404608,173.3342095162217
11.640365616566607,14.532635264463693,23.034984489716404,3,1.8888215983417607,79.3325427282526,5,1.0,0.43612171478474404,0.7138506576473265,27.059928932542086
7.508861979299051,10.065101360359007,1.1686763615983145,6,1.2410635908157297,76.94416361872527,5,1.0,0.7685902681465157,1.8820726855028298,13.319567718855128
30.149282689813905,41.673374012709246,2.3521844347377856,5,0.9439028810938693,24.69646884379255,2,1.0,0.5410382681526196,0.6847836539258527,100.74263401617021
32.369972201056925,44.52042994582603,1.0575806776891534,4,1.002761842467564,76.00479922697329,3,1.0,0.4872056530618739,0.38769062763180806,39.03686915372014
39.62495310902659,49.524104653938394,4.4466444080049605,1,1.1817900505116319,41.78795541556774,2,1.0,0.4662892799111126,0.16110613951017938,90.40516197751523
16.798398238001347,19.599431709085035,12.990482662600275,5,1.650336490388735,70.68255002455174,4,1.0,0.4879958386109836,1.9580839491244881,35.167204878987306
15.194714388814935,19.3308939612719,15.493732354258272,3,2.2287526759282343,45.10300026279629,3,1.0,0.9710988849409767,0.29871033142521664,66.16865976549241
31.168311949308876,36.06291065019562,1.0940437907680511,1,1.992198681550253,46.45130676215095,4,1.2,0.7132663540345939,0.10828883993363911,128.99763929177698
13.961739839994205,20.328835119028227,22.703301356294382,1,2.1413690271434804,58.054585458652554,5,1.0,0.38368886244499,0.8351850955142177,57.71988907906916
37.26491436134081,46.147043379040596,20.211969039609144,3,1.3966585606743553,66.468645156559,1,1.2,0.7604738831850087,0.06056276936562148,70.23289507755024
34.407303697798966,39.973851440298134,7.118699571770235,0,1.4879113608025354,22.02734905689492,4,1.0,0.39724064949062443,5.028527614670901,191.1504901073541
17.445264081313226,19.36736764617802,1.852500725435231,6,1.469259206184042,55.58935973162806,5,1.0,0.2131434170062086,1.4804439057182301,37.67938093291876
30.159407177764145,40.96639602055231,4.0772897572573745,5,1.1261844134876526,31.20397964584226,2,1.2,0.5278243217100842,0.24854503711735831,111.76036955091193
30.304443526344954,41.055276003421646,3.046665930119344,3,0.9040683188440725,40.75697107179218,4,1.0,0.7759214732245726,0.2839360329235614,62.93045908655104
4.573392819019338,5.65381876074965,2.9588107031747244,4,1.8045573578062855,40.87811996931299,5,1.5,0.43989391979858905,1.2653569001112486,27.192231933220565
36.150839813842886,40.80290179781899,12.445480527977615,2,2.4816683618149966,48.14362041326922,1,1.0,0.8822567278426086,0.6614031662587825,125.97194012101927
20.457468711690357,25.855203703148796,5.900338619841607,3,1.0836104984154469,40.048184712570404,4,1.0,0.44825743367898385,2.2326018912150323,51.41504726490076
33.145069911255796,40.58570715497421,8.595353196699467,6,0.8793641938287654,26.441667107040065,5,1.0,0.41485512295605853,1.1838478929396705,97.63362424279022
13.141959240709165,18.015631904156244,23.74812800122374,6,2.125203859100686,28.73772431152709,4,1.0,0.99841952247694,0.8519774916226754,90.22919219229767
35.87316752559992,48.15297247781933,16.423541974208273,1,1.229396211364031,22.00627913366586,1,1.2,0.5342248206910589,4.9444555090559374,196.00475427101455
15.873466309999444,19.775759445551685,22.775536009128032,1,2.2103944690999784,48.21494511972526,4,1.2,0.8246990887421555,0.743238316078793,72.66461995407717
0.9280872334717852,1.1017852759680098,3.4213573207947743,3,1.9966923339586762,77.26686169117932,4,1.2,0.8244892504539303,0.7677665232286541,1.0
36.262588068560916,54.22034337046613,9.171347395981662,2,2.407645012986368,26.940513418886994,5,1.0,0.9337324033892614,1.643899715948791,348.7282330411394
4.105823733052276,5.26202635881799,13.313563278776503,3,1.4951763007863423,76.77586958018492,3,1.0,0.17640554900527328,2.486986007141632,7.78934537474135
13.112888684821387,18.03428292867023,1.8421934853297124,2,1.925348727066078,64.00169088392562,4,1.0,0.34409824878415807,1.4761117330804567,39.33913345324043
38.0274476985068,43.96814071773989,0.10049864707098877,2,1.5902531273825602,58.24992817604979,3,1.0,0.7909732823917905,1.7990263629127523,79.1143251658555
38.048982304033466,49.24435809018136,16.09042401112602,6,1.872000785424524,58.71666531941378,2,2.0,0.6063413431587085,0.7000494048938686,197.1415839929815
23.1507965808698,25.72087503903774,15.403668403234448,6,1.5643181402131536,69.60365890377693,4,1.0,0.6036534481190805,0.9794389696410257,38.11838521129053
25.45756988070707,33.1503904630843,9.858931439990682,6,1.1206748189209272,26.415191862789282,3,1.0,0.24959377168321673,0.3291663903323727,92.16216633187301
18.21359811814363,27.058248182812665,11.751457824768783,4,1.6634256072057476,50.28525941393251,2,1.0,0.3530377127025368,1.710307295162952,59.18624696831509
12.08182548207355,15.14677541241513,9.97063201421015,6,1.698593142443652,61.825468295645514,5,1.5,0.5692006771450611,0.37548683408638917,45.28382557509947
13.482249542111681,15.040776085395764,0.5761210762773326,5,2.1780265420422737,55.20922670441382,4,1.5,0.3494632282071591,0.0018863787352256874,61.53812131734453
27.064479015043016,30.106047858039574,8.048918549219099,1,2.050385199849088,69.96674426139768,5,1.0,0.28925451342884356,4.071754156996079,67.59168224855773
30.21879391278836,37.930470079957175,4.249974129534956,1,1.928445760700455,24.33630254068109,2,1.0,0.17898045019299652,0.5479579201811159,187.9778346476343
31.767372227171016,36.97753813879039,2.36218053843285,2,0.9927580624393734,61.44206236994996,5,1.0,0.240153410731011,0.3284136621444384,42.733073183771126
31.68991664038488,35.15491869883075,22.961290413344393,1,2.0250476941283155,52.04166382308306,5,1.0,0.7919809862427757,0.46826285587961824,99.29211625357559
4.102641070423269,5.7538943897076775,14.384633401011975,0,1.650518765802675,42.74965183879661,1,2.0,0.7469012625262439,0.6017189930202322,28.71426629242512
20.029602035751967,25.706175596183098,17.487750821678464,2,2.319969211380471,40.416498934041854,2,1.0,0.14125031591384046,0.9652401596364721,94.47181060345302
2.773571020657449,3.3718244896912046,7.56872983838682,1,2.363780588021923,57.249957966451575,5,1.0,0.2829556768096999,0.10781071166797507,11.452456917847096
22.206390851787553,32.422069521440314,9.435531107856365,0,0.8937662040230353,73.45972247865589,3,1.0,0.6044098120594447,0.081166664008645,24.486915718230343
17.940454804248393,20.567934591269207,5.686175853521363,4,2.195090652602614,49.77055556606692,2,1.0,0.3903650598130959,0.5198976081056975,55.414225583031644
35.56431521895284,52.71938616352782,2.327176103170194,1,0.8640855637185401,69.4833898446152,1,1.2,0.8409246424115775,0.5259671669792605,45.10131329279244
14.361142995807109,17.60082566505995,4.296759298598011,0,1.4241883636815387,44.12938291063805,4,1.0,0.8064903768959322,0.18774330171587386,40.60753464207018
5.124147148890431,7.457486321589201,19.14033708711566,3,1.7219099585558344,26.143667767590593,5,1.0,0.9024225021622986,0.7782655096764552,33.98332913341674
6.148171441087016,8.24578705470687,16.26109932441062,5,1.0517713576661167,23.690344187518313,3,2.0,0.6066381083546043,0.5011727283186749,50.416967198035536
30.579669952840153,43.749812231515605,13.126293023651446,3,2.0687334813674303,23.080062279420655,1,1.0,0.4168688318281887,0.039601519035137964,234.65604102535494
24.919613500992313,37.220065933929,11.402156948802434,0,0.8142029970926357,42.8090085174602,2,1.2,0.6454582265664259,3.25366579600358,59.27438445321947
4.494345706850215,5.462257774052411,22.138422807746988,2,1.0866183823378628,40.234265050150526,5,1.0,0.18022301177091204,3.2575855041723685,13.206152566920654
3.8222188415423988,5.673908790336599,1.7456387466880416,6,1.7873546107509086,63.07622141735417,1,1.0,0.10862741596732085,0.3520316189955283,9.408033752108153
28.18828069263524,35.39863875318232,6.734419517709983,6,2.0144588554633973,64.56929009509196,1,1.0,0.11538416810831983,0.26666784843044383,66.62998645852856
3.3741387513856442,4.231860889281545,8.398508485697137,6,2.3582932745796574,23.05123813002439,3,1.0,0.4667886441407946,1.1887644620085005,29.14135294333846
32.96347234196907,40.747955934828525,18.77821949310691,2,1.9993443082888607,33.267395773340894,4,1.0,0.3052698346927569,1.4944362665443818,171.09702283806877
28.3965679726816,37.3858719391388,23.82035088388731,1,1.942024759433272,36.455711009533985,4,1.0,0.24160393522004292,4.738879584652718,140.59048659893045
3.7132768353550407,4.313557806138336,5.7760923541716735,6,1.4703799487961293,52.856719048568564,4,1.0,0.6537934140563534,0.7106523556827808,9.269844027872484
3.8510897063650806,5.089155717624931,20.983376019289935,3,0.8021835233955624,28.670913434417017,2,1.0,0.995585538351863,1.444288898568392,9.28855934180211
39.47226335079643,51.97241569141266,19.93494625036299,2,1.0042707398505573,28.03647316400002,1,1.0,0.25997788325398274,3.1578289776649004,114.54910576953023
15.283696432366753,21.469936481652553,5.391777543402399,2,1.7087427260852666,76.62733335247748,2,1.5,0.5917792817925449,0.896629467648892,44.07731102227651
15.140364809142191,21.70310710880143,9.583981924781341,6,1.9477208059355136,68.25217443786686,1,1.0,0.2077547625999044,0.19575383539964375,38.664854217541226
32.60558290667135,41.610479982593695,9.832148863020459,3,1.5096620826239864,30.839294125470218,3,1.0,0.940812796964925,0.7108904592463646,134.61511654943882
37.91631880666242,46.293296234634816,23.4772960446374,4,2.0421543195982634,44.39406847432946,3,1.2,0.3625796517135266,0.22025833607177764,170.25235173013746
39.4470420210034,47.48374405989575,4.34140563309356,2,1.687165902064704,41.337319955453935,2,1.0,0.8905058380390406,0.025169182763353577,121.01560153189223
30.258438317728196,35.63988749273861,19.17979130651477,6,0.9260995325103308,67.46024444392444,2,1.0,0.3547687953253392,2.088788944013866,32.8990303932544
15.362253628471173,17.252717702842116,8.020625140154639,5,1.126427626645513,50.61277498868732,3,1.0,0.8254472321680475,0.4085473730056377,27.13967254726349
3.798278309597416,4.698391232626505,17.54088829862785,0,2.227996979514703,27.670984219608023,5,1.0,0.28844320010119545,0.003013593981729795,25.477560804132523
31.197303179133755,37.68943317099323,10.080264103095908,1,2.032351669261547,64.33952378937462,4,1.0,0.36351048713809997,3.0886627888925497,83.91179559441805
22.5569678645643,33.53244301771864,13.88063431479696,2,2.3210953779212415,43.813278693495135,4,1.5,0.27322782886327057,0.8799109049182197,185.95810386816444
17.256769365255565,22.832147336806884,19.982682559827147,5,0.9998473235055922,35.77545485792882,3,1.2,0.3378338900646901,0.4094067171568677,52.96883776149443
36.300998211242074,44.97369930142704,19.29997355961322,5,2.4833783088456256,42.52991732124321,4,1.0,0.8513791797999838,0.4573236764094204,181.6807441091031
4.892300551092978,6.517459391895508,20.794156404952805,2,1.1559914137148872,49.865393816413786,5,1.0,0.6751292477920277,0.4127172759402866,9.836792034136078
19.958691619488935,23.065834396081367,1.4308158082718165,4,0.8200257896872915,40.586930985020565,5,1.0,0.46529170195350167,0.3245427014139606,33.40154303841644
0.9484689683130532,1.2117805518210278,16.609213272953877,0,2.495618996391042,34.51434635550547,1,1.5,0.9743689243739406,2.760412328943132,13.600727954526555
19.012095358767986,25.675715548961037,3.359697041322309,1,1.2778256052566923,43.91012172823882,2,1.0,0.5183753744166164,0.2800938262776345,45.35256331369393
2.7239793894325754,3.529076375312198,9.979645632441864,2,1.935633069271352,21.150374644993896,4,1.0,0.9727839741329662,1.237806977497494,24.314913145012007
5.193307692588841,6.5472628363106145,13.166121961312523,1,1.100359934099719,66.34987076577883,5,1.0,0.27692823061977423,0.12070959798846637,8.126834930497782
5.142286747695643,7.70077678224824,9.665747633923939,3,1.7863885047385408,30.25669361405515,2,1.0,0.9141745844034544,4.479307984468434,31.38845912449079
26.14380693358451,37.964099299905335,12.470680219272179,5,2.3368594769727506,22.634276817838234,2,1.0,0.11243998368774522,1.386915003533609,247.8495237115827
29.96877273098422,40.43873459577133,23.91663141116686,5,1.3443079846283457,59.22192157430475,1,1.0,0.5907728821291818,3.501926727367162,55.871422890244915
23.543066221337806,31.259328411169612,3.2452155291085134,2,1.9394317592754107,66.43616772942033,2,1.5,0.4807471548628134,0.7609422452292609,87.4278389622018
38.505815664744404,51.91601244182575,16.21094508807421,2,1.1194361009573082,68.82974789557059,2,1.0,0.5725790609247814,2.4964119272248393,56.34022942584362
15.30738789118631,18.070751688957067,9.504023193254765,3,1.8621521778218328,49.610550959636,3,1.0,0.5981003487529292,2.882677311146263,45.600764609884095
11.785627408133498,14.82696863574844,3.1922351737758907,4,1.3719655980897674,32.32209108139912,1,1.2,0.4501282186609399,1.8207786269717192,47.96933122273092
34.809665563483684,38.84006137712145,3.8096823209834287,2,1.159054039599518,64.2336606349896,1,1.0,0.9983780621974856,0.14633236564066965,41.199228265444
9.33203562151838,12.040364208269809,22.782554549894805,5,1.3324094861961797,61.98278462926023,4,1.0,0.9788564712705632,0.024316160799008366,16.749687887011035
38.54729030790415,50.77486985155253,21.11043592108229,1,1.104029816463259,34.77624404619039,2,1.0,0.9655708390341357,0.27689362091005926,100.36564123419453
0.9801017502477455,1.167399091261807,21.769007049960525,0,2.333257383324401,74.20446535176758,4,1.0,0.9811765426389291,0.18850939615395768,3.713748996030011
38.81021365495174,57.65690123165907,23.796786619857276,6,1.475217706739119,26.26228748496974,5,1.0,0.8137111588924587,1.9372273556196926,232.61509048627303
2.2048165220477562,3.22737039515131,4.999569360204431,1,1.2169748184564244,78.96129437547954,2,1.2,0.9897314311236987,1.2213013584682029,2.597711249121384
35.70015299107381,49.58241788507913,8.530544096737483,4,1.562293329727086,71.61486865864788,5,1.5,0.9031242027476277,1.1196664520449968,117.04971404391348
21.344193808908845,28.0324962215791,16.061256718196802,0,1.3449114835710425,61.27391872874451,3,1.0,0.47433937332917897,0.4372686992345417,40.210031746693296
39.722109446712366,57.517124461299495,11.611260956655535,1,2.065512731482654,76.32499329678997,2,1.0,0.806299397545067,0.2519314588267561,99.25341628731157
3.414964307048255,3.93492997406881,10.041348801080005,1,2.4510738502053404,63.338670099422465,4,1.0,0.9208610606130632,0.3470432913570109,10.717209174262708
22.37724423385217,31.690740951533925,8.587469984054234,3,1.5446572163859997,31.427419821802758,4,1.0,0.7413454662283833,0.7669311140950472,108.10715305043345
38.78745015695441,44.602787612765695,14.250735166642853,6,2.263756779952809,46.5293682867687,2,1.0,0.4805041065090435,2.0214368924166912,136.3032538680324
21.162364844720877,30.001551650968167,13.814242287361967,4,1.7619672250513532,24.290181459898122,4,1.0,0.15921121781478273,0.44058365121361487,150.2569759377079
25.36124620634287,30.69489450463601,3.874988017541762,5,1.0673006306601969,43.379445337286924,2,1.0,0.8287272433545289,1.7990401949202175,45.765604528348675
27.982073214892377,40.597405678039,11.321756100442538,3,1.9740586615382807,64.49618118423251,1,1.0,0.9574685858138233,1.014469964096425,75.92545228460261
18.454372058327042,27.26849087943014,13.283322629036398,0,1.6728386451138944,43.18660105584904,4,1.0,0.42621693420693374,3.249995973735908,77.14708446802751
25.288544163320505,29.322531957102697,13.686886529553371,6,1.906031089528576,39.817650528088045,2,1.0,0.23671544589004567,0.39773563489828745,87.65777690168441
23.58041532096246,30.30249002358654,5.042572629896443,5,2.3124686013718305,55.72134335061871,2,1.0,0.39385345552350015,0.8990937297634916,80.68908666332081
36.09574141439406,53.86910224901134,17.814513414054883,3,1.5487387701152784,72.3322717399337,4,2.0,0.6243601223604216,0.15249232651512173,158.66527003851562
2.295132023487586,2.968438780513942,0.6047782757056712,6,2.3320019594695047,22.854991552766744,1,1.0,0.38523610295401256,0.6122978317569643,20.633494425197142
11.598045988893098,16.764036139669766,8.515964533035904,4,2.0761373242788133,43.128226081984124,4,1.5,0.6495568571767185,1.0605054409581807,84.9269364901846
38.04125362102407,50.803813042362115,18.725103564855203,2,1.630628373992574,29.494444508915763,2,1.5,0.9701670090201675,1.9793011704065568,265.8469928055796
35.665419463691194,44.58648085134879,13.533430105329657,2,1.8254776306185383,61.72125504391218,1,1.2,0.7036610439769143,0.3311142531200473,97.03374466648599
18.498441735035662,22.462906088829886,6.267898380260646,0,1.3534879252823195,26.343473625868093,5,1.0,0.4263934296570595,0.36902753495787455,84.70548927044048
24.9952376131607,29.526605154547873,16.678874864233144,2,2.472115409555916,59.88846551481467,3,1.5,0.9421776743243814,1.4977887387234468,121.54261467041219
11.45655672775474,16.093246078378037,13.617382659745761,3,1.9344969771856733,37.170852247874436,4,1.0,0.6090717418310295,0.7230117689119565,59.25702349793405
7.9307858090885714,9.950092376457418,19.109846626953292,0,0.8745396492442709,31.93500882423348,2,1.0,0.21553515867931,0.9869447923054087,18.872671540551735
18.816086995129297,24.545777124739935,17.64060446855576,5,1.355257239771615,76.18115346949912,1,1.0,0.5490829046743854,2.7130673401383323,28.2747161931644
14.457413007029086,18.750255427036365,14.642590128869632,4,1.8596345373903977,21.11147460475735,1,1.0,0.6882728004190449,1.0369731919671952,100.23403370846462
23.554416418109447,31.34884631752005,11.716264207459536,0,0.8957665722587077,46.266636313374136,5,1.0,0.8544289292350646,1.585483247338841,45.65222152871576
3.570518160116901,5.163793543102437,3.196371016020562,5,0.8406031252425428,21.297619547707626,4,1.0,0.9428291080368826,1.6040537873647498,14.653600292406969
38.988594902813574,58.182513981985174,6.27199242924921,0,1.5650412071972644,49.015582886259736,1,1.0,0.3856745203447467,2.441494041388645,115.92549403258855
39.455324406944314,49.83340371660979,10.058387350010047,1,1.3655733054775392,50.062842667665095,5,1.0,0.23996112767113312,1.52474470310593,96.42959428160513
28.077387703779934,40.17895431743502,14.383182888153328,1,1.545107633656382,39.29974828368482,2,1.0,0.16644577797449417,0.10050806302920953,100.63541117193952
21.675806470592754,30.472089724981924,12.328988525167315,0,1.2465786267960088,27.92970665150142,5,1.0,0.7645191424374546,0.6282199107603259,96.72442321554094
12.726340843309947,16.918544895532857,6.9164286230287075,6,1.0800201698030676,42.58325226406852,4,2.0,0.8156424274438887,6.8085377399388705,65.6587035029209
32.64490327842447,48.393420219397136,0.15514458695305322,2,1.971543706866574,60.335776395953964,5,1.0,0.4684358142353502,0.32818634831194493,111.78540875780016
27.54688131587823,32.5105485219137,11.909741325619535,1,1.6747708976552609,66.94374851866755,1,1.0,0.45633286645626614,1.3254778749252027,48.14706511959849
6.923369104123206,7.918296597673149,6.855023725493834,6,1.1402621591239237,51.84503614328854,1,2.0,0.9588133284891687,2.7766971827071143,23.544355579921522
36.48162378750678,52.59135384918026,17.63059921705284,6,1.343302024641997,55.39006366638534,3,1.0,0.9250131925722946,1.3248590950042887,85.6122568142471
32.990221095465174,42.084303022923834,0.5747103664916038,4,1.8060734430276542,32.03698226747916,5,1.0,0.3099393117253389,0.6984683287131022,173.1072730766125
38.017096575031,54.698524923107364,14.035867471338982,5,0.9227898920632124,37.23981999365897,2,1.5,0.8027268829748265,0.12544511631218172,127.61313192157047
29.16592058134022,42.50163183815517,22.59538170014557,3,1.0506701157525051,29.713736603141506,4,1.5,0.660430356609646,0.6733378535824396,157.1425914874881
24.7299002394637,27.82071828716871,4.185822410675988,1,0.9245175269825633,34.95772100027668,3,1.0,0.23880046520767592,0.3014632174084345,48.846701090143206
17.020599933479446,24.73750004127218,11.319587778014288,0,2.180939465614002,33.493206813531906,5,1.0,0.4210939423779043,4.861023410497281,121.7058007670901
37.34277509248352,47.773643663465876,2.194127803611316,2,2.0790956964604157,51.16692718347426,2,1.5,0.25972564717673424,1.8830667445816203,183.6899177531146
34.70952363526613,45.26722341531279,15.016365894272463,3,2.0806319841947367,53.761325347443766,3,1.0,0.3656404349396548,2.0757450263247224,117.83431621353657
2.2861374691944816,3.0877418631246685,13.212760334309415,5,2.0177530839092475,76.69684524929028,1,1.0,0.6537710581960164,0.8589698040924474,6.292767246847144
1.5414954926414541,2.2668508869999475,9.776772581107977,6,1.9379552202387778,31.734238826091385,4,1.0,0.43773892393909575,0.17474144712549847,8.981650611991705
15.370302991682959,17.024861356212494,12.513048515369789,5,1.6108862561428974,58.50054260968976,5,1.0,0.4546535678522715,0.46533429944142457,34.79041421297515
32.5168565658824,41.97072248793798,21.517791803256245,1,1.8918728779620955,69.03555613925137,2,1.2,0.5856825633554709,0.4510721535896608,88.11855882735041
39.497407107940305,54.31244281352796,4.711063255465609,5,0.865214643139557,53.61448782698315,1,1.2,0.17850172495755048,1.0005741163318178,63.33024720021741
6.441467198589363,8.947731183330479,0.5415482809283336,5,1.8564895185165338,35.30021915006454,3,1.2,0.7649175608644734,0.9270033109196234,39.35961370166589
23.968163256409337,33.00447173382608,20.679957232778424,2,2.122392099412691,35.75301380120001,4,1.0,0.4615385800720061,0.852174291962315,132.58474827262725
15.54518883692535,17.935635509804186,13.850809977309755,6,1.6506092126534635,22.355183184259996,3,1.0,0.5323573793820882,1.0277014544508138,85.55772961414242
38.81161871367683,47.34079155321997,21.375802931084216,2,1.4077726583263028,38.3266535929089,3,1.2,0.9768697559691685,6.51687455503699,142.68405771730139
33.763697463860495,41.98469220055446,14.326685361916141,2,1.2716254491616645,64.67622074020281,2,1.0,0.4099301994864286,0.531488623872657,52.95863304819462
33.61398383608994,47.79151793813422,19.443866159032858,0,1.8927634852755402,22.851065432426623,1,1.5,0.6833970423765329,1.4328169604500476,356.5736221413308
19.013379811901327,23.03478472530548,10.31216072052355,5,1.977762037670845,33.15771695028984,5,1.2,0.4532538855662297,0.4106840252431847,117.11406289931372
16.885370342337776,19.997039915718204,17.996638350918452,5,2.2806449197663223,62.37394991190692,2,1.0,0.9048544468153104,0.9427431216696296,46.873772126436236
11.299579341262897,16.75704121789157,21.912995205356545,5,1.3819679401836842,66.9590937693726,4,1.0,0.8620806402955355,0.3348076419613951,24.348901938799614
2.726832117711621,3.0091828056891203,13.73095112933295,4,2.1086129225554955,47.3191046037157,3,1.0,0.3174618445861459,1.2253206195043314,9.120665353074427
34.6565338620746,51.954592157572755,4.338843613497109,2,1.7543049011218745,61.88446030871893,4,1.5,0.7225711413498105,0.46185122389511946,151.12121596937493
32.60958986063807,44.698894832575476,6.451142760724756,3,2.3008220341527346,43.27713011929352,2,1.0,0.15865479630748633,0.05622404664749056,149.78069778379572
39.98884809480216,57.23954609103354,4.767469845537739,1,1.6972805841025553,29.59479470144765,2,1.2,0.966866850576901,2.5332988318579632,251.89971157180926
39.867155064419265,48.5521254345089,5.92456866229759,6,1.6799707082765443,43.88896961137439,5,1.0,0.41409109721274184,0.2058876864723554,132.19405208753966
22.439552371303783,24.811998977602066,7.353970784424873,3,1.7823910384495454,54.79806921218857,3,1.0,0.8486584953262903,0.68839091659132,56.32501343108821
30.875002899630164,43.07519259964756,13.323210882076523,6,2.0738361037421384,76.88319691117341,2,1.0,0.38658822946957894,0.9727702040462971,73.3227804284574
37.818246330355905,54.2184253011943,14.111799107131986,0,2.4399738140083835,24.125057125320637,4,1.0,0.6694936670771848,0.8497189330504253,378.2612892593364
34.06107193175775,47.55574344262095,10.235993933804668,0,0.9250577021668016,50.44364563069763,5,1.5,0.9852317127858986,1.940112113171464,96.32812947832466
10.270250018856308,11.884118287079966,14.770098715700051,6,0.8908388240647293,39.73518669264347,4,1.0,0.8890748768184672,1.3623967771550718,19.90133149336773
18.296493344748693,25.640178265352553,1.9577982146727821,5,2.3938355735924755,50.49870165660167,3,1.0,0.24432931891441667,0.5251261726711844,77.39354559506617
5.601796898484052,7.884916290726181,2.1069176893958392,3,1.7007885633809505,21.4385268425919,5,1.2,0.5927395898345241,0.07963130172791899,53.96371036770939
38.185015576719536,52.062069073896275,4.123907048583803,5,1.8453351247637912,38.78152128209488,5,1.0,0.4136786039032212,2.1889113726445752,181.41872847722834
24.44389806080976,34.37903177249773,12.433859952968273,4,1.6201201227110391,69.1920888516203,5,1.0,0.4909049664834626,0.6520175711551374,60.15237397187582
9.531390817386777,13.70965303607543,5.135872288759526,0,0.9592176694327067,53.23650403127825,1,1.0,0.40166481629689177,3.307163526479764,17.95478713030185
27.032177034031342,36.370216755385265,6.798825683821856,0,2.1057519433117333,47.03494956896704,5,1.0,0.4023633233759618,0.7539309990317041,117.45685388051774
24.916065498086887,28.290744390578688,9.607508068151859,3,2.070281896650598,37.131504302920376,4,1.0,0.5882979193989503,1.8969574855745677,111.82194237905587
14.647427362297199,18.969167267301543,19.484786976249115,0,1.3298956465377803,37.882551367481355,4,1.2,0.27276760821083734,4.209272941792693,62.03568219210112
4.985524891885346,5.63892645741133,0.33269126190864284,4,1.3206067168882807,42.98608601543506,3,1.0,0.5836558827100282,1.579680410278543,13.153669684742338
27.027141225915585,34.135744570647624,15.585091685678938,4,2.2243303475393814,70.13424259787362,2,1.0,0.3510688934784708,0.8003455621188145,68.73218570763915
21.052154185699834,26.58555703589848,16.05303674497645,4,0.9230073381602553,78.0327924084961,2,1.0,0.3600846138176197,1.2569101127806237,22.953566940905837
31.006576473557754,34.92592983305035,19.16773872855928,1,2.297878752206162,46.31932288102247,1,1.0,0.7648732261320604,1.176069775864938,103.44087417382435
21.046458293923738,26.087678851417255,22.386070537447516,4,1.2363248728230545,43.601170324865706,5,1.0,0.1266342432039422,1.3185648091958357,54.67268910159875
34.161169262582334,39.09401612509455,0.48330837478295585,4,1.8080740711843397,70.79304654919177,1,1.0,0.4428511864064264,0.23817707548919964,63.75797661121476
22.30032013159218,31.739913714683517,3.6908089323171884,1,2.391190104303022,45.61431923817821,3,1.2,0.4667809421382806,1.7985270612038051,134.2568737813822
22.657049875647758,33.511480811545006,21.268111057343834,5,1.952808252612299,53.12109033773907,3,1.0,0.5365991257463555,0.23505663219827005,82.69265000078695
35.127817305004626,39.65672700790619,11.004445492488369,2,1.5045306811939623,33.85649987592467,2,1.0,0.7021099222565848,0.022087145250162553,110.55292071746511
16.437573215389683,24.361240996524426,13.550175334403125,0,1.9722081551392059,64.61015214674451,3,1.0,0.4327181044633779,1.470364540050183,51.42877601146035
5.793601523800309,7.584001909068239,15.912652889355538,4,1.3847653817378294,51.91929909624691,5,1.5,0.2918233938758096,0.18649830511836848,23.85617111367119
1.6369157143768893,1.9967527921068433,16.297598507895298,0,1.2713393077936166,68.54207301442051,4,1.0,0.8963855564916778,2.2072009475422765,2.491446835303587
30.32792159910795,34.293140556186835,22.361769679596197,3,2.4943615724889554,66.84396380172018,3,1.0,0.9829347640130907,3.014492149427367,87.32954450099955
25.002227278461856,32.50913869887212,23.926786017880072,0,2.076343393005639,32.90028609620171,1,1.0,0.11801322385563953,4.343471815917029,127.96757292246429
28.311150839919332,40.13972569380656,17.283779062342568,6,1.89602396154909,62.938133033465746,5,1.0,0.5918201659006281,1.6380969899537048,88.61720572611569
8.912084379601973,12.323938557192701,6.89330902092362,5,1.403992393472842,68.00326447708228,3,1.0,0.4075321411982784,0.9867131818399633,17.049018506060445
5.886673285677405,6.593606262217587,21.114057655064247,1,0.8835734095635819,40.766434446943705,3,1.2,0.34929061784848836,0.6514476648826028,14.062703037260567
1.0745142938813361,1.2132993489306683,1.1813019489782786,0,0.8527966892597646,30.356546774136472,5,1.0,0.4021357517829419,1.0127401652510277,3.772291487079336
14.34820857286058,18.095233385205074,5.545940468987909,0,1.742108134262958,20.15792933477529,3,1.0,0.6749899807835805,0.31673396357670686,102.47873863043509
23.801748630758006,28.993295538786406,21.537257219129156,0,2.0954556257663866,47.05421918558889,4,1.0,0.27164440920681543,0.6425387400818515,91.20839411554806
15.993639781439427,19.079672221108204,6.148596346544519,2,1.7135446237545535,41.1459638923305,2,1.0,0.9215746404921552,1.8984028088279823,54.04173664759259
17.7802594199373,21.556818517437595,5.295625430921963,2,2.229334622296495,53.294590029524535,5,1.0,0.5195030724455283,0.367744382951367,67.00346472645391
36.21426843250306,51.4747111744083,3.3150070353659338,3,0.8568251062584769,31.282465555327146,1,1.5,0.39301914983439556,0.4599245720425411,126.72656631009602
14.256090947420363,20.980563899550447,20.618682183525998,1,1.4234785299240982,71.5799328599885,3,1.5,0.7889781983928391,2.0754164811313807,42.822688423075654
20.802584821812527,26.253716569775587,12.001398220586081,0,1.2030196649961027,35.465312937686576,2,1.2,0.1147119987125734,0.2937229685859169,66.05938953472602
31.45429400327515,46.0001561478738,16.197436873299715,0,1.5603640458671075,33.585776305259,1,1.5,0.4886675791642332,0.42332074879360515,193.14552457638698
16.16343990169017,19.85837447016794,5.737593217800712,0,0.9230398684300083,48.84284338906136,1,1.0,0.4197732409011069,0.026555019612196508,24.191596604112885
25.072424659001,32.35783930284759,18.192970104269197,0,2.4220237906708233,49.931061424656455,4,1.0,0.404388918990761,1.9097249652738495,111.05793021249762
34.56336649549643,41.14463238109574,18.240133079090363,2,1.1795341818179135,32.90511372710557,2,1.0,0.4033642258815249,1.4431233841103466,96.9894457119619
38.006064634476864,51.543460640232176,7.502352597799203,5,2.367923218322094,36.31164360355494,5,1.0,0.12814423997254068,1.778145929676915,240.87450850556522
6.309402496696999,9.411057103287959,9.856383192246788,5,1.5240183635623592,30.182314349314694,2,1.2,0.2369047627079558,0.36182336019327876,36.49718237970455
37.100211193879026,49.76612084016983,5.0325666583248205,3,2.4753910265338708,63.10761069939001,2,2.0,0.227696643381173,1.7441330075160257,248.95271085186522
19.938593576641757,24.78617677396128,23.437464559749703,6,1.7418992518823582,66.20534187524491,1,1.2,0.9897494543375699,1.3609095867347605,47.40150345767611
10.700653337808856,14.543546637881484,15.49446184940188,4,2.382415869098873,47.73970984755695,4,1.0,0.11994918030155059,0.6838504753447403,49.06575188792216
18.63586237141132,21.41574174714504,22.429053137172374,1,0.8090932807801788,62.845221361101046,4,1.0,0.2503662907167984,0.8639153001000774,18.07745020594101
39.21128672377635,57.07060179454355,7.281253047099196,5,2.07200597050753,64.15612351624674,2,1.0,0.9767570577928272,1.2587185312008342,117.53501581649596
19.958414712718348,25.97055943398089,18.765381911925353,6,2.335186110274276,28.296531660668514,2,1.0,0.6654309344290039,1.019731088554318,134.19527426705412
13.485688606356574,17.258173745589538,18.380607453233807,0,1.0375249638642219,77.9706814900722,3,1.0,0.5056004085460581,1.5401132178228703,18.906420279006543
25.519333745510668,34.05161874657708,16.599735644796997,5,0.9634139479446575,69.26191682578586,1,1.0,0.1708848397417329,0.2994693895079145,29.4907868250821
9.985751941738627,13.479901804318983,23.17533540640321,3,1.5217734322161245,32.26900767174941,5,1.5,0.702695045469589,1.1671100429846644,69.52142692736008
3.496601460292225,3.946650161867558,9.445328066551573,4,2.3872541404259895,31.169902144764215,5,1.5,0.2240226889131411,0.8975179208560865,33.42169152143442
5.590749015470644,7.676360540016926,3.137215766154175,5,1.722057152323746,27.539668734774963,4,1.0,0.7040675099432634,0.9271165966281406,35.67023158206911
5.557810638832011,6.651435889406475,16.12101262185746,3,1.6966759883269447,28.302713752515103,1,1.0,0.9812588474800525,0.9505695139827381,26.886122668625667
6.500156393735627,9.006493540714027,17.50343521145295,2,1.0399144011088473,64.88970794172177,4,1.0,0.5787753927552575,3.1989086312606148,11.757281270908766
5.9836733196517,8.550752453073637,13.801453763011551,4,0.801342168858472,48.17925541709741,5,1.0,0.29267618905239473,2.560803040389297,11.700938808967193
25.814552419726976,36.69753927629967,4.9636294352015105,3,2.1772381542672843,66.97605036439202,2,1.2,0.6627553757916383,1.4896360217200857,91.1408871259211
7.6842633337662205,10.150914837431966,12.106942600064528,6,0.948876757076605,64.77529366101233,1,1.0,0.5616367190121546,1.8907456115171555,9.875728022079539
14.153857691292597,18.514207712846403,7.492553677659106,5,1.8775446918500507,56.27676281031329,1,1.0,0.5798262372495815,0.06561851533245554,34.4195175918085
35.92314219128747,41.568477800381245,10.259196676000538,2,2.3548479726758256,61.18199639472077,3,1.0,0.5302962515079972,2.043818233278797,106.41745666384338
19.221484790383457,27.1049549643243,15.485245820271935,6,1.1547082523693328,21.101343462748506,2,1.0,0.7063665168192003,0.998778705629465,93.38705614392804
26.868530671580572,32.472332243973526,17.88515382458003,3,1.9309638216027485,38.70665880830131,2,1.5,0.6147508261663018,0.5735333244972202,151.8586919402794
7.306634912464379,9.488967250599963,5.573392581632235,3,0.9337875804027661,58.26933075556461,4,1.0,0.9882955697089356,0.2258453721382462,11.378696300066764
8.095416242942495,9.82548471097001,9.72780865552688,6,1.8263837445239421,20.560697209174652,1,1.5,0.8432770789380869,0.11728092937139636,78.47936257374481
2.114310342525915,2.438923253583932,6.4598777037991,5,1.0786839256204446,21.978616620955606,4,1.0,0.3382285399399059,0.06888636692168129,9.254075971599118
7.1729349913505,9.696539063729059,4.767158732684859,4,2.0511210528758026,71.11327894822298,2,1.2,0.7531808697144763,0.26474097003089464,19.9311843855194
11.504318391762366,12.904771441928606,18.801293279900122,2,1.312093201149644,61.04149170152431,3,1.0,0.2928703144462611,0.04591119079976424,19.304464766314926
7.4919141289315,10.484619864667572,21.82206466648782,0,1.5877647149678986,35.922183987220635,1,1.0,0.8041117672732521,1.9787514022838475,30.001116229315336
4.0037500834036965,4.91274035494991,8.885572456429841,1,1.8190319214469568,61.27777040712254,2,1.0,0.23280187597960797,0.4287539044588877,8.79364950308118
5.265116908473732,5.791912269087253,18.030694184970404,4,1.0911647981326074,67.54740014835579,3,1.0,0.5261984501925143,0.6900571998770035,9.271635705493958
18.70076133729267,24.394239089186442,21.527886944745866,2,2.0607842916499557,38.40765698660607,5,1.2,0.8115455784754672,2.595005277848669,115.85186058454514
8.650181877028803,9.677311076751558,20.306981052725558,6,1.3144885790825849,22.162242649951246,2,1.0,0.3521014320759088,0.18267104889954608,35.55367763602931
14.88865951139898,18.022243268062475,4.387521324941422,3,1.926032161851681,75.96674748126406,5,1.5,0.8534072126184967,2.7081247268813127,52.47802419194231
20.384982198766846,28.188161663336125,22.951005156320672,6,1.069081186188935,40.71079029773783,4,1.0,0.6797356381305748,1.5305628868891528,51.18684877469434
27.77059573085993,31.24402655937849,9.0402345703071,2,1.9698000206507955,26.388905797082383,5,1.2,0.45777009619649434,0.6278928055275443,201.86573149111013
2.0528295237234078,2.947320011098107,8.141775868172072,6,1.017919723777785,49.51141228358884,2,1.0,0.4810750383756447,0.18801700135796717,7.049122835446569
32.07671075690718,35.333394054291155,1.498351854666728,6,1.5231060436589723,66.10806773984802,5,1.2,0.9333923805278698,0.1439285295426349,67.82506958242665
25.302065384890856,30.330333394219252,11.668167698517191,1,1.2202503253560906,33.29883887705355,1,1.5,0.29601190001114136,0.6131129855190651,99.85291141880799
3.7294817619804403,5.207705204097078,2.616326775382289,5,2.0722379240279105,36.1694030080018,2,1.0,0.7240263536572392,0.22683091726621046,18.802299262177204
35.0063556522177,42.935577354881175,5.964955702258224,1,1.2454595076616868,34.56289920791499,3,1.0,0.7365647851673819,0.46736861021179693,102.03068596085669
36.874459821006624,42.06479651102994,7.606622922414753,0,2.2989194208721737,79.50038316990069,5,1.0,0.930204723865273,0.08161427048304326,86.91082023977496
2.912579414267118,3.6235213141813896,19.411831763800418,0,2.3160943593912418,31.844224023832552,1,1.0,0.7418478418816066,1.355833509606959,19.708455014815645
11.436667101814548,13.817293013174172,21.011727609501516,1,1.1339502358787361,54.53121301796744,4,1.0,0.6260206762525374,0.23546520901286477,19.22854583770067
32.344950551825924,46.48243552893584,7.259191619075272,4,1.8435381065131313,75.51587849941785,4,1.0,0.9122702851146636,2.1203892748099533,81.01385256607993
30.056257770154506,36.829109860242035,20.608754909869774,4,0.9491199909239394,28.813794132666754,5,1.5,0.8462188266835582,0.36918647745725913,130.46976268020268
7.788580264576904,11.025303842937989,20.573542496874985,6,1.4656130693227696,78.25125187206201,4,1.5,0.7450988093508036,2.399057466647305,24.370514991773266
8.769298271800057,12.774665242242218,18.351622809236964,6,2.012646940152163,76.84863406373748,3,1.2,0.12932054415295705,0.31586301886625895,28.216955965660535
15.133648060259588,19.273108926398013,3.520682736364357,3,1.9210195196448576,73.07431922349576,2,1.0,0.43616837641632533,1.916787314112081,33.72496431884259
19.638657915045343,28.7505485562688,16.567748325617494,0,1.8619911379912335,32.87339127980013,1,1.2,0.6687007049816689,0.6076158041864355,116.99959143955725
24.92106347544669,31.174436692290858,22.680577549933652,3,1.280319468226154,58.043303360659,5,1.0,0.5700254719210885,1.3124352841816127,50.637659831599905
15.07208876300601,22.391567826441484,16.38097149041177,0,1.4426424140384835,65.6534883776744,4,1.0,0.38738649384805945,0.05914353261392555,34.8113464774726
18.770121287259343,21.317523497995968,7.958804378588015,1,0.9750084459904865,79.16167569178577,2,1.0,0.22998152395879887,1.0255214929659313,18.866556418378035
30.025102056283384,41.27874169846885,12.01390361833995,4,2.022338794737122,30.825429324882226,3,1.5,0.5976969244200294,0.2414646996212082,268.73293744102943
1.9489865141786171,2.528859927741522,15.497401040425288,6,1.656610954545165,65.96155397115778,4,1.2,0.35732581827599175,0.9992328268358864,6.138771277594676
10.47125930158882,13.142053695698598,12.253689809484086,4,2.004901574987613,40.32807019562678,4,1.0,0.3097004408280967,0.2286067869167918,47.228286456124195
28.677308642439822,38.80282903812844,2.8788706015432757,1,1.2232039921546838,30.53758793408014,1,1.2,0.45906240434944023,0.8619509377035168,111.82976797344226
35.860670088644376,49.54305187856941,7.4895370716484955,3,1.3515449886796125,45.28261647283129,3,1.0,0.8069422898928418,0.17584741572077894,97.1520448873826
20.711258963568813,22.818532382987872,19.25750473328718,3,1.368166073342195,67.63015472891698,3,1.2,0.539068152129681,0.37259880671887136,39.62357338219227
21.518482667979967,25.10736179340689,20.67403310629242,2,0.8437620965702676,47.89098822224313,5,1.0,0.29484298944880294,1.3560947000253118,33.06026502900636
4.733294447921154,6.55664665774508,3.2952007851736855,6,1.37978138381206,52.25138601218291,1,1.0,0.20521282805204355,5.636420930553241,17.013313143858564
18.172788489526457,24.83409980786405,22.857282057569392,6,2.165617774980657,79.70956461200727,5,1.0,0.54908853739732,0.8945337883509672,48.14361752850102
21.538382024973416,32.01506031536432,7.891742828366624,6,2.3254074427745555,43.946557973445564,1,1.0,0.814929758580011,1.7431607564049523,104.88818051585106
10.07758489357182,14.15311255831643,15.89552972953728,0,1.6809711365810767,56.92404528255439,3,1.0,0.6875362212885463,1.1629182838060217,27.021188168066566
11.135107622500549,16.483400954800487,18.043803502960348,3,1.5743528818726744,41.91465209692231,1,1.0,0.3089339921289247,1.034802645195553,36.34530867236511
15.402724442632595,21.27141198886767,19.486709631309203,1,0.8524018517889295,43.5671387797223,1,1.0,0.4930359271205431,0.10033864906611033,26.409878782427445
1.2928123122201916,1.5762237694476082,22.697992853422324,3,2.2946473738951507,61.738445206724485,1,1.2,0.8697073270096619,0.23374859366047546,3.90965908090259
13.222127040535542,15.101599099635886,7.5100691526917425,4,0.8221173628239836,76.27321856569301,2,1.5,0.25989031706755505,3.2191123172946354,18.23767470238257
8.852196276363513,12.505759220749534,20.60415490923731,0,2.40607513635736,52.541537029539285,2,1.0,0.5788725136146073,0.7918669214123574,37.51697467438679
13.436145411027628,18.24171299459065,3.160485682468969,6,1.6316676227697542,66.10399573692679,3,2.0,0.42060835788475737,1.4291694284772853,60.429230814979526
5.2306042068604235,5.854481411200949,16.920981752486227,5,1.3812886390770354,25.35239352901783,1,1.0,0.21176177934656742,1.126905828945777,18.693708908062494
35.675827589225854,44.381449686109946,17.80746550833566,2,2.3711713392325224,32.66948224591562,3,1.2,0.14491352881980843,0.7143522151110883,254.98415251986543
23.94690191538492,35.50654864054765,16.26535778883169,0,0.8414646882871645,50.127898455171945,2,1.0,0.6002842461812157,0.7360849116230266,36.823492771152445
27.32454160620734,35.526288537128956,6.055553667243672,4,1.788422321277448,21.200703417726487,1,1.0,0.11867398636634104,1.2160897503935197,182.77103883941209
31.672263924989863,40.32169487910842,20.95303552836488,6,1.733185291648874,35.17129872575353,5,1.0,0.19310150502364143,0.22822717201802228,145.09996368611385
20.18846685769776,25.903414867283445,4.05260312088948,4,1.1728446820593494,51.04407738949797,2,1.2,0.4128078530455671,0.7347195153899369,44.46965439618059
3.933351379453236,4.6553301776424245,1.28723499649994,4,1.5291086332953578,20.897671895378043,2,1.0,0.13916816682018648,0.8885296502106099,23.00179636053349
21.715708401832636,27.089974205281727,17.21915977468589,6,1.9088488101044094,35.872777173562504,2,1.2,0.4604007038066964,6.312233392313148,114.88090277046614
23.680224161824725,29.551150897923442,11.411417165585608,4,2.0361230346992767,50.84184916855217,1,1.0,0.21732852175920192,0.6495352964845414,73.84683117450754
29.944859230281036,33.566450637114094,20.378352479008225,1,0.8012186598011857,54.38895487887474,4,1.0,0.41488578163013856,1.5516779755653078,39.22471793471333
17.550552076072336,24.694101538163995,9.201531385398216,2,2.392650831154726,75.54510158331833,5,1.0,0.8120437183810614,0.22173324548969892,57.63110380529174
5.539421960424768,7.016241675148281,4.038686124185108,5,1.079693133067781,58.72073739503647,5,1.2,0.6637279100289922,0.10158559372477577,10.477199864318253
11.709148279049616,16.73087358966887,20.074612619276873,4,1.1970867381780106,44.88414815179962,3,1.0,0.5008609700087583,3.078230077975563,30.790529099687475
14.841750707746087,21.374186997501365,13.17383115936172,4,1.247904857679542,75.82107062798407,1,1.2,0.18264997706964436,1.9680883376159666,27.663949896740352
26.013731032598248,30.8210066636344,4.540699017368517,3,0.8642942321384601,67.09297900326766,2,1.0,0.6572346933832598,0.5729875621591286,25.352485706869953
23.04574303442202,31.40999711101434,17.2892159660747,2,1.0091886101035523,32.00053526676486,4,1.2,0.2473386872581453,1.053518040303256,80.90863991875906
14.565820672964927,18.774071566878355,12.266727323748013,0,2.4767948690050754,27.850541680929187,1,1.0,0.1689277094754534,0.21882970678736186,100.51444343909871
39.4673523273227,57.30906999158068,14.503511573767675,2,1.3358684535413863,60.54869814456398,1,1.0,0.6975964157136471,1.8421948471500709,80.87435317039095
24.42810536459704,28.978970317997604,11.061560116957965,2,0.9960118535763839,53.59298993461903,4,1.0,0.9208539080389068,0.10938934709102513,38.47905787039976
9.870458273571781,13.533634865303537,19.889015611632153,6,0.9818851439968597,67.38041682756534,2,1.0,0.5145340930934701,2.1222448225357535,12.804130088703984
4.520407668505948,6.071363376949332,19.909505176393196,6,2.0230819450389523,64.32830300472119,1,1.0,0.13689631954730264,1.1872534711922915,12.61605074542339
6.537935997781115,7.963994461725162,17.02533172378527,6,2.2527667288554896,57.512692031450904,5,1.5,0.8922679456766869,0.49036328101568305,34.741033785148545
10.215330271188071,11.795032636762667,2.5296330575150945,5,1.2368189091643988,79.18293029773353,5,1.0,0.1602763895112167,2.9770083974217005,16.9806165783535
6.846914243752449,9.316294291250614,20.132492685697652,2,0.8355461709698995,52.01538380662452,4,1.0,0.8807619184314284,6.410767150758494,14.28236375006336
7.869397450026578,10.981263976478306,16.104311532789836,5,1.179253031357105,26.78634539010319,2,1.0,0.452637435900638,0.44024662856945274,30.7212078370603
11.76125916340696,14.422255075371057,16.728579984103188,4,0.8960766743544875,69.6964138889593,4,1.0,0.4288550847607807,2.461750106761926,15.647594371398347
7.348257014142815,9.978440997739074,8.71158816969292,6,0.9757713922710706,35.11120174074254,1,1.0,0.5885176415108067,2.0804397720195142,18.439196073719653
35.92223427274379,45.1920517126671,21.10270934776816,4,1.533563803740992,66.6381288886351,5,1.0,0.961376335699797,2.062676309352251,74.05051455520302
3.669232953634867,5.082925128558273,17.40891840563658,6,1.1908612304647754,77.42642576000308,3,1.2,0.9088664905773804,4.728074350131699,10.692310635844331
21.218199888025058,25.030815686207514,2.702171196700667,1,1.6771079934932198,61.807730837860476,4,1.0,0.5232970794742905,1.0000999552017134,49.04063649722675
16.71067466609163,24.3321794494716,9.786672825747903,5,1.2309393805372237,55.76180965698806,3,1.2,0.7262409079214366,1.6820602385126673,43.36492340828589
39.303955367889955,47.75288448539352,21.2731286870434,5,2.398913411875011,47.623170540502436,3,1.0,0.6223863271090712,2.604862093521073,160.65948894647647
4.925536635638068,6.142707641908781,1.132720840737096,0,2.3401047454746498,41.864591959724194,5,1.0,0.7241154211568507,0.9795531190103073,27.798114018413752
16.215296162306792,18.213617061589236,23.073998871409188,3,1.7635703785177923,41.180285058310176,4,1.0,0.8463947140558873,0.9850238626268288,54.50590333030702
38.79408211437707,44.40389589443376,16.299901639669507,2,1.4025207863785565,58.18236234257544,3,1.2,0.13104444598173448,0.5755291983508933,85.51767958117148
34.68753147281222,45.31387501447691,15.153023463441038,0,1.4479496994590506,65.07638701626476,1,1.0,0.3931838685351078,2.2768320507484674,59.974200454156104
32.77434680249656,39.55985155830257,6.4934221557117935,5,1.5001488813456447,60.71102416906486,2,1.2,0.9633961974104804,1.7384789845732582,74.05897848502902
10.687161668275124,15.327442732364169,5.97100292974025,0,2.0368848476294046,31.904606071613763,2,1.0,0.9544026776724317,0.8998675439933284,65.83300308912804
7.2500597019076,8.01767685008706,22.60939726772629,1,1.5677862923820245,49.63923080860947,5,1.2,0.11009880097971626,0.8153762022322033,25.177477228579008
26.911407187015023,33.68332962811036,7.158538901618946,3,2.2564409090600255,67.49840433098379,4,1.0,0.2812961169301297,0.11303870923289815,78.5176195368555
37.210351570539636,45.952485286007146,18.612127121255984,5,2.40496113608162,48.54224469134337,4,1.0,0.9943930381099264,0.00978355698375372,153.6687021637048
22.492134274050226,24.91523556937444,9.4349231569699,5,1.3711084607441877,52.19739678412963,2,1.0,0.5435425683095373,1.1290081292492125,40.36294315199259
23.078701234061043,26.534675806863657,3.3420976988328954,2,1.7531806183386562,66.26816289024933,1,1.0,0.6155794035701674,0.8106207344648013,40.89274679798671
11.559174199581225,14.627638713845448,0.2571671446886148,6,0.9615961126153596,59.67591837590549,2,1.0,0.24977816697020727,2.3847232454579723,15.17446388738439
30.894970861081507,40.075282737174824,13.06217608836602,3,1.1407973812028103,44.56069525294356,2,1.0,0.9049020478826766,1.173472779108132,65.23032414679938
7.8882280680221735,9.952702767588171,23.418691645174384,1,1.5028918034072722,73.72476267165314,4,1.2,0.3081378696842016,4.139948139694242,22.1101423439512
13.285329837967625,17.43533569420817,8.859268651420908,4,1.150544617033024,29.754024119808715,3,1.0,0.27068286701758293,0.3274967221506419,43.87676156197037
17.304739325348464,23.15465265728365,8.572616015833077,0,2.29015283434082,79.73098691541949,1,1.0,0.3053101629882954,6.930477571878111,46.36977888000354
20.550609958035974,22.68724718475616,8.258198828386611,2,1.0690866353004669,27.131154708574233,4,1.0,0.9276595323769079,0.5305601606448151,61.75418073728493
10.07518443039567,12.953040603334411,12.493052095316603,5,1.5746233966402563,20.896998266254336,2,1.0,0.7325620364591643,1.5426109171858209,64.38753851043512
5.03605457719854,7.480553939798097,10.575957202183044,4,1.8296887087817886,73.40113406892588,3,1.0,0.7917367550412475,1.045292246002772,14.692106654120732
24.619491676444486,32.19276520427111,21.117951041448347,1,1.9761686438734356,34.697210501957365,1,1.0,0.43933272236582743,0.668438172782603,110.92316219587522
11.900906852990103,16.316344503886196,12.132499001363767,3,1.4512179285350615,63.781977646803256,5,1.2,0.9182593134375052,0.22502990537214243,34.218025024840216
23.458909746193186,28.731195159201217,12.186188116525651,0,2.2774684168320385,68.66092249592415,1,1.0,0.8104671571054508,0.21725108700507184,56.82342442730625
6.597327253330992,9.299569743836265,3.3209182732933584,2,1.7661425568324733,71.53918346192701,1,1.0,0.7755376262565891,1.8646205881838132,18.260143146589243
19.505034023265292,27.485881346114322,23.585748981849264,5,1.547163226760838,79.49565413985,2,1.0,0.9738462553056565,0.7113581965294459,33.50325580461021
21.53728258578764,28.18193096003897,5.999349380851912,5,0.9143090778884623,37.64238260239995,2,1.0,0.4295771477140138,4.877794998495799,45.050439563778454
2.5470297044858627,3.796107154886838,1.760737619030464,4,1.5899720963567805,62.614600515635544,5,1.0,0.649876282116293,0.5910056559715611,5.637028783354528
13.795868988659864,15.868285613271324,15.915509975405012,4,2.1952509293867415,26.923991496849695,5,1.0,0.9189367290794945,6.158750421339371,97.28628186355107
5.809379739089483,6.429699881412196,14.288792883764945,0,1.8447197309762362,44.408557481410966,5,1.0,0.8118000488673572,0.3449185565026527,18.464967928527297
3.003311333674326,4.228852421478734,9.963495695825898,3,2.214676171339501,70.87830159875543,4,1.0,0.6070410624030536,0.1627387665767852,10.973007677209573
39.60342917940284,56.350222961660315,10.132613613136273,1,1.6398198400188195,42.0594827635465,4,2.0,0.16859231630217897,0.5621923277470297,303.0729551660008
13.232976876501557,15.192554357488078,18.84153410511435,6,1.001384898660619,55.46572283213684,2,1.0,0.6874510956001059,3.251881874001705,18.499545141175652
32.49004061125808,39.19056348377513,4.697103362391577,3,0.8231877379209979,50.22640662347804,2,1.0,0.573900001181067,1.1067522823506881,39.38832174804303
10.558305863168671,11.688265737904079,19.686079654677354,3,1.3154732294216052,58.7570918667227,5,1.0,0.2657624153361638,0.21866643326431323,18.973389959148438
27.419357527845207,33.37822674662489,15.569930733480437,3,1.9865838015462471,78.3736633632617,4,1.0,0.8940278110083377,0.33940837890726666,61.0045047410134
30.529000465642618,43.02319996375525,10.055274570708585,6,2.1434418367008794,23.344131590084128,3,1.5,0.40892373540886895,0.5593385986046604,391.9765529537181
24.02773025400985,31.40866961625181,10.992686798012848,0,1.30277981885456,54.43769105009778,4,1.0,0.4487319041655673,1.3380073193872684,54.618301124367385
19.127259447731255,23.703231281761084,6.159532972466299,6,1.6426116655015202,71.78172675501708,2,1.0,0.7051613939167695,0.60605181250932,35.380693309115415
16.76771610881711,20.937775305091296,18.050743984727397,0,1.515902137537939,48.88296270490565,4,1.2,0.5399188678371168,2.0618693644562214,53.53402122031337
14.280296528448314,15.716058251935316,12.308993815326426,6,1.4978887333974273,24.71163115649437,2,1.0,0.18035296865123446,1.436816231973847,62.354197548392484
37.21640119778912,45.4010400028387,7.700509025996246,1,1.193292812440256,53.63236114500625,5,2.0,0.4486974556197113,3.105113159549105,146.8581807900423
33.3094666076153,45.25369161549269,14.305202778262807,3,1.0318308785500792,39.92443344942923,5,1.5,0.18501950614440982,1.0426090288121708,126.7302842199202
38.61856297132725,57.52921505839562,23.897626849231752,0,1.1343705489930622,29.296507120276154,5,1.0,0.2716753628110431,0.6033524277544029,159.90296316005535
5.409740327679017,7.783666006739693,10.446294711757293,6,0.8940650581776884,70.94207079700838,3,1.0,0.10645699451540847,8.387651184392315,14.706547227681487
29.36926527054395,32.58337850788781,22.096593618686867,1,1.136822261100081,51.2959707794673,3,1.0,0.26318177333619597,0.6592310082529564,47.945780880401855
37.564448044430996,54.8224661085063,8.280404158189587,6,0.8156415259631451,75.996584742744,2,1.0,0.39740261859852477,0.8395056135645365,37.336973813907285
7.658706113543576,10.82389131531706,1.3135849661996613,5,1.866339281081163,68.36099027618414,1,1.0,0.5843965903590652,2.4842222613462357,19.800745935013694
3.126602560987711,4.415233211682758,4.901810552842293,1,1.3378381925590608,61.57830762642004,3,1.0,0.927349490064459,0.13921973586608083,6.871816079144116
29.774265646957332,38.206287169153946,10.048683439864421,3,2.4543460094257448,20.301530201918716,2,1.5,0.5862941805178498,0.7328383318758366,436.80828690940245
23.19168797060652,29.203022593607443,5.271238286269656,2,1.1293189863197064,45.66940739829499,4,1.0,0.7350431872279074,0.134411360097484,49.70290488257853
33.75223668195174,41.21709369985245,0.0054489172381329,3,1.3879085695263096,31.849176899121936,5,1.0,0.4219093821751968,0.22502412527161014,132.53531488581467
6.021008876738435,6.781329495980406,21.960036905940655,2,1.4083299696906066,74.64787466293207,5,1.0,0.7764677142105406,0.006977441342916727,10.777900478367354
31.91305881846566,38.01784013216355,20.253105869542296,1,0.814367543306183,30.475039080581617,5,1.5,0.6584218714463297,0.014385196861555472,108.98706939370871
8.464279141885909,10.145635857617595,17.815013555686733,5,2.2266535201670803,37.16360309955713,2,1.0,0.5138146119473751,0.7177503700335832,39.173895034778894
6.964409743195328,9.009375141813731,4.027550295504687,5,0.854390582245352,51.01020606406995,5,1.0,0.2743919154021032,2.4845097546411594,13.392052672160567
6.988499018274221,9.776754720787865,2.8887258290396653,0,2.39830571903971,35.801817139884754,3,1.2,0.3731868171975691,1.326477366615362,53.316786246439115
32.675701449139595,42.1360989926133,1.6225139873371957,5,2.316526396859155,32.59188063674727,4,1.2,0.6588514786381796,1.5114336864165834,249.4576658981791
26.775290217499904,30.07234000781759,17.37670053055011,4,1.710387257346138,55.945959506165146,5,1.5,0.48345069192811574,1.098609462941451,100.52196415871236
21.161084278380212,31.38434098609199,22.291391056509248,1,1.7241124773491965,25.335771365301433,2,1.2,0.9004479010741466,2.570474833294863,163.65330435282618
14.673804122878348,21.67452533527053,10.332859701912888,0,1.9114224690254658,23.490065523255485,4,1.0,0.3113562443820268,3.185136855339265,123.95787372714892
35.14942136211778,49.70394673883042,2.859376127905156,5,1.4579850202893079,42.33471771116429,5,1.0,0.16576538702794508,2.843089496933701,125.50928197397285
16.001581743194098,23.94686569798909,12.297427697570559,1,1.9002778817763544,63.23986727047174,1,1.0,0.630413718854936,2.508024380394796,43.07839068709448
32.755677859127296,43.16520080231665,8.371965779007123,3,0.8761062607704277,53.28840549643688,5,1.0,0.8974457561710684,0.30264757594160446,52.441663607764156
17.845828888523627,26.50297147253795,8.995798184399945,5,0.8918809664945352,45.37258810800673,3,1.0,0.42826512649580983,1.351645953314128,36.45842992294355
15.38930496228385,17.39363906920705,14.911934979736975,6,1.5772917133532256,53.945093853474944,4,1.0,0.6829402013813486,1.3089965159693726,39.41770805575894
18.775851533949453,23.39982366261602,17.249234718292858,2,1.7343579118802595,41.92708907919642,3,1.5,0.3082713599594338,1.1259864964581172,95.16056803117685
12.404426029483613,14.763158739400435,2.6544863729558603,1,2.3092899885708924,76.16878012592677,1,1.0,0.6026247295054195,0.9832361198903672,27.23328409371383
30.03057051696192,35.386019265717444,0.8541655393554333,0,0.9779230776434237,23.29429345464646,1,1.0,0.8081128907763878,0.14009929674227356,91.0234949222363
20.35745540865293,23.539756850914017,23.863927264457157,3,2.198501476229612,60.40348874179011,3,1.0,0.8803284388990155,0.16165050323138347,57.24712604207817
9.672401458299284,13.047735449868538,5.585480373973244,4,1.1570804733965183,73.47695988966504,4,1.5,0.19460721686715704,3.4884976553140294,27.201905052267616
36.033195644345454,50.89792452451828,1.2919325978030178,3,1.4699422024670543,68.2330825241152,1,1.0,0.4207370646639209,1.492134434783408,69.49603884305556
15.663703244241852,20.853391374722268,4.557007898302079,5,1.338224139206602,31.042462089286804,1,1.0,0.6756799977422832,0.4563620650921981,50.75021593181225
21.97033801400255,25.458899977445473,0.9349883123631413,2,1.4802639638711783,37.7555809388173,5,1.0,0.13125058128428702,0.4912992856516267,72.74445907527951
36.3056483830996,51.71556297596107,9.40346147081212,3,1.0558423467233955,63.022876322426285,2,1.0,0.7215536801357443,1.4131623495211474,56.3907994179252
25.157400838602687,34.0727279157886,19.257642826831784,4,1.6560691264860434,25.05623355084593,1,1.0,0.5752304945234444,0.7836768466222588,135.86981039901926
5.117472607980381,6.423790816163324,8.189866794185296,6,2.1627924027133245,68.71170198995505,4,1.5,0.3597096512980238,0.8732788295370415,21.149010408105912
37.623368882732265,51.53092688459694,10.660401765080797,0,1.5506078176441247,63.13441667628742,4,2.0,0.8331890055346455,0.09385068328654442,177.0927106763249
25.294468096321005,30.45357818816623,16.214082565618533,1,1.6340430790269385,63.77639895412055,5,2.0,0.36104564106619763,0.22403685277987298,112.54157349148988
13.728771778954902,16.99727497696657,12.213457681677124,2,2.242904894978234,26.014482216055484,4,1.0,0.9922735415834231,0.7497059454461037,97.16126310606799
6.001246870203797,8.803795175045035,20.674696464511783,4,2.0002987948846522,63.06563268897385,5,1.5,0.8347331702020063,1.8043921250293171,31.29808103315608
31.86399497617669,38.7530481175027,20.784856201098158,5,1.633772494483634,60.7890875131982,1,2.0,0.7371824512447789,0.07382536828999102,128.16419909190898
24.992873859176285,32.19070424563952,0.23785669178768742,5,1.2380826019216054,69.85534944931103,1,1.5,0.15521280216638142,0.610955229204968,50.28332101850838
21.5717131330647,31.409632151909875,18.67311135559678,5,2.3043754696364434,22.49575737538817,1,1.0,0.9138793347885461,1.7815191572811147,196.65645373164924
35.80875703051283,49.526681484378656,11.057606405800172,2,1.7809346828739492,21.38664010806753,1,1.2,0.8110497751637958,2.3556921209339476,300.86517758341586
31.649589843368965,35.60203146572473,23.732172991287914,3,1.175950937188179,42.38042599271364,2,1.0,0.30612257136262205,0.31649031395285165,62.168311109393784
6.491157749443672,7.522740443343272,11.597569821010444,2,1.2575035794846177,28.927297030949173,2,1.5,0.4530233631942001,1.9722846604090731,33.15954729912133
12.813021677924155,14.134513634736566,23.68550268931914,5,2.165326251191618,53.503068654213315,1,1.0,0.34176839645722856,4.66542548012653,38.88326210649837
10.315321022671396,13.95011744750348,18.10966466893768,6,0.8750474555486744,75.04093409040493,4,1.0,0.9859744307629599,3.5597068974460155,13.993045573466762
29.88587855662074,38.22611186221968,5.966517230719352,4,2.486556717948994,43.48878382004094,5,2.0,0.8687768003250035,2.3365216395510546,316.06776271729143
1.8245311720632855,2.104979749707755,12.921479502886985,1,1.0215978555151461,70.69702263635625,3,1.0,0.9372027724255922,1.8688946538208233,6.007465246742008
23.010642552417004,34.12877866701915,23.811255347485986,1,2.1533164931747937,20.014452471071987,5,1.0,0.8098968127378868,0.40209038444705403,264.5150285095822
30.617118086757277,40.165491620969924,20.58073458604617,2,1.471118038511861,30.11087860755105,3,2.0,0.5107134169632228,1.5072863603366446,259.37990683501977
35.132242652089104,42.044768479172895,2.3368054509893064,5,1.6367675115886937,21.825412379245137,3,2.0,0.2848908248332166,1.546180922307249,418.5779612660503
14.012229074278345,18.219280747474805,16.952927923439905,0,2.297105981689782,39.68883083090412,1,1.0,0.28727214121876044,0.7833894456169684,64.69269590751857
32.93966353454451,45.18821592461081,8.293910060899513,6,1.5019490223016625,74.49137574179016,3,1.5,0.23651456353000933,1.0189121584613003,88.98152916098464
4.869953609730685,5.505461552613116,0.16757428512835482,2,1.7137393812444985,25.817127415939265,1,1.0,0.5919845952730574,1.7763949199607807,22.737236745683937
33.934865523513466,41.05716688484335,9.68354325664799,5,0.883809426095589,56.38458660462802,2,1.0,0.9279698705772783,4.558007753759404,42.553918730279214
5.535802162113305,7.876262901999211,5.634106121399311,3,0.8039907055746705,47.089756347166656,4,1.0,0.9926182630411896,0.5249878631043919,13.629025472487298
16.192847977134505,20.78944612159177,19.652862492491316,1,1.2161597841029341,76.30809274194874,3,1.0,0.35856982003308835,0.424266991339274,21.748051059190704
31.99316694829237,42.187177145185494,8.095934612298372,1,1.9569912579619044,27.35114855222563,4,1.0,0.7275830862670564,1.3812272942068178,208.64378920927163
6.421738380276564,8.175684671498788,19.86056865489161,6,1.0061503187105325,32.721671030133734,1,1.0,0.63738821404934,0.21027151249289214,14.54354323939667
9.555430111689338,10.678766256391237,0.014350532035087404,1,0.993395329967734,21.772518116689596,3,1.5,0.54004250518868,1.31032406052322,48.41486668200899
29.02897645152612,33.85649267877671,7.38765960062686,0,1.4986330336610356,46.03611497788243,5,1.0,0.6991917794308372,0.1395740564074219,79.21944215279919
28.94144319356994,36.99343472413433,5.787965143386287,5,1.9013229656339852,36.66997397387926,2,1.5,0.43422671708206206,1.0117351066327185,184.12427325536135
25.825331498969245,30.568778244436533,5.6056166656466635,5,2.010522386821482,72.19435603341925,2,1.2,0.9500362975841046,1.4530126215269954,65.9574683445791
27.91096355645045,31.26004505109833,1.6364788743711047,6,1.1033661459672373,56.2964487918653,3,1.0,0.7349039809357033,0.10903288721375232,38.46400199409966
21.93761551223005,31.53444184624944,4.490982489852041,5,0.9352998505324722,56.845444278542104,2,1.5,0.7787809827932003,0.3478094731566127,47.65697885966215
10.446062826824633,15.590508631450822,13.333189677254877,6,2.398674957707425,51.914641812878145,5,1.5,0.31817988550546655,0.6127968467734869,78.67219262922426
14.154991743404818,20.061263250850985,6.992665748105868,5,1.243132850355573,25.51102023375206,4,1.0,0.25172380314785747,0.6897204544794193,66.89320304739408
7.673109813656314,11.060894979615492,10.01747477589955,0,2.2506890459348305,46.70112102352131,5,1.0,0.4549067137848908,1.6910021825452255,39.78530317554924
36.38379717267832,43.54379562189901,9.044805128332523,4,2.267935465786791,79.970311382511,2,1.2,0.7900052368025385,1.129413742553671,98.45563176779386
23.54397589326176,34.94516482414783,21.02171819999747,2,2.1132884059963253,70.11375745076089,4,1.2,0.9449163187775718,0.7221635328344906,86.42494623444435
16.333630962163774,19.253598771782723,21.727175976252372,2,1.087017131309369,73.60754325002696,5,1.5,0.484596843376607,0.8986009659374683,29.43717853716209
18.74922924394324,27.759582417935743,11.83096731974064,5,2.1970624807321406,69.39358155478996,1,1.0,0.7967411132474493,0.019592404803147993,51.64277617335071
37.917691914666705,56.79796170588025,7.923742807574506,3,2.107725950710697,26.18250160585896,1,1.0,0.5233668575201286,2.2079436075555323,273.8478404862726
6.557380423085168,9.07993334261864,2.563216896056727,1,1.8144290831805692,33.646895243887975,4,1.0,0.3657054245999174,0.06280363989087051,35.77717985549648
23.65607836466349,35.305691403636125,22.881669105170282,0,1.3732434597872198,20.187299081384577,4,1.0,0.7653386356532629,2.6519251980164036,166.62847834314564
20.482602815936406,27.197125934629632,1.4454466776071389,3,1.246264627253125,38.21060749268669,4,1.0,0.8183819205831945,1.1680462354997456,60.91372338443409
24.65244229966859,29.677022063276116,7.143606661638731,3,1.0072116605366104,26.516444140789552,1,1.0,0.28255671467261223,1.1255899459640473,66.7613067594368
1.2153522609232001,1.5493290620786597,7.1535888280801,5,1.6665870137314815,48.36760071809498,5,1.0,0.3746525518407976,1.8290288420661338,3.1352476329334116
34.948894403293984,46.74150322461282,7.689630867365158,0,1.794943488366739,60.627649314434116,4,1.2,0.545299159126296,2.9444573999347377,117.44330051617689
37.31867215810269,42.14146211554825,3.9428842385378227,2,1.4108762838768383,72.47031770228463,1,1.0,0.26786964679018904,4.287772866949456,52.38646224212552
22.822760751773753,30.786473400486024,18.79587434216873,1,1.6081104150574765,64.95302990545389,4,1.0,0.9359508688784133,1.1758223956375105,51.06148604128592
28.017707543137245,41.815619768736575,2.9399486871837412,2,1.4179745775277532,76.31513574671031,4,1.2,0.6322005213046735,0.24494043010236,64.01855558767154
36.93872555650318,43.44153183277467,15.237759819675908,3,1.8897102974451923,23.233897423627326,4,2.0,0.2090829496345234,3.163378768321396,491.30477702885867
28.435926055379245,40.29478910836964,2.972304640939619,1,2.3321406532541578,20.730790124992488,1,1.0,0.2656268782142159,0.062283388175383994,271.3805899103257
6.525292195113323,9.547543379825836,1.6928553022309574,4,1.0786644454798062,59.68028683017276,5,1.0,0.95891981079236,2.470220424610587,15.793662006486413
23.26339022658912,34.37120861374024,21.826308088461037,3,1.44839497683531,37.36114461333477,1,1.5,0.7643517271269564,1.7111291018154728,124.18239325697057
24.465244332122808,36.30774962683496,4.563090391648936,2,1.0394766267164643,35.21006096634639,1,1.0,0.7609645760544875,3.5265227998991953,69.06123021043943
17.253161516444248,22.577208616555964,19.710003709432904,2,1.8624044096933143,39.85322526162766,4,1.2,0.16524873460454909,3.4162995528462368,91.09977027310971
29.589547307176552,44.11574146877115,13.071140906571259,5,2.0390798661306127,36.18776347354185,3,1.0,0.9057689539380523,0.08192836207421139,165.3629789991731
37.407497083376086,52.479878537550675,1.8685564706104705,2,2.384251645415675,50.686184378095234,3,1.0,0.49936182630274417,1.410285116357372,167.68027586461903
37.05995625981767,43.162566427960925,22.930756594513618,0,1.2740822746436404,46.40890683344795,3,1.0,0.6937455903759336,0.1997339749374833,76.24516877428792
18.30815517046322,23.631435147519955,5.9270680078054205,3,2.415359049971231,50.74571308259938,1,1.0,0.9637202972026125,0.1225776604784126,68.5592098802761
4.972902810709832,6.89906954019199,20.631488288462556,6,0.9075465420951472,60.36281669002617,4,1.0,0.19001114232090122,0.8920641518513984,6.553767899882782
39.40122735901222,47.23955490236848,4.05144013882954,6,1.8251235677197999,43.2278305382689,3,1.0,0.5340488135379209,0.15404200801591503,132.15379579178784
33.6364744146144,45.6193363484981,20.49462917140447,1,0.897125622883661,35.078461228529406,2,2.0,0.1446514629957386,1.952391587182066,146.97430804686337
5.42417590752904,7.41289680163874,0.31749150972705564,2,2.3194161191953064,29.97203220852473,2,1.0,0.5495908809913439,5.2077860052726095,42.48186859195348
36.87325436338621,42.960287415049244,12.282730957667535,5,1.700675397019092,40.968447171957536,2,1.0,0.32703346943881395,1.264501012034398,114.03608943378617
34.860906301454065,46.22675138349685,18.466621906117364,5,1.9378921962967535,64.50838851477033,5,1.5,0.9199589763464836,0.40215032107251075,152.63043738512664
20.99410325647985,29.57335959995323,22.435092419826802,2,2.213675674047769,65.40229460668817,4,1.0,0.45864324484577823,2.779237401263912,71.43935485166968
23.855379711924705,31.001455888772334,21.82085126895569,0,1.0555280582227469,60.01432320105262,1,1.2,0.6704852014468712,2.877039255604019,41.6805109060566
16.260606802870143,17.965389092351362,19.67099686914348,5,0.8656056552948276,34.04169051841247,1,2.0,0.8742585383330941,1.9795580100921044,56.358362675549756
2.663084733470238,2.939021290424864,21.316592391871296,6,2.2940979480518484,55.285174751281865,4,1.0,0.9853226725754589,1.432283011238386,13.539022356880073
13.740291045013086,17.076594988617618,4.781272460089836,1,1.3353864866801852,54.24137969461088,5,1.0,0.5534374332956914,3.0350734180469368,34.255151407233114
32.212711219621454,47.36807116547132,6.82042309708149,3,1.0192641434761809,49.05597188658353,4,1.5,0.5101819325753103,0.26741963143572955,104.14847563415128
0.6829649086818129,0.8137326859098462,6.935244598105404,4,1.596384103048047,52.99873918303185,5,1.0,0.16816568076681285,4.023576452235743,6.874873559758864
13.673217281800195,18.510056031430963,9.04929434404077,0,1.817120328683232,49.50743795742008,3,1.0,0.11146504900349354,4.411955601282381,50.574812903202734
16.22766339684226,19.291938727795237,9.439696089244528,5,0.8526500258182672,53.92738196444649,3,1.5,0.6479218832486465,3.083498158034747,31.068429742345526
21.727126316047954,26.695424746618695,13.069327791712212,3,1.2673226190370492,62.930357277267724,5,1.2,0.15891791693288143,0.43284776283134274,46.042214437422466
36.83429684830404,53.012540160429296,3.8371143207945932,4,0.8557597862707232,26.577691664206384,4,2.0,0.442341043334626,2.929777879107001,237.55279123461273
14.18066677745547,19.7330299511073,16.589919930863744,2,1.5145701616323484,64.97754512894141,3,1.0,0.10324579249581535,1.032652087972322,31.478623252830527
14.204651474900993,16.167162016467728,4.021596943308156,2,2.3216700494126155,28.153169007655652,4,1.0,0.6537047490691037,1.355543960067306,93.193570518879
29.631299300335062,37.67562838817158,7.447403570509141,1,2.4705090995390675,23.997679904622483,3,1.0,0.48287364439644664,2.7545136268941217,256.3321996713244
18.362608665147384,20.413122713531255,12.080283134547697,4,1.8829808409561668,78.56478117328805,4,1.0,0.21431869280765908,0.04504386414439595,33.86744089202019
9.371890506129288,12.111819476518162,19.114573476563457,2,1.0747840794338062,77.41950613222649,4,1.0,0.3667308461567399,0.6763432579462383,9.259503060527111
18.37136088724139,25.076422693142895,17.747261597729455,2,2.3399439629988197,23.626192696433844,2,1.0,0.612694629074732,2.5367317204567392,160.1666694040166
6.0638523050020945,6.957670498404084,15.492824553852534,6,1.6776212994401027,46.59520648849773,5,1.0,0.6910420312089793,2.5226483054583437,20.714944934320137
7.467285966995821,9.076889143852547,3.738558253924084,5,1.0613738305749607,31.174696297986486,1,1.0,0.5161022916971021,2.8326162982328276,23.242561416849043
20.18552702320945,25.416296507488894,13.129088294773865,1,2.366935338067824,49.120693828065086,5,1.0,0.8235632044818513,0.27807798826693153,88.7766540910091
17.047555255429643,25.022613161734945,2.0987160431972507,3,2.087697386229275,69.81063457997524,4,1.0,0.20119637053268713,1.8356849005535019,52.775136993106464
36.636413092189954,54.85577482177903,9.056716243119618,2,2.0438989636293576,77.03670648457341,4,1.5,0.17609115035116701,0.23762047596848507,148.50775796452587
14.814559015107008,16.562151352383978,9.92439672695902,6,2.0056071964504882,58.055159207092245,5,1.0,0.1398198421160275,2.306359815561575,42.910506879809034
23.433239835982718,32.909716294921274,0.9554745466980918,0,1.140577695863952,41.23434003270902,4,1.2,0.582245055504498,0.42180665546787033,74.61402094963152
25.47443937282145,31.809668187297653,6.575714387279324,0,1.1587113759027943,56.199533938675906,3,1.5,0.7356085338110121,2.0080729813086826,67.49412645350525
1.0172310352391787,1.2786423975896184,22.935587214395746,3,1.9700980973263336,38.720078366507025,4,1.0,0.21746925948027673,0.9104586811490986,4.767807344147127
26.709726194660067,37.439183180654695,22.887182587912548,4,1.1735286751876748,74.58941844992361,5,1.0,0.6750510596698532,6.431544262260152,49.749607393491566
7.532420691355181,11.052852464882536,8.455849302060944,1,1.545741884565183,72.22402778635022,5,1.0,0.5292529895705813,1.3008717235783709,20.36348820088438
38.46227754004348,56.93845710305602,1.0344026147597774,6,2.1294031035097003,53.49390501677966,5,1.5,0.9886100501360037,1.5018719110699994,244.16475016430002
6.372177746247962,8.480406600716943,4.298278543876357,5,2.1327192807663296,39.48793492282164,2,1.0,0.7457262483397703,0.6886869641376949,29.54013572774244
16.877652887217437,20.97636496208101,9.413227042404962,6,1.5705450132939616,37.6033805349787,2,1.2,0.6917260016724632,1.9893245479174753,68.15087658719929
3.8713118891064324,5.477982333753074,22.746712751261516,0,2.1467228950679167,22.005079682303567,2,2.0,0.61340476138511,1.0244556331285402,68.83131267362118
39.87653294791492,47.867812214558946,3.388777524892438,0,2.2256570535366964,68.94925106151771,2,2.0,0.9976295633947334,0.027347744164692673,195.7469551711439
20.33670290808408,26.958935575913813,18.324380248037095,3,1.9131187771832425,47.02299278234048,2,1.0,0.9824132537691196,1.4069673134506435,72.88810887999169
24.01770818414173,29.864372142565063,2.60838094499261,4,1.1883239489243143,39.50797570401586,2,1.2,0.5843036129450694,2.66199596404341,68.90645921365429
3.1495208568428854,4.291702247284812,23.550181857390644,4,1.265820026655431,48.266621299865236,2,2.0,0.5096650126008355,0.40535621716851983,12.228821021870836
30.123438580767523,36.032439193816614,9.158795978619239,3,1.3352299641948502,69.12427942727912,5,1.0,0.5159034304315772,0.37473911801288995,50.77064596756741
8.791270927275638,10.344136217487073,18.605628933577343,6,0.9985669831477184,27.47685246245127,1,1.0,0.4855081512910291,1.4081350043837817,24.638069538307665
35.97314443290819,52.78323779176589,8.222185987467164,0,1.2643713546289068,71.45935929450964,2,1.0,0.57825847629669,2.555452098890355,62.4731527548794
8.603015799039284,9.813644856069313,15.06405305181141,6,1.1561826813313045,73.85053010650124,5,1.0,0.34622584103293363,0.43076397649112486,10.351167259030362
8.032164966214829,10.460956415191461,4.6083860337608815,6,1.5740588746746238,76.80247490203328,1,1.5,0.934109904802984,4.038176356310895,20.96706394321427
1.9437118799997477,2.3097927391902053,3.504504463127101,1,2.3443438313828504,43.84927954535767,2,1.0,0.5412070733157417,3.933924332882879,13.542248171303381
19.14664433184497,21.359460029688798,22.513539349635153,0,0.9776165384817288,33.028424242260314,1,1.5,0.8578070306547483,0.3357219244693268,58.00458992632875
22.811224763873348,25.421000584170617,22.023534669706404,4,2.0244554707105724,42.41844910800191,1,1.2,0.527773307200858,0.4593484271166214,87.2444536520358
3.0954912574199183,3.621999368627196,21.299254565109177,5,1.9683811075023172,39.974725773884195,3,1.0,0.7464612465192186,1.808956253333203,10.36081890109361
31.133340859452918,45.04085770287987,15.010402803998243,6,0.962782137727708,30.569234750171603,4,1.0,0.40319376802892204,4.546514160638155,101.42405973923158
18.40490897254709,22.324998097632445,19.398437069190678,0,2.36837308833986,56.436000206089275,3,1.0,0.6623261719599345,1.856204874506072,64.73356092557081
21.21341563843941,31.3997513753954,1.656886485872998,6,1.7664027436665934,48.59744963051773,1,1.5,0.5485343009058274,0.882910636554884,104.25273211353746
17.910128504060012,23.867913357771013,8.0349370053763,1,1.4183333859306633,71.94205953944022,5,1.0,0.4304028308802489,0.27769065656475145,32.09015540750509
16.330140904575376,20.8151434909773,7.528874994171749,2,2.086115591942021,21.926574828923496,2,1.0,0.8934006349612009,0.92708697100471,126.61925974955832
22.605793086674606,30.11171966271322,15.255487726862718,0,1.2375212792827779,58.63207565330758,4,1.0,0.20144051447401806,1.4000324722142627,45.12102417781989
6.631989714263144,8.66588403616825,8.542986563295372,3,1.9789667229787447,65.77693271069367,2,1.5,0.5382308334871994,0.6028490271247201,27.141690962865145
7.68616115456321,10.78760789667335,3.5641627594483394,2,0.8675090528728203,65.56919415129842,5,1.5,0.2749321659395231,1.0708142880985332,15.438187279360973
34.54053203003393,41.89761099907488,14.315209809925049,6,2.2269936639357626,73.1644380257315,4,1.0,0.8749495820958323,0.2092623332143065,87.27865089545101
37.87156075427849,47.00694457163141,19.545214096057954,3,1.5618904399362414,63.74202456976965,3,1.0,0.32812241024409705,0.9027349610548756,77.09587019201743
15.245717993050242,22.22273363060122,9.170963867039356,3,1.8823779544085009,75.66860369886177,1,1.2,0.6700873061006395,0.14274538705716538,39.319743868396095
11.194414589170375,16.551866687617903,3.174449162363561,3,1.1761042936713624,39.95939598925349,5,1.0,0.24900716357681865,0.07550181533405316,33.84099319924551
25.937981957941123,37.79224383411766,4.720516735507753,0,1.9510253115193616,50.19256500509258,1,1.0,0.46442230252375294,2.9198846837304333,93.82293498802846
16.64499975837481,21.102184437440403,5.699599324065216,4,2.11280846901857,20.84477979697344,1,1.0,0.9094214760844278,0.34427368674172243,130.80964279923
1.502761048583622,2.122118306072827,7.197542231868869,6,1.6044624177034779,20.417455238197473,2,1.0,0.24945799996174642,1.284047485744414,10.350195592102699
6.668027595964519,8.60531828139926,15.427081692151418,2,1.8501357709050503,34.407597227091195,5,1.0,0.6968762428135057,0.24198433533932073,33.888148404176135
28.780903039472204,37.386851840575545,14.422691628905255,1,1.5757540704980775,26.048431828345116,1,1.0,0.2840593335003593,0.4567898636261352,133.85795874740725
26.527495705450978,31.35210556159941,16.70591667760894,4,2.319955327738337,35.61268207614522,3,1.0,0.47417414727894935,0.6725732086129753,138.02308469445506
1.5702917038875979,2.098619678725721,8.700047628756316,6,1.6463776068743425,30.622597671703844,4,1.0,0.5865551959371395,0.2326604690247342,9.1580815895149
9.267900396351504,10.884726020212053,19.77594364511948,0,2.2310748053489924,21.711201490318896,5,1.0,0.619575776370773,0.07057813104310237,82.11025084589318
9.627454465228821,11.867049528770387,4.8981038677382465,3,2.1622984990594225,74.55824878436297,2,1.0,0.6422602037978398,3.145306457556929,24.450187361524186
27.03976337214977,38.99166544050257,11.256977940435695,1,1.4978581962922062,20.49338788333349,5,1.0,0.67611827385183,0.017855101638546884,206.97227757900757
1.2785662412973842,1.5123269210456576,19.222529316994326,6,1.1911436361577077,64.16492866022512,2,1.0,0.3445918279064178,0.09492253945173426,3.6296429847550344
4.612288988390667,5.204798917285008,4.323807545582862,2,1.4903396253516106,29.12887321517099,4,2.0,0.46123073714544316,2.452688766651847,38.95463784943649
32.096685372240984,36.19231990482083,2.6367147297787907,6,2.204569538817874,74.733777319976,3,1.0,0.13358679721755798,0.4969459816587857,69.23742925323356
7.552514151146178,11.149880927972392,21.208415224511754,4,1.186975310892967,73.56775637539315,1,1.5,0.7918812788782376,1.9246338760392117,18.768194418910056
26.28347126014905,34.24126989110478,8.230311906220702,5,1.6915417879581738,59.23406878215544,5,1.0,0.8533895516100121,0.2371326952273969,70.45072701360901
9.908219851345697,12.521659763423447,16.412882997816766,4,2.170364471533271,60.33404898803631,2,1.0,0.279313087136991,0.4062998701625743,31.562528380443503
4.427935013994134,6.306935579770683,0.6083665023345235,6,1.400911707718244,20.320348518181312,4,1.0,0.28129956816671364,1.2756720335014793,31.353405406045457
10.105301544478436,14.494340915017984,16.56112532182679,1,1.8917563829045856,79.09229396681613,1,1.0,0.13783276197137864,6.715935903904409,27.67645201294435
29.029543808298538,35.789839848549754,7.5864314771272925,6,1.2175736758829847,72.66995621454886,4,1.2,0.9733454405132387,0.1144219499766906,50.97617109845942
34.30001049019829,47.24645419823497,1.3377804860986018,6,0.9857750571258719,73.70637354380551,3,1.0,0.8264679113055062,0.7676255717881275,42.477328986986365
33.293684650396166,46.892461058515075,14.635506277154809,0,2.1504531826578557,59.554672223052314,1,1.0,0.42463288261542886,0.06605474889797404,102.7016754515673
16.188749419928968,22.046814732824792,5.779291585756158,2,0.9682466597948016,40.68721571927219,1,1.5,0.5337174443228427,0.3332656077389659,46.743677367531745
26.889362894540522,31.20881717572453,9.28337380924512,1,1.2613483716352938,73.61891894542885,1,1.0,0.36277026458578177,3.570350190210656,33.975450961244384
8.59687966892493,12.468512225034647,1.9339394948763262,6,2.253686017395648,37.491015689071546,2,1.0,0.6375195714898759,0.15215251878825647,46.00280007455642
12.079335345310025,15.892030433972295,3.531918026278688,3,1.3889977880337343,53.76269260053217,1,1.0,0.7455775711001574,2.9158554196876376,27.045089438992537
35.90526483158423,43.552690225316724,7.15145365190025,2,2.454177094174074,25.983858340632942,4,1.0,0.5026316301926849,0.29366331431182036,284.30684786318994
1.0135759786740735,1.2873340062274052,2.1542280134437712,4,2.4655483691155613,75.317337807965,2,1.0,0.8862347739624611,2.9684155873095652,6.371884916320738
3.8775869687514892,4.323619733839673,21.859830352471565,1,1.2560692347710465,28.446227466272802,1,1.0,0.565323275996929,1.1583568924276988,13.296631913118754
8.71150707826808,10.028222803664724,0.14512903641548203,4,0.8696629778248138,33.49380834382444,4,1.0,0.22982794217002972,3.15814458272346,21.13959164217884
1.5480220530158788,2.176857559282746,11.612645252743473,6,1.9986075831491446,53.4880494876929,4,1.0,0.6600622382538774,0.2467878428937481,4.254063812629716
7.666699686046994,8.43340533472182,2.9579389951812347,4,1.5666770545021844,65.8455800127789,5,1.2,0.5160078693170224,2.1534572910426664,20.538521663625737
23.530141658302842,29.803897005811773,7.384298147470765,4,0.9712798347312798,57.16107835617794,4,1.2,0.9421046767735533,1.712429673607086,41.39258473400166
17.146269748403668,22.44453692771633,22.22542943563837,0,2.002788792262673,33.92803476800937,3,2.0,0.45270452884232215,1.1743892071228346,174.31141924719094
35.76053258754051,40.11808822903302,3.8806692785756844,4,0.8529973454902662,20.05658255164942,1,1.5,0.4625791652350937,2.495740921635947,156.12190067564893
32.789020688668415,48.83043476449177,23.179975673239984,3,2.2793343738368117,65.42903481844635,1,1.5,0.6856960508034492,1.5673628569539666,155.86043251313907
14.0017853920661,16.668427275219816,4.939065047746121,3,1.0357092994926163,79.11243955466563,1,1.2,0.5742875964937852,3.1439287459135574,19.79648957637449
10.747225620536053,13.12966509195338,17.79758660320391,2,1.0164301938694325,68.59478721836543,4,1.0,0.4370048897845914,0.7196256150331515,13.99334781622111
15.497850122607042,18.931817335194573,13.120254357535481,6,1.0986429065465937,47.61239708939692,4,1.0,0.9907969741120806,1.3371161501572437,32.14664725552505
23.816650229334904,28.3934164717323,21.227489462322218,5,2.432452809436513,74.22603568394639,1,1.0,0.3719669589994752,3.0672801125111997,57.29774070481077
11.088513812503612,12.203902192378468,13.295838132075144,4,1.9783879124315382,44.590860387101,2,1.0,0.3497759127865257,0.3627520923495428,33.63187436282633
25.153881860040794,35.00761116033497,12.829421259751408,4,2.1623316102881827,51.496045054608054,2,1.5,0.8779848656698931,0.9975434142671633,139.09052845408297
16.671760261553995,24.786542840755807,4.690992008841597,1,1.4759794757456801,48.627786043741,3,1.0,0.10303564919549996,4.8563932392864135,53.048245984826565
22.30586364365322,26.537673949745034,3.9895046892398094,0,1.3717316367584245,46.857432359931494,5,1.0,0.2811278448144169,0.9625459819038289,56.358914572383625
17.72699790084501,24.201232161833687,21.99573962677234,5,1.198622811531389,66.51144615763434,3,1.0,0.6314020194357784,0.4371927003384108,28.90904446997421
12.131397501905749,16.944632951112325,7.868116772400818,2,1.6171016481310954,51.60613443616952,1,1.0,0.24620547506019838,0.648660060415946,31.81328460962525
37.96390562500519,54.64411259616648,8.929974119109502,5,1.7381088470080863,39.00302732151296,1,1.0,0.9872235304512293,3.2453323366323508,148.96797421854532
30.662428869310553,38.91220683285106,18.235767802281323,4,1.8740172342096841,35.4894900595087,1,1.0,0.517776060179468,4.647745533947917,123.64070397875582
6.034470442774875,7.369128525568442,8.131763578147376,1,1.2371014567977807,22.264839018046004,5,1.0,0.6376276674644958,4.496831171996597,34.555838717399475
34.80448504796755,42.81362540407678,22.849498719336065,6,2.412711937535084,54.99170971298276,4,1.0,0.24433611859467383,1.8006804656055442,130.8025074294323
19.75353233085579,27.35960098114898,17.710266455971208,0,1.088589446952131,33.797684924062054,5,1.0,0.36044029078473505,1.0688066189512448,63.907183838634936
35.83481296231661,51.12595002402436,14.33830182176208,6,2.441610397102901,28.888035320982986,3,1.0,0.653162304411474,0.30260327393694864,283.4163421562247
32.09428260991895,37.63521887374649,21.14148385307406,2,0.8252554082627565,59.22979782966066,4,1.5,0.5945980359577578,0.1972504913579446,56.79664647673385
17.29593342653472,21.591835162095546,1.190541800387586,5,1.6179136760886377,60.872555469292934,4,1.0,0.8059275508970495,0.09244071719045378,42.08787652967018
1.3875376786446372,2.026881849258542,6.16950461254101,2,1.3667253247981568,65.12929353545996,3,1.0,0.3423098607168846,0.026810544868420712,1.0
11.11275569570537,15.809866467546438,11.160872021301838,4,1.5635098036814263,50.21461378031549,4,2.0,0.6881879320358806,3.157037146179776,70.73626884515281
21.894551479104244,32.709219826579236,5.447484947316505,2,1.7701297842673414,73.6432763122332,2,1.0,0.3618779551739789,2.4839008024210694,53.40723377394073
25.52238968313282,35.774715852018424,17.853724495251647,6,1.5405015686216053,76.18056520389368,3,1.0,0.6280773577715083,1.2583744576948608,48.466691771233585
10.68656357461149,13.435982137279455,22.060992745289404,1,1.5052396455127115,68.44225638754936,3,1.0,0.6445278709166877,9.995161569833943,28.588655099871865
6.004564925876553,8.02363070722417,10.170482878342161,2,2.045629806202621,58.13560892049124,2,1.2,0.20965520021903988,4.588074315978129,24.925531163837576
33.479744353572315,45.67995408743656,8.211182402685479,3,1.96598966764699,38.22325721547132,5,1.0,0.5937697996176395,1.596790153482342,171.23130714499823
39.383886137790306,44.55823272624174,23.07721757130159,1,2.2165611794609417,78.97669529721327,5,1.0,0.11074446995876425,0.937040469446466,94.90131946212566
21.264762200956092,28.022677762846666,10.67645838786098,5,1.2249302681071426,36.4481700315163,5,1.2,0.5510896762372224,0.24761396944229674,82.8584719516517
7.281331791007988,10.07538508946148,11.737161610782797,0,1.8361984665819082,32.15941531942586,4,1.0,0.7277696997472675,1.0872472183390776,39.118169265466776
11.256139397515074,13.135110106070554,8.439596936205728,0,1.7948311351678514,46.52924682719497,2,1.5,0.16554945609098987,0.2575063268496099,47.19516920538662
1.226431723624936,1.7320314970748378,21.82916335229132,4,1.428554278483571,23.410434242743307,3,1.0,0.9448397347753245,0.7623716844713508,7.336427624149583
36.61480285913971,48.82617325427609,13.654931598764417,4,1.6262978212345576,78.70966788030745,3,1.0,0.5128799787905088,4.287824179630055,69.58288085636431
5.151167774160575,7.6283062221122675,18.292190092359473,3,1.333429643619739,55.30601338498549,3,1.2,0.9445746480616557,0.6277776255986274,13.625611640223616
23.272400782813015,25.994548351493837,19.483361240421274,5,1.041135475948875,53.41712549985051,4,1.0,0.19665858132201924,0.24870519471070318,36.33252724018137
11.325181217144637,13.659645974643386,8.204377006014196,6,1.1634620581266457,59.34777679398319,4,1.5,0.9549123349775812,1.3098346662427645,28.271241471447805
22.39003109937384,30.01655823550004,10.408663951689121,0,0.9793731988820419,49.8214188666324,5,2.0,0.19827738948281204,1.3833280544186386,86.90907245399238
26.231105339898637,31.965853592554442,20.363322585750353,0,1.961218277823211,21.923811025672496,4,1.0,0.5153462186062024,0.3231430359224572,200.30505162581198
33.274801246434464,46.111210197126184,8.718128440219445,0,1.9232365682855577,56.738677330423805,5,1.5,0.944192860054179,0.3283287939385252,168.3462314602204
8.653640234543827,12.146267718423445,19.054443202844432,6,2.4160308316857835,62.97043261738584,5,1.0,0.30943738034998436,6.841699997781927,40.807394868272326
0.9343352320099789,1.0660824660392874,22.58381574178649,0,2.0404533032003105,45.00494363744319,3,1.5,0.13130648277286067,0.41814508928680616,3.6678265709324065
5.906982387717887,7.711812334457512,14.957048953632167,2,0.8884779258854235,65.43773432427157,4,1.0,0.8137996075253988,2.7320175701859073,10.580051245309413
36.050736353000154,46.99416168915814,17.799054898845334,5,2.303216795679222,33.62007796030524,5,1.0,0.6362952739021088,0.953234176145381,234.70280669705397
35.01865806371935,43.69321067876527,19.322335488987235,1,2.266547777007734,33.27659546397104,2,1.0,0.5625290736112967,0.856365752767364,190.22006832489126
24.097817535727177,35.500180534398815,20.28095157351942,1,1.5536445453135879,29.68501926125444,2,1.0,0.13090904591789654,0.524256250777189,117.64149466687772
24.220415987129307,34.6594765055654,9.481280108563103,3,1.7959671858974666,42.31968558734971,4,1.0,0.6879081419261606,2.2296746496308186,102.94211654106961
26.76894864457709,36.91126836457736,1.2303230202239561,2,2.459333165203282,70.820722123345,3,1.5,0.2544610166961083,3.1886791166192285,130.44083367798459
7.427165505626259,10.292050915661296,9.64503050968175,0,1.7049174185418825,69.67472372894386,3,1.5,0.9380770121842258,0.4539447770086752,25.463076748327747
36.61927186403591,47.044282648162266,16.170149514818156,0,2.3390471082393525,42.96945247781023,5,1.0,0.7171542559681139,0.14989073692184351,185.2235873745913
17.041435733236888,25.02360688333281,10.808409258739026,4,0.941165888277317,55.3471241588142,4,1.0,0.7363304992304528,0.22087106139893647,28.630102315870694
15.63397186585515,21.541083199572466,17.975115620649564,4,1.124788176804761,63.24897898849494,2,1.5,0.3093222453501524,2.3611317426374585,37.961547081155146
20.997249358672082,29.219613146273964,8.567578307247933,3,1.5492834038502403,34.472406477681375,5,1.0,0.8926784542510465,0.8585912696149549,95.08215657326093
2.3551556876146744,3.40243774958438,15.23385938649671,0,1.794086574173418,30.088465153684822,5,1.0,0.583959313704881,0.212197874027321,15.819062981369685
7.068193065865136,8.549888735387295,4.47407531649539,3,2.1875873481667605,78.32575959273866,1,1.0,0.8713757600328075,0.6239283235889066,16.1502662754327
29.652327848841633,42.19017304921237,17.984866479478967,2,2.4800455957434178,57.05343879257711,4,1.0,0.34385272734904837,1.0830469576874333,126.97873557877239
3.7705473830424956,4.442067699163241,13.09670325151262,1,1.461047544005998,78.88494331001984,5,1.0,0.7799155417884215,2.866338422065219,7.063491828904092
24.324508323922334,30.117068433106713,4.897545325118414,0,0.8806065814381444,40.26535922793374,2,1.2,0.6171102132940427,1.539758073980993,51.8786162225575
10.191289832412178,12.578540179753986,7.005868163947374,5,2.161991555602052,62.18190199844789,1,1.0,0.14357737522952346,0.2904368355013705,27.62877152114014
15.877176754658073,23.679383158343466,17.966609005963978,6,1.8274472224407738,33.35621819247426,2,1.0,0.46480809139595824,0.25921528265857335,81.78751321460422
11.903402602442645,17.17202582998694,11.582429655876496,2,1.1375228600759428,35.672010276434776,3,1.5,0.2655194186111184,0.7973953299222016,53.93821358318917
14.549072300365491,20.08452793484762,5.184754569433733,0,1.6412083762564142,50.714127276177436,1,1.0,0.42325622909088045,0.1172550708111319,38.39877743717713
28.902313254777695,40.19799349154036,23.214508568887144,6,2.0619274174073317,39.17708753048427,1,1.0,0.4450164708387002,2.1132836205778798,131.51181293254703
12.236307767115413,16.211016823759934,17.16300047560531,5,2.1097000380166944,30.057293830435068,5,1.0,0.5274355177255463,0.7698773968540369,83.02693271628048
22.87298329172744,33.825397222709846,22.971235980955107,4,1.6493513003978955,35.77284211935956,3,1.0,0.6402613984556168,0.6301611674848648,105.08133593183678
19.303990886864437,25.066299752818008,10.250521088648238,3,1.3188647012190606,22.14490366795188,5,1.0,0.6138798872483793,1.0672977176497125,107.34798397338935
26.715011031824602,33.45272606179861,11.402408176601291,4,2.455362389465439,62.265417288649196,4,1.0,0.13509226423449558,1.851425373224059,94.68940714690606
37.50477470332794,43.70109360578093,21.55092518844046,1,1.927716438626038,49.5269994251517,2,1.0,0.7756202966398497,1.2636787330007577,109.76602471591876
29.436597839804886,41.63754546578147,12.601184165889231,4,1.4940037828887078,25.65458398427154,2,1.0,0.9542654960254914,2.4322868569618192,155.03962835902618
8.990144954334893,12.530262413844886,16.974693885736013,0,1.2767874811479092,30.301639587709474,5,1.0,0.41381316008646996,1.4887964329666645,40.416344533249834
1.7317338349207445,2.171147468346623,6.052149059892719,5,2.0428750711060557,26.15207228675864,2,1.2,0.2617722112044327,2.3265431491046087,17.08918026628537
10.859429749843091,12.054807168446988,10.721435248863372,4,1.211711857509405,56.75556849655259,2,1.0,0.5860014068038467,1.7899562436396717,16.341981250531337
24.005578262660066,34.46238249400502,2.9627967794485226,0,1.09190698125527,25.65262181674963,4,1.0,0.7344216354197297,0.3218757610756443,100.74906621920357
2.5313196326278886,2.7960126221636044,4.94352086104708,1,1.7007176112355196,65.25693998211297,3,1.5,0.7110144050748969,0.08066210886515265,8.080774269088352
20.106466764448836,27.776679933398313,0.022641966423146087,6,1.2929785674950411,21.23065515922347,1,1.0,0.6508986197507725,3.505715125843724,105.03456195504285
24.075292532217123,35.82651128468616,0.9423612395678456,5,1.8691387463701457,34.96254727975352,5,1.0,0.2316090269153877,4.36863616551354,142.88913343335037
13.702633687269952,17.4717421994765,23.454811756246304,4,1.000495747286197,73.44000055351444,5,1.0,0.8531424049626986,1.9470532752849081,20.116936186280004
30.951032047959966,36.95520300813517,5.816488683282295,3,1.9133998777644468,63.11187908733476,4,1.5,0.48305940617693377,1.9321506388032268,118.64071592694371
4.710630998783986,6.509848990684198,15.919457028096048,3,1.2816040975960938,24.37809997554126,4,1.0,0.299321724728683,0.4723683679026979,23.707358419795284
3.4679423785644463,4.948237941386282,20.138392771190677,5,0.8004129885386717,69.26756626911079,1,1.0,0.17763952695678686,1.1727764851540041,4.327572459017638
29.263455870042332,38.58597723328551,13.215851021677542,3,1.0157912980461,49.58210729241229,3,1.0,0.47504720347574414,7.28809441303652,61.794958822913365
20.07190699014484,29.843194529611516,3.6754680020149486,4,2.3871461423196596,70.80698163012975,5,1.0,0.6561757421625766,2.9084095286538427,75.47809512645415
27.691894658895574,31.033406043709952,17.474794496067993,4,2.2745028864961085,56.04438646702361,4,1.2,0.6988399382363569,0.5444585665793258,106.86058827672285
17.675679874847976,23.01229002147805,14.406033842389993,5,1.1971353544616026,60.90998192197152,5,1.0,0.9664632202575311,0.537255232596142,35.23919521870813
10.232880312944719,14.19690964556493,17.550014144337002,4,2.1232322377273354,79.61009362374249,2,1.0,0.23783327529738169,0.9912444684944093,23.67395949916191
32.85454154813089,47.476658583131936,18.47391894857009,6,1.8345717083957562,33.94013275544109,5,2.0,0.9871962986777968,0.7777793852612859,371.42303395033514
32.07692721927468,37.58460762792724,23.409848824433883,0,2.450538009464778,57.4367344856833,3,1.0,0.6892082925150051,0.6958010530629962,104.90959257531057
27.940510598749857,39.67556396312681,13.76551872064104,1,1.4351296212079006,47.6192834034439,3,1.0,0.5088061519364814,1.4791523259934554,82.82276547123597
11.249732920583526,14.861829006702028,8.199386704574444,6,1.9584830412791912,22.367117175361486,5,1.0,0.8993748032633434,0.01733852764099253,93.99477620908516
23.81411134132894,29.972951889751005,15.563149365605689,6,0.9080107281206616,20.8682384901719,2,1.2,0.7250317677580536,2.161693843644033,100.96708452030583
14.758468929131059,17.01188068475783,1.6425770218230271,3,1.4736204895878902,27.15371466907152,3,1.2,0.4138454933713137,2.020916253167786,73.84284722804753
4.117491896402049,5.954380396161657,21.537535639718072,0,2.4384900240199068,58.94550443231289,4,1.5,0.8956771269188155,2.6608116713505137,27.245167796760512
36.73388623075859,42.71817730840248,2.865144272116723,5,1.716267486565205,54.02978527480353,5,1.0,0.6999539111375813,2.76253428698951,100.80235462155076
5.904335921298975,7.226406147473111,7.868228109259638,3,1.2893951556692358,53.20577366982364,2,1.0,0.7289536202147975,1.2534481873368588,12.422849179987717
38.0343754759217,46.25049329062298,19.5778891350269,0,1.0044606373186318,21.911405751695604,4,1.0,0.9067508992774236,2.271695790193878,147.98856851472104
18.11722803183925,26.243993542055442,14.335497079937085,4,1.9959981783086018,48.158179781600424,5,1.5,0.5035745871721498,1.0170779101736258,119.80912688305172
7.812750689125476,10.69629007067096,9.44725248665861,5,1.8962552738305356,75.4773690705517,2,1.0,0.6912136953637809,4.540210281336645,21.466394189921676
21.905087421445145,31.07614642459609,11.362455825000513,5,1.4356958131264168,43.855512158638795,4,1.0,0.7702201194740024,0.31737567875242184,68.99772466012944
34.98136051711813,41.98417971508013,20.509137436852328,3,2.416600298171918,57.49534818730738,3,1.2,0.5085460523177034,3.708585615918932,144.54918280561193
29.422883013177668,39.71941032677602,8.160105265437412,4,0.8377447820793456,66.78912053738861,5,1.0,0.1751069041640141,0.448681595976736,34.580586562255284
32.35916534052726,42.995570995112345,20.87159243549211,3,1.3163305477741039,67.03551674851326,5,1.0,0.7942957921849246,0.16258661089095355,58.065201338792335
26.521942985073334,38.00944919134694,2.115226343440596,2,2.3658181267092884,51.15680494371628,3,1.5,0.14303471746902566,0.8673308573314693,175.03378956123325
27.844924298455172,40.72138697106488,18.64316249300714,0,1.3455902451430486,71.47711672414019,1,1.0,0.7461229615504644,1.4314455195455036,45.881368001427916
34.04322823683011,37.61309335892419,20.341143193313673,2,1.2288298175537897,43.48268560182482,4,1.0,0.9197876876720977,0.39397671115875227,74.00496453618813
10.361886349937844,14.191722104484235,4.36362366809613,0,1.7081746968831204,73.3215928870879,3,1.0,0.4122720985330166,1.2172078582172092,24.2629850694921
19.83228606390405,22.226723628891868,10.32831677693281,1,2.2004629748649145,34.41362998373272,5,1.0,0.19185560662404416,2.4745569427757674,106.27861535984954
9.237772951874287,12.189642939323088,3.971994591927735,6,0.9753494934932139,36.81298441943426,4,1.0,0.309577590811757,0.44576039378329824,23.476548819828942
39.512886315867554,48.01025467682455,16.958499095861228,5,2.403135206397751,23.187237451940067,4,1.0,0.6060534077128532,1.3024021715549838,342.6437369386974
37.79034391762122,46.206655590111374,12.848346433479762,3,2.151623898007979,67.73491019253697,1,1.0,0.9483937687954778,0.6217116975730429,87.60775030792566
2.057359049055983,2.553559902369167,15.247760320999705,1,1.1081254344376383,45.02331417396233,5,1.5,0.5610544568975051,1.131795124951466,7.927596875508899
28.370219314369695,38.257722460966384,4.715687206949068,1,2.0104135340368767,33.74699683468394,2,1.0,0.20146355937702665,1.6490544511600345,145.25695752800442
37.0473085379188,45.70230024979551,5.0819006892580685,5,1.454429828483847,33.90741665699478,1,1.0,0.6650048563447042,0.6471498569883082,116.85596589437888
7.632726132529674,10.632995222070688,0.9959358122377528,5,1.4839009527297418,74.08399647375398,1,1.0,0.7595604431091473,7.799849607653931,19.884921227996596
22.933836606828862,28.938166253007264,7.729620844697513,0,2.1315931571460727,70.0349960276622,2,1.2,0.45395530299351183,1.244396352865589,69.04579332768871
36.661787754727655,41.33034673904846,13.433871872008199,2,2.4367341735672445,53.211853121431,2,1.0,0.7493626579108731,2.6098458353306078,122.60200241116698
1.8408661541390543,2.6020715563538994,20.590437935935892,4,1.0153149838402298,56.96664802494327,1,1.2,0.39234053362527077,1.9372140328874021,4.813652339048087
28.048100556250176,34.05890190105991,16.006258739008338,0,1.515071402693993,48.459534233017465,4,1.2,0.810181136436772,2.873998757796582,92.5872598643804
12.245285791215755,15.589556019003583,10.449511761594035,4,1.617600733743316,43.49999257272853,3,1.5,0.4069649436130621,0.28637933903414636,55.6885800298785
37.01364971737295,50.86332660690678,22.874882745459306,1,1.439730088823496,74.9286128730999,3,1.2,0.33049638244056334,0.37761107602570965,79.01490155071272
38.856800684032024,47.909753806237916,17.261884813819965,4,1.4174215103175825,27.536762211218125,1,1.0,0.8912632653024175,1.002421907329028,149.9951083957385
37.79852631998064,42.433920717256704,22.3239648687012,2,0.8888567348547142,45.10680738297368,4,1.2,0.5936260790578566,2.869149392829601,73.22538022301299
19.23146155796982,24.0310270103039,12.662111358531977,0,1.9654156549564596,40.67371447927252,2,1.5,0.35664065986751625,0.33023436675033874,110.50981247699185
34.55068471407788,51.05829126921711,6.21370259503535,5,1.5415645091040773,49.8890432150689,1,2.0,0.9415782006823605,5.314098153273195,193.6575187697303
33.85970124213528,45.93724535408118,1.2678404727533277,2,1.1311494644946756,47.457912472710504,5,1.0,0.7217660579194443,0.204764835892234,79.92588954733914
13.104468693108597,17.934666555133308,17.42603643561241,6,2.1872569539135163,51.13337189906488,4,1.0,0.2986303596900105,0.2886995641763324,52.59964049553165
33.24216122895176,44.973747469211446,2.911271952132819,2,2.1643532718577676,28.395138633619645,5,1.0,0.6531781191335025,0.27450349275859787,247.39973566860235
1.9618015712619585,2.314134964739915,7.266603078527212,6,1.6268657677511196,50.78849009079663,5,1.0,0.8833229481601221,1.3228555268563218,5.568134138454065
24.052660200041096,30.482743133414132,12.779301789213537,0,1.307366123951193,34.54512883323265,1,1.2,0.7265378282860517,3.743182602616852,86.2868069302084
9.58534907286427,13.423092020158183,13.545998106713945,5,1.884757633853969,31.059880939291475,4,2.0,0.32028323568411743,0.44178087713376235,112.6323598462842
5.262391988202513,6.002016756584612,14.413996727691265,2,1.2898586308215854,23.890053127171473,5,1.0,0.6839634958250633,1.2079187009751982,25.139651261961426
3.5396514643537618,4.287017405093421,3.9901279283928153,6,1.2012134815503104,65.75915352536845,4,1.5,0.6572434354481808,0.2899630607043858,9.245876463699915
28.00340664718652,33.89889785540811,9.11369771571957,5,2.0418749118447552,45.646515251393595,3,1.0,0.8387592972208198,1.4959945443140794,104.1204013885805
13.925061068838612,17.723923155581538,14.812661450807202,3,0.8685529075256162,57.5986209987055,5,1.0,0.26031933729702983,0.19729381665734586,19.662650454561636
29.128287475386077,43.46370123014319,23.275652751210835,3,0.9611064007588097,63.6556005982846,5,1.0,0.7296712003012239,1.013876991152741,46.841438336259685
3.0815754615582236,3.472938684295468,17.46314730479253,3,0.8115398958401027,60.75899991881321,4,1.0,0.12463362292033182,1.597106995540343,5.9977590873370135
12.953968344309109,16.937059683287174,22.142490170254987,4,1.0600034170082244,48.23004314538093,3,1.5,0.7265577705721908,1.2981394976144025,38.65674065701886
21.80990604882582,25.555667398973934,18.29308939954025,2,0.9172830148077811,43.27391173710379,5,1.0,0.9643935735447012,0.22623517652201142,38.94357986730922
31.73356501113906,47.228132415672164,14.20120725341761,0,2.4928640252258614,42.55759457843982,1,1.0,0.2569494396246557,0.2639845368742833,165.6500676551924
13.090723865816761,14.993086209765039,4.608560859272269,0,1.2909769489219522,58.40292781580338,4,1.0,0.38016979553710806,1.669330049271607,23.609754983813005
25.22270936926186,31.81694461967172,16.000455645420313,4,1.0537556215377204,49.6876612965124,4,1.0,0.624584414825696,2.482510611116332,48.06381823566026
35.49612105532939,49.522555059501954,14.96110958303777,0,1.2096936385930606,70.94793487931064,5,1.5,0.7591555412715301,3.58016362841071,92.94266113921958
24.82659593320103,34.30593076555512,14.459260090974395,6,2.391413471618229,72.48211905960272,3,1.0,0.4099342513640809,2.519883234370327,78.67095702151124
9.701899252768534,12.312597436607428,11.754860831717778,3,1.6842723791414727,30.233622680391107,5,1.0,0.6978330794261238,5.470102924983536,55.50835486755133
1.4638308714832517,1.8131150685372714,12.687758495742614,2,1.4201907637233568,28.17401909274354,2,1.2,0.9093509132826997,0.7870111191846911,7.836072204838574
34.86890551908673,43.90151945538717,8.026620650834499,0,2.2847654784456726,57.82405556215997,5,1.0,0.7539029085018357,0.6033285205665229,124.56722623485693
1.340141728590292,1.615822960703242,12.463504623415275,0,1.471483459933355,38.073544883736766,2,1.2,0.7399204458420197,0.042883270074005546,6.398084118949943
35.050716071025874,41.43461429198503,4.741341736283478,1,1.369514568928083,21.114243125905933,1,1.0,0.4437735925749543,0.8964714988975028,160.0177328292637
21.393016794074875,27.665789018315234,19.324185536649043,1,1.1523802883345504,73.3185601617773,4,1.0,0.9202863779543807,1.5806228159781692,31.387780284797564
37.5931740912594,45.39050599687708,4.458646912768987,1,1.4422546006459995,33.614046034628494,4,2.0,0.34959064776497,2.534416153610083,272.7680197550454
32.05193781305978,38.94261295713588,2.039190957347194,2,1.3383634052287743,75.75683910114854,3,1.2,0.2847523209577306,0.4668465435865138,51.966105919978006
39.91839736606683,54.39689690841398,10.469904632571776,3,1.9514167308068397,63.04606705269522,5,1.0,0.42780154035385354,1.081059020092471,122.57193545265822
14.353116710342551,21.34904012546173,15.799378548145484,5,1.2922905979402362,65.75920939468907,1,1.0,0.6851405986646446,1.6271065223612986,25.809768321756103
30.80393741277951,41.32209217248003,10.505203798404992,3,1.7812395689183544,32.08768974758962,2,1.5,0.875510187575056,1.2031139690755728,218.1542652598781
16.376271087565065,18.518152844654445,6.642099166831406,3,0.9120166805543537,34.05166553700877,3,1.0,0.21887090411258536,0.4803507013971955,32.65319817065284
19.4550870020044,21.988790015587554,13.396108413370577,2,1.1251915663840744,51.276065229443944,1,1.0,0.8324219595341467,2.386531118837964,32.22812071669024
25.28646579712562,37.43836466983918,8.328056049892798,6,1.492588961739293,30.32599115899173,1,1.0,0.8315410552020956,0.28558081782110006,112.6932030841429
35.01024601036038,42.67456009350611,22.388824563039194,6,2.3928137316447824,38.32590156098193,2,1.0,0.6282274209310775,3.530499200963901,175.15233206288318
39.37129703337216,44.758345399117566,22.14348335048573,2,1.4413283757166822,39.28774867686827,2,1.0,0.7845831456202231,4.573596700937159,107.85108435918869
30.84679984764847,41.32292322427133,12.056923679330291,1,1.928926006039718,29.577795995165843,4,1.5,0.26369262833642865,0.6825501941367276,280.7104654685969
17.001787895609684,22.94322438510954,7.869215856438204,0,1.233648278116377,32.31097000370964,5,1.0,0.2526274007386421,0.707844425947164,64.29187117669721
17.14360158994427,23.30504505504801,17.691177934959338,4,1.015957079154494,67.3131105204954,3,1.2,0.8765200307158544,2.0396437502599247,30.521823477412372
29.634500912761215,35.76768125948474,0.8811106435935994,4,0.8995122201360852,30.031751272836104,5,1.0,0.5483335935111102,0.9140050274124258,80.2623867804008
9.931697257847942,10.98489688002358,11.39445614504763,5,1.3192029475226774,21.70744351063535,3,1.0,0.3213434928275642,0.04354108705879102,43.077084673142096
4.863727468690089,7.2275289196086305,8.071761462488006,0,1.0680237455547434,57.76129655773631,1,1.0,0.7198573218456914,3.786283389334903,11.267206899431645
14.507575226810673,17.414272643190667,22.09286124246131,5,1.0958177616274112,78.558987163547,2,1.0,0.9026876502407989,0.8451542621532568,15.885358536841961
11.84594017033623,16.23380097210784,0.288072654544381,1,2.093290824257815,39.872828877387285,2,1.0,0.6690903813498248,0.3412829976220246,52.55646820912396
12.204170758011609,16.87412047169729,13.267557017240378,5,0.8269247206062862,27.11934219177514,1,1.0,0.4126105386460155,1.216761615921184,32.086155002315564
9.727506166471443,13.073797147612193,17.775925945599024,0,1.7482772137502387,54.22323952205185,1,1.2,0.5349139887637131,0.37058997904305485,31.707571408205574
2.1626809906362943,2.6496366390180817,11.64043170057699,0,1.44508434700889,74.38125266573877,3,1.0,0.7770425148508056,0.34604928828963777,4.986096131478778
1.2060204219698454,1.4574015115104233,2.04967272390532,4,1.6611349998445304,67.04370678970872,1,1.0,0.16075110598514877,1.1835996991363453,3.0744543368869617
39.51503439457325,52.91329093304771,23.33907336066965,6,1.756811403264825,57.35095210476296,3,2.0,0.29544806436079807,0.7440096884798724,216.41244482470688
17.39703878256656,25.16374239176488,12.432250353026351,1,1.332725080577373,38.90338979645596,5,2.0,0.5163248679845025,1.2764332861225214,122.29978771180873
15.680902562807427,23.187248561556615,14.740469863656273,2,1.301685062313285,52.5128103965732,2,1.0,0.6438168676873889,8.628877851668507,48.32710949094959
27.34606766637626,31.239117350408755,5.678634784980176,5,2.04678314386934,25.474690478255322,2,1.0,0.40524903193809203,2.938686226944211,161.91518327982666
9.121028570670035,10.598009907361442,11.603954042563291,4,2.281170879805967,60.7367254568402,2,1.2,0.3685518296828927,0.011550556791736836,29.458001734482767
38.0234667660339,56.19467253803954,10.299587806999725,5,1.1273887751794973,63.50576113385905,5,1.2,0.13724577612974917,0.07781763442449338,86.9634682763012
31.560628069414307,44.01489663695395,1.7975002080476097,5,0.9659518929097533,77.90189737459514,5,1.0,0.12934159484630278,1.412718379876239,40.47875069450972
4.031734591334251,5.85890674946797,2.5478484851392134,2,2.326252870866444,35.6238415247043,4,1.0,0.350825368872543,1.476276637496545,24.741107642479534
16.99444064350467,20.071336017155172,20.09934047085059,1,1.3948222882005776,21.107385142581357,3,1.2,0.5774554900805887,3.1579496321125857,108.27585311609482
35.22517314870551,47.02681608340072,5.755678852958166,0,1.7372395641267842,52.73650786562904,3,1.5,0.6007343468008703,1.4875610062109976,156.2208297100015
37.81691488051071,52.204580913138344,4.678998515967133,3,1.411223345684006,62.40743026380887,4,1.2,0.544624743580182,0.38760154281448456,99.57915682599985
18.962359694369855,26.017206145511466,12.117874830003341,5,1.0138639717882874,67.42444855297927,2,1.0,0.4688926156025509,0.9481239203459793,25.9726382526038
24.729749873822954,31.24012055148979,18.44993115270031,3,1.8018637964111377,31.624335981488635,3,1.0,0.3270624303351887,2.4831081263701655,121.3979377161951
7.097840870636971,7.851333154278907,1.48671644589571,1,1.6927394480083704,35.70517214222142,3,1.0,0.46062498843350397,3.842518874812729,29.06235066293415
39.651160732410574,52.86175471503409,13.84339007131814,3,1.1450890506250353,50.755455516037784,2,1.0,0.22488396884696216,0.40557901116850315,75.8738142068592
9.651032204646015,11.593211867377768,2.8610506281737607,5,1.5681773759088724,39.83604859820011,1,1.0,0.20373330612343313,1.1635048301271402,27.51256948310012
37.73790507833746,48.30835638699473,0.875065219814843,2,2.154810756826598,71.6306891952467,1,1.0,0.36994893113241234,0.25961621321812356,86.93218102822617
26.161042635198555,38.797674003624195,1.2658548518932173,3,1.8037243752834153,48.42560922432322,4,1.0,0.9958139167844977,1.030746765493555,100.35876311690014
24.505603397714935,30.86760423181711,20.019938597002593,1,0.9647594560138912,67.97471864612018,5,1.0,0.3938472527647586,0.14165414212866467,32.113165932567874
20.75119618515209,29.797070962267078,2.8313396070734775,1,1.7316365452895295,54.83718562894123,3,1.2,0.9428107513195947,4.263952163776192,79.98996815047892
9.611457562851468,11.29746333154991,1.0836327458950068,6,1.9946551087922977,66.38540849702672,3,1.2,0.45303593119092467,1.5244005621395889,27.487218989572934
7.472857264217576,10.230223517665616,10.509597291429895,6,2.1475957898272773,39.96037919181943,4,1.5,0.4951089920796484,2.888451438853627,57.7055465823105
9.209205258271927,13.729108816974064,20.255843326608595,2,1.8694998836782535,69.88499731581868,4,1.2,0.8173565948820065,9.561438499411668,42.130922462180024
7.864311354698054,8.971270118232033,6.297801035743246,3,1.0595188797193325,36.47433893306129,3,1.0,0.18427449470271104,0.302561172683813,16.049261226238716
31.293586705886757,34.52708970986527,10.121102820621992,3,2.0072945532032733,52.765928480197445,2,1.0,0.26408199123427556,1.7769584448473408,85.26020355678367
14.329947737085838,18.24823001404446,0.9581407815300294,6,1.951481138338578,32.84042679043245,2,1.0,0.9764562384776933,3.270369256839186,71.96526863718579
2.7847857242541565,3.1664411458410098,10.777884339237021,0,0.8415257009990765,48.5315912975716,5,1.0,0.5553256059646252,1.2868140042099045,4.723492652921966
38.77955389056205,54.26631376726731,13.862713935291207,4,1.4999710349034134,39.09051257052219,3,1.5,0.13987871398776727,1.531212314343228,208.58940127871543
35.40954245605531,51.90399659793053,13.701769290051475,1,1.3660154198360346,36.002205838232854,3,1.0,0.14264265975044546,0.7855398095255677,128.95250703777933
37.14621518621091,47.30973128385925,7.978240612184764,0,1.9380005092311938,78.01910108168225,3,1.0,0.9165166153996535,1.684791706551605,81.69259372515118
39.79885899453419,47.89731616054313,7.572796335915252,1,1.1674308809285652,29.60444632920384,3,1.0,0.8860285806028458,0.7552237625666478,129.3681794409339
7.368862344169748,9.386171882430789,2.5589668544783493,0,1.8044822690562394,67.23955024744372,4,1.0,0.5125591962505901,0.9711702149107369,20.198168840903893
16.15155974665502,22.44063998275712,8.803159695510441,6,2.352450135084093,79.04989756899289,1,1.0,0.24689987735013888,0.16290154505798443,39.0164975648964
30.450419790311607,33.60574297773141,2.3878720529511517,6,2.156264032754633,21.19408902440467,3,1.0,0.8472561457262318,0.011758568051850615,222.1780506084213
27.992814413124794,37.39228630752574,18.39830267308924,4,2.366478151568102,61.9416448425257,1,1.0,0.39214009655168547,0.08509542600100507,86.51539258653025
6.578888300424275,8.85068812664793,23.19058314595646,0,2.463460143785573,35.174708333377225,2,1.0,0.47715255879678586,0.32075853625076456,37.43174150171391
32.7254084371294,44.34539261493295,23.281786960000964,1,0.8181392159104768,22.42926945969827,5,1.5,0.7142287411443862,0.9148749166225494,174.9916913668546
9.365402587548097,11.208596531941579,20.761706385009454,3,1.8586601698417118,44.17337473739785,2,1.0,0.418058518066889,0.03182637020768758,32.028012253622464
9.340795785493611,12.94280363170323,14.419011584150859,1,1.501826976190141,76.1130686102525,3,1.0,0.6658029340284637,0.25429157266771024,19.544977947565357
21.710489704289834,24.67520024394513,16.82077673385312,5,2.261752633569707,20.705905662019862,2,1.0,0.8967544393983259,2.2810736511698515,174.6842113836131
23.921127426247274,28.21994861322941,6.844939264329938,6,1.228084993415524,55.273141515786904,4,1.0,0.8176359418970297,2.1542770123990147,45.56519300649292
23.41340520959354,33.97257043519383,15.138490084142894,2,2.467750131495629,50.083788715719464,1,1.0,0.44344996648044444,2.339046370425349,104.11861833144768
4.113730077211318,5.740666142482924,10.93558918655706,2,1.8433035482243705,72.40304986226285,3,1.0,0.3591428992333613,3.8177675394660824,10.476580509355756
35.15970407390002,38.86899032583831,11.56841615464638,6,2.1490135837890127,25.04010287123754,4,1.2,0.3569594038656031,0.1901673710485371,274.1496867320339
10.99120168225389,13.18230327880267,18.18663744900379,5,0.9455192397987062,60.89156179319902,1,1.2,0.4137320353389248,0.2671475079307031,14.572803209370512
5.615839390670764,6.65905227886112,6.7660405343340395,2,1.1118784040900707,60.80658190599664,4,1.0,0.544165288052295,0.6086933769172209,10.272358866756342
35.6055491548246,43.02298728005026,7.632950680668477,6,2.0892862441581457,60.144801011736995,2,1.0,0.47493773262454875,3.700149852355065,97.21500599483934
38.24823418007526,45.86054722497508,22.19140298708728,2,0.8373770874668501,76.54006969610222,3,1.0,0.21970361888889206,2.2406706546428676,36.55894369206831
34.5540408819853,38.873659441902795,1.3493830764233339,6,2.188692576019431,69.38525174041283,2,1.0,0.24711027250051748,0.5876124239610455,76.10996319526761
32.47588495163268,41.68527321345243,11.65522316192017,4,0.8237133317762495,22.518363574610362,5,1.0,0.4086366484583651,0.13757406901381294,110.07850574907286
26.38205823524136,36.75267093985324,21.907219209788682,3,1.9171020264041647,48.26497104227079,3,1.0,0.6058576900529716,1.4371543017779596,98.61071308416369
22.258866139061002,29.886816850089915,14.648712187635768,3,1.42065966439407,43.87718337208001,2,1.0,0.6333975551201453,0.44522382005365196,62.54505919590024
3.9359770165007006,5.388937687213378,13.11376978109117,1,1.8395412496226384,38.608833265448126,3,1.2,0.537586358406967,1.1362167960452612,20.794204491007775
16.633901916292597,18.837223098465664,5.993860301504525,5,1.9832533918814934,47.080203509245834,1,1.5,0.7648982930867632,4.265891476520399,75.72550075099942
15.221196421986402,22.536446861503528,8.238611737546758,6,1.3822078726167173,43.05165109555865,3,1.2,0.7635239098810629,1.2751129293992465,56.26922049681152
10.760274458532885,15.445262809741974,20.44916197931263,0,0.9835361617884205,45.94003399271992,3,1.0,0.4848647245186497,3.862268760004984,25.528838183248723
29.075094490699104,41.34583477329239,13.421235162442995,1,0.9183979751720517,78.75571193651855,1,1.0,0.21199672968484984,0.7489355817211057,31.300351095789214
20.087091535611446,28.708341098852504,12.353812650162716,1,1.8011912383563313,25.317978484974844,2,1.0,0.5771572927904108,1.50502681764894,129.78132634756454
3.7013255283520934,5.45236416691292,2.389913124960694,6,1.6851141013479896,75.3338521903238,3,1.0,0.4433221575944494,3.3649181123521585,10.292501224340327
9.197236477017547,12.119213096680252,0.3846757549229549,6,2.061741715505925,48.8142028082616,4,1.0,0.224130690787333,1.330051699562449,37.821450745379266
27.48872116455404,32.43979189838441,23.12844452848918,1,1.666550367006693,57.42453472997247,3,1.0,0.9836354889683553,1.4313732041493763,66.99513769417716
3.5071689498668572,4.723151572152458,9.047668014884199,1,1.5181578430524945,69.81097799706163,2,1.0,0.432779850352092,1.8897991098055462,11.620618896135177
34.12267310492636,47.674581361071205,14.477113490388103,3,1.4767482030015926,41.62778174895533,1,1.2,0.6632180556591079,3.2069764023675686,125.36974417346025
20.058287817051987,27.984660383198708,1.9131617564948398,0,0.8449597344160348,45.825314485278014,2,1.2,0.541115975202937,0.1384691159578268,40.30390448560633
19.483169804402596,25.495278737716202,16.394742857353116,1,1.370447242884317,44.57110881672284,5,1.0,0.22854545129508952,0.6161523270541953,59.51593415605784
23.900107494050946,26.944586543847073,22.38160100894306,3,2.45923426779164,42.483861352145595,3,1.0,0.14998926103531351,0.7604613898986144,104.06411648386442
33.07489815404339,41.292197026337426,13.815966071938071,1,2.285044479586051,75.5317592988137,3,1.0,0.663192473573763,3.6070872910695106,86.74646318685673
14.238463712136625,20.906430860131337,3.0267677370098536,2,1.3599427139581701,69.73579347158073,1,1.0,0.322319683313097,4.685618645887868,28.663395652761174
27.28163802608301,36.38769126898769,13.96131665936344,1,1.7992521886128328,26.539999391778565,3,1.0,0.3192885996523436,0.192398716813236,166.5575442961311
22.846412577833746,30.050635307395925,18.392333114511658,6,2.2404044674103396,26.487401148625764,4,1.2,0.9612785707392796,0.19022982753126003,211.7290919456376
11.047616671692142,13.340454565954055,9.753996877776448,5,1.550166372475117,45.67217089117947,4,1.0,0.5155959738801622,4.096866036103756,34.93850311085267
35.20588446102874,43.915100948881175,21.116105950595227,5,0.8305283683752567,25.91944260396854,2,1.0,0.12648345985062032,0.5259794573760842,88.31389899807829
31.99832785347366,46.65799172004046,15.568390880576747,1,0.9266677850916881,57.14558571626718,1,1.0,0.40585844363482615,0.4152406403090887,43.02554019515255
26.508847469007808,36.22659912415619,21.58197403894086,4,1.6676676262928014,28.621496435704035,5,1.0,0.626042388027004,0.05440926417004545,149.66040261303118
34.097978299222554,48.24709842966097,14.964127469936093,2,2.448046938648993,51.34239583800806,2,1.0,0.3957106766654087,0.4836089116971475,144.3234059629183
34.758120937912196,44.550810296732394,3.1509113281157815,0,1.9784562217720751,20.433196820223067,1,1.2,0.12416675863072808,1.773935624880417,313.7498197770398
28.480337580243873,38.50823276591683,7.432601066524539,1,0.9205575254455682,38.9957809047588,1,1.0,0.4998801389200619,0.8327833289035053,55.864843672472446
33.56202647036505,40.252732017979284,4.843078758058966,0,1.1219134888461668,60.631443420359325,2,1.0,0.19531570255730007,1.0912053574010288,46.13325450309896
28.050122735936704,38.770440159469416,21.811835945204695,2,2.111249343468645,49.04233641367091,2,1.5,0.657244022196434,3.738723649626638,160.0740850458709
27.365560484531866,34.782736597275125,18.249601614899582,1,2.230447591925616,78.69616915993929,3,1.0,0.6576283902004192,0.18272575100970584,65.66993265013193
24.93514943949978,31.84263980172418,16.233560853840146,4,1.8500807965206045,72.44622776397264,5,1.0,0.13398322563856066,0.11085852892970782,61.16966747835281
30.232307262526827,41.10774280039009,7.22319167115892,3,1.8955193883706882,41.544246742589074,4,1.0,0.3615996354394395,2.865112804994026,130.6287960050542
6.764901659076411,9.974930356798547,4.4170745292051246,4,0.8481736656517539,22.729192488336476,3,1.2,0.47231763736510346,2.23652127263796,32.40549343980364
35.29439498835767,39.727460598780006,18.154826111733882,6,2.2085014412885644,70.73757800690113,1,1.0,0.5952376880732602,0.45924609962012064,74.21107958916164
34.93781934593667,49.957493373815424,11.379790701097912,4,2.14006785389041,74.67405861888028,5,1.0,0.36645708673737565,0.5878629055785892,103.04715461504703
1.6552676798650863,2.0143833729730862,5.418949251615099,3,1.2403597449756902,69.23764360514221,5,2.0,0.35897186129625835,0.5571996345371889,3.9935458796764323
33.119761647308124,42.31274042158065,14.798927475966602,6,2.0047504239413616,27.676996455185893,2,1.2,0.9847136406252335,1.5653715951287743,234.20952808727145
5.590359765201085,6.198397098323367,0.9680124513228474,3,1.1652528309224968,79.87490806473727,5,1.0,0.13767651614880994,0.09474760830812859,5.875922852179276
13.737194743236104,16.765125656718663,7.828086099078084,5,0.8685612737875721,35.51505329316643,5,1.2,0.9901408726820367,1.0082578183308373,35.905856614009075
29.86857612351851,38.86058554889306,11.24536787018723,3,1.1419321224036414,63.452294768502206,1,1.0,0.1429767469705569,0.2155855413605921,43.653823647554425
6.850015893908174,7.688940292373941,3.55100001862574,1,1.1036690904823092,74.4820925801433,3,1.0,0.35950728501521734,2.570020397419603,11.644423834985092
32.809697452702956,42.535748118523706,23.63170746218015,0,1.3741715944492403,34.14122685984257,5,1.0,0.5443217694724151,0.7186586023627953,122.89138182444708
33.36930002933081,49.081043126167266,5.018336750150742,5,1.5113641451982787,74.49551328062397,2,1.0,0.2289685087128927,1.1248055004065343,64.30282122571639
20.54497548355303,23.465593464771384,3.128475121038373,5,1.6645161155461035,38.568894751692014,3,1.0,0.22136172626685147,0.04463393807663221,68.24247123286527
0.7522419328149264,1.0574838744204056,4.8848369732855135,0,1.610481588364158,78.58479334304337,2,1.5,0.3306814419348513,0.09004594710156599,1.8628344893417275
11.838006260409054,14.96168228427931,18.45746719583338,5,1.260146830140992,36.87560122282848,5,1.0,0.9761564652162125,1.6861482312519755,39.504226192028106
24.868613275841817,33.87277929742702,10.212135822524228,3,0.8495901365759266,77.2061494854701,3,1.0,0.4421051729871077,2.183598787796588,26.30673052935838
39.256854032083226,47.26896749165638,13.569982554060912,4,1.8286727578031563,23.212679053560493,5,1.0,0.6093953544422727,1.8569956035830828,269.4516564171226
25.4566343171584,29.626352230446873,0.5042197676726579,2,1.4727662107405024,62.55632070018878,1,1.5,0.7338622621434817,2.003508165557458,63.379741805939425
10.762241452034312,12.529240556762376,0.8263514057595494,3,1.3077426675588346,51.92666803022022,3,1.2,0.7679996519717893,0.1657603543463963,27.72464449301126
25.543225272434647,28.81778445866014,10.699813195848389,6,2.273799772811871,48.67262462736384,2,1.0,0.7192368697108193,1.7735657227955945,85.86123026140108
21.829422498776292,25.633388891371872,19.599725836838964,6,2.0694636232568717,33.4096588553504,1,1.5,0.40323537387255237,0.30087661704043533,141.99975879192144
31.303893108470174,42.751343470624576,21.245733088981567,4,2.258201432233152,62.33574738658952,4,1.0,0.2005550446204562,0.1547368013650713,105.44893126235502
4.7257352336648575,6.8649633128635,2.080957622295365,4,1.6414707510111837,31.448569486778425,2,1.0,0.3535448277998898,2.12303386273062,24.82393779256211
30.560602148830107,43.56873083431113,12.920714450424548,5,1.0225831286155218,53.17050775908609,5,1.2,0.289265704092556,3.3028357496338145,74.173726014486
21.880029857706354,30.06433650611409,21.91751247070249,1,1.9835764414061632,35.194721782415044,2,1.0,0.22264957438238508,1.891925766275687,107.57204248062702
38.53818415243029,44.094339963046565,9.311346105549273,1,1.1503254258931979,77.33728278688136,4,2.0,0.12204705857645684,2.4565512550264814,94.16439831443446
14.0039505585281,17.024252294411102,19.909579954280847,5,1.5500904374559186,21.717871630139168,2,1.0,0.9421532641525727,7.080561002812603,84.30419552488796
25.488564778790952,31.196034300898678,3.208695705586469,5,0.9105013412131104,31.983696806674192,1,1.0,0.9289309478908043,0.21711544276742423,51.48384634448281
37.31511016764569,44.777489581208485,22.449467752027168,0,2.20302428411907,34.53863638324687,2,1.5,0.14537530506715235,5.035163077506185,276.024115996727
4.549134255631831,5.941179636566923,18.034159620751264,0,1.0140990897807511,44.84406954606899,3,1.2,0.25577611553836166,1.3789346071897515,12.06889139274444
37.52052524583982,49.310281943103234,22.59202542688564,2,2.3352657619838264,33.963814512203214,4,1.0,0.2255504243165143,2.5170020428691653,238.16379028603492
27.67148603088213,34.38886074459639,16.238813605260155,2,2.269192023844647,49.48094541612711,2,1.0,0.35310064097936567,1.5754584259909077,103.05787037756966
3.17956383465429,3.9474783038041745,8.721694367986249,2,1.5897906995467184,72.34793139551235,4,1.2,0.283661983430867,1.266086932578663,6.035382146728017
12.388060894399242,17.732545864341528,22.516348140593337,2,2.0654259473167844,62.723805284550245,1,1.0,0.9512681836580695,1.824164205011892,38.005904119600025
28.47279750148862,40.309427427469316,6.613602631420283,4,1.8530566254908607,54.79771883210666,3,1.5,0.17575339290418346,0.5790644132518636,137.97977399700417
3.160348758016482,3.8654805035680884,7.972140529481581,4,2.1652285919741665,25.34019067896078,5,1.2,0.2905037443040529,3.8709015202121257,32.72255829498281
23.495733176962794,34.43335827763433,16.81940203204177,0,1.5340686713360505,61.639526503356535,2,1.0,0.172650974124623,0.18374741778694198,55.20509219045817
14.162380749641791,20.976270446512334,18.36759118860927,1,2.135874423215395,29.98485705865639,1,1.0,0.9823468137799928,0.5741570199765353,90.56222333027357
25.026162951815344,30.79962408705055,22.305683612379692,5,1.5861765890107515,67.18204315770188,4,1.0,0.9265721581873045,0.04748734243726016,51.6922545268409
2.3068103355942577,2.864527823180998,4.915257817349028,6,2.3996418393327494,35.00340551060919,4,1.0,0.7449684307888699,0.4747871748729718,14.59999003238012
34.925703843018866,45.482125705453115,19.151952845261377,1,1.626832571402751,45.02292369925405,1,1.2,0.483375728997922,0.3692595790925909,115.66230923847534
38.95281428250718,57.51181740196847,17.72510528152712,3,1.5864527622873403,41.02821213907568,2,2.0,0.2711603219715933,0.07635720323059145,280.09717273692377
38.77067528378481,56.23794128705567,1.5310693500863488,4,2.134622164657972,71.52883488049142,5,1.0,0.2993407525181282,1.01524376111232,121.57403725058127
30.111247353845528,34.35775180600386,9.293355389044967,2,2.1966820759934245,27.59266752280449,2,1.0,0.49873600770041027,0.9484621084486631,174.34037653858314
5.638406485159963,7.087997361589258,6.786370969442366,2,1.7426314943459902,53.93869294308732,3,1.0,0.7914004042028334,0.12140100347327264,17.000434054936072
30.45139623919639,40.236906009686365,7.3077701844967295,3,1.105656282941628,28.523696566583734,2,1.0,0.338256546399063,0.45541341438236416,98.37451874856033
1.4711832001226597,1.9143815365565262,23.59072510931282,1,1.595188992627885,62.2877501679312,3,1.0,0.37971272128118205,4.596728632678369,5.995216302270075
1.3738802853953915,1.6178061727768365,15.42665792351827,2,2.4457232549464534,74.30468766766887,4,1.0,0.6399498622640235,0.17604274042717366,4.309599136970195
13.282603656406879,19.17379313600824,17.22422778704399,1,2.0800765281666145,46.076459232035205,3,1.0,0.31395642605042823,0.5458054000030117,56.510299885925754
19.8014060209843,27.14329834159609,23.43882329556022,5,2.1789764265945246,49.28553561589855,5,1.5,0.6257967591635232,0.05478188154861066,128.74999513428335
30.93109300340783,44.3911710520988,9.05284277898333,3,0.8558033479927083,75.64537018896573,1,1.0,0.44841780394505615,0.2418159185013497,33.947753177269476
27.490167375956954,39.68221362387667,19.244164042867343,6,1.5953610864780718,51.25948331896143,3,1.2,0.13093138531121323,1.8029477687608935,98.60144587437418
18.11315690188156,25.34650739042534,10.428743119307889,1,1.8992559272178442,49.255906282973655,2,1.2,0.4624311576087675,0.685255636273251,72.22444370533792
11.308253318125802,14.42576054551364,20.868808123559514,5,2.211055562167727,54.69974616225825,3,1.0,0.9275727515672304,0.9024295939703457,40.293277416508246
39.88641775622959,53.61606870395478,4.335780991471276,1,0.8837652110907115,61.353784181777115,4,1.0,0.3638006912201146,0.25614403913501704,54.60596894521407
17.33416143832093,20.179497517673635,22.74446824954271,1,2.2491461055911843,26.413002505221883,3,1.0,0.39054915049282213,1.7192171829546194,116.44783710029344
18.329787461022182,25.101877137687044,5.250521001861112,2,1.7322815924612498,69.26663166449097,5,1.0,0.1593467992533582,2.0885990266061762,48.547822807375056
6.963140937070933,8.158721304034598,7.829292167542357,0,1.135433749979302,46.13030164719555,3,1.2,0.6535427037123649,0.2997120256282747,16.422722800547653
31.89497717562221,43.937877433325966,18.14861361856273,4,1.33933386796449,24.34091059384913,5,1.0,0.864318127868505,0.06905564122170829,174.37308918816956
27.9004479183688,33.25284932071343,9.450123397569762,1,1.2792802379776533,67.17096015189279,2,1.0,0.41763060378379147,0.12660765691067322,41.43417002341982
9.220399705156035,10.575987664969958,14.597073042394719,1,1.7024603582904088,42.616998301176324,4,1.0,0.3162210017679896,1.605237365459113,33.169848690122734
3.7540513018257866,4.377651014165478,10.669764025666284,1,0.8878656558489242,26.022049705703235,1,1.2,0.9609506687474728,0.21842435736399277,9.081566312135136
27.379722431951166,30.13951231888431,17.816878490154764,0,1.06951146944987,58.02674237259503,2,1.0,0.7705653531323395,1.0215873236662592,35.10640786017374
26.353192964104842,36.564945796611745,5.47995005684666,5,2.18157817373883,72.8078812060185,2,1.0,0.6104472033549381,0.24844717772437164,70.21398774711227
11.293751316429269,15.731748572855095,1.4029916936850482,6,1.0254267842695788,73.26521056483918,1,1.0,0.3749780497103957,0.2797619481497483,13.873073587625006
38.05911070889121,49.70418392859991,7.19830553935359,6,1.1967736580788157,77.45980848853839,3,1.2,0.2987182161787608,0.006555057095652681,58.14172771155231
6.4667867253455595,7.530864925811929,11.383407956842326,3,1.5707300295270674,72.06232758600129,3,1.0,0.7441696351004206,0.5803130355258995,10.554242614648302
17.577224641182777,19.922408449369293,4.032481252624286,2,1.6791055097926617,20.128455160728514,3,1.0,0.5696099354236097,0.14113187962306856,110.28169320955165
37.77282884662016,41.83913380138153,8.515134951753328,0,2.09813781534407,42.81446998480341,4,1.0,0.568539835122683,0.7512170893139508,142.2436482619337
17.07922901858183,19.91949234996059,9.599592439045644,5,1.5604651253325192,69.11255479433018,2,1.0,0.16633883680501943,1.3661501865167,29.16226220101514
25.72177493273138,37.45970665337032,1.3774042485185651,1,2.142769855760416,41.97518035990845,5,1.0,0.5609750290836454,0.6871883553216759,141.88613363734072
16.204978719530374,19.391116343386745,13.999373956420909,5,1.8511887219772778,56.09291038278237,1,1.0,0.8404696279355443,1.8315850134464169,40.19120292328823
11.331500492772467,14.070420829624528,21.2242422713109,0,0.9922695570204982,56.37901684247192,2,1.0,0.9521193500161831,2.0290095276769065,17.976847726790012
39.36711709441322,44.96268801303228,3.641829910873258,0,1.0657634452678257,41.90151824232939,3,1.0,0.19601415773356162,1.78908639734372,77.4677293766852
16.6686932494442,19.818151526145993,14.347392321636336,0,1.5429573332646105,74.26843563687726,1,1.0,0.6680486896291637,4.140126277450018,29.161441901758273
35.81691854532581,46.837420063204945,15.95374091786031,3,1.4747119682513672,50.193700723167055,5,1.0,0.6115125257184222,0.4063245093421902,99.5423327566441
9.583206932697903,12.8712155163709,10.06403233006292,4,2.064025258383401,47.88705235625005,2,1.0,0.9012812418533276,0.31507531624345403,32.142318032094444
8.91763580899079,10.684584422940814,16.82634209674248,2,1.7872531376554983,79.85082473971374,2,1.0,0.7761196271663844,1.4113035632693491,14.992235105076434
1.7297962739381987,1.9427218508976245,9.85755704378429,3,1.4598262377038238,49.610021844357,4,1.5,0.9687356822487819,1.3553468663516048,6.799804108266569
26.24083960234746,32.96933588178933,12.111294911458437,3,1.0902924818656556,30.703895115714865,2,1.0,0.9640292838237966,1.0703258834783682,76.04590406173986
15.056790577088565,17.973010078191827,0.1764730693062475,4,1.1856230739533418,50.78416537180628,2,1.0,0.30311658401069874,0.006544041330764657,25.992659226019903
34.64215086866567,41.148694008465924,16.60128273923253,3,1.7783517313974002,68.8410041311958,5,1.0,0.7528157847103799,1.2153247324038357,76.50307209704067
19.191791314316507,28.479565085768794,15.872224294673387,0,1.5198459683296472,66.61161961389689,5,1.0,0.577470782228405,4.050079674435617,52.25251192508019
38.743640402631506,52.16909420556398,0.9216210558322695,0,1.6753767650631426,67.31490590650826,1,1.0,0.2931417956937749,0.6110000788831537,80.54272244930233
7.828257870273285,10.354838879519612,8.838002577483195,5,1.0901516400137972,62.4814270398747,3,1.0,0.2753821739956607,5.144357938455986,14.769302570361766
34.810615134246625,44.081031492132055,23.496764179000017,1,1.9269406289857618,35.253069744001294,5,2.0,0.17297590713965785,0.6618483170876843,347.77221180290525
31.1755756852738,39.64216786644949,10.097677501646803,3,2.2493158594551437,71.72504515041388,1,1.2,0.8159907487768201,0.22598058138842558,85.73030534984592
30.951412863440055,40.74326378726129,12.046689723164201,1,1.238497161537731,73.6066079225759,2,1.2,0.39205430255800855,0.7622522741561404,52.1220925696486
33.868937510617066,46.69076630769358,21.838323795833247,2,1.6355741839141054,31.649161797112946,1,2.0,0.8712719517960699,1.0236412025660877,293.3981010712847
30.560447642248455,42.19965201030288,17.214285020778153,6,2.4583964593355327,27.827338193083634,1,1.5,0.6474838294208931,1.4892086699351528,337.15734295355537
25.235702704440907,29.49239953929238,13.969683146981366,0,1.366510958936237,78.53629811534672,1,1.2,0.7062700193546146,1.0544271140574768,35.93033020868254
5.684172668454309,7.389680829899512,19.14731235218574,5,1.811578786370394,72.09943781902207,1,1.0,0.362506374649177,1.1541310399429954,10.259890534488264
1.7847840899044507,2.25736500038458,20.744790394943358,2,0.9533326903404155,73.59416883259681,5,1.0,0.5115648514561152,0.03654207265485374,1.0
36.87348998871963,53.400585937849435,10.965313721694404,5,1.8302255042150535,73.1825830774637,3,1.0,0.4710858202748124,0.43878097754669226,87.57406332289727
24.857687423569153,33.62170183671552,11.402600758364049,6,0.9523740146178505,52.5012094420237,1,1.0,0.3121197975321411,0.5581107609256715,34.312880366143816
31.963222993558965,41.96776378084725,9.265222455644059,6,2.4307002400504976,58.78410419994798,4,1.0,0.8492609516741133,6.524459738711174,126.75757026564399
19.520132884745728,22.373153673028366,23.200947360443053,4,2.016626508522929,52.7217711280185,2,2.0,0.659876055225959,0.5255446551282883,109.16976801614564
5.133673464014582,6.8906996749046,16.73199010296841,0,2.1398716398307007,23.072380951419746,2,1.0,0.13368877970776313,3.403418671502414,43.140462467239125
5.444838792000742,6.244585220089509,1.997353588993735,2,1.9969774133117826,64.73018512116636,2,1.0,0.8379253174408196,0.5451959068021464,15.75075167000314
27.57982884554437,34.05785158597703,20.711030959512442,4,1.8025393613299918,50.319922000152815,2,1.0,0.1954339804257323,0.15157196047746155,76.36775300061039
17.497082848528777,20.246518210422856,11.533438580070435,6,1.564851727845359,58.862544487413786,2,1.0,0.46332679017930334,0.42676545985705916,36.14074999365471
8.4207267046633,11.59390459156636,1.6500937541396992,2,2.2592347455938064,50.15838829853212,1,1.0,0.6141312114673401,0.477889155061736,29.729103865389625
19.917984596286757,23.553033626451466,13.193214123919464,5,2.426620634823207,49.50867933934735,3,1.0,0.10688612109509621,5.742115312132127,82.38437699726276
3.0362530144677966,3.8157919971504186,10.011942695416849,4,1.6483614939369382,30.30734656866601,4,1.0,0.6876172948986424,1.6826287297459857,16.677550080851777
23.48787037561875,34.251654643349035,21.065985716702997,4,2.3836095835639455,36.72282290846894,5,1.0,0.6937326456042313,4.025350953771628,163.03062760962095
11.125239475186358,13.146990900312009,4.895870486625297,0,1.7916659469804799,29.531161516637347,4,1.0,0.687273685419382,2.7026694556214848,57.9901493600227
32.003584475168935,41.70457582721517,19.83515062781239,1,1.7152531177239365,31.739977737520547,5,1.0,0.24712114429564944,1.2962537939007512,162.48494640139378
12.759297377481165,16.1750718379364,13.384528588450866,5,1.5726206460241063,78.3786428252183,5,1.0,0.3301590940961945,1.6876866339586547,24.586920815108943
18.481195888731147,20.463297058748875,1.3106472771232571,5,1.1557891946012038,29.186806746331904,4,1.0,0.3226382375794662,1.4705927956255738,56.95973956495674
0.9590113263699751,1.3590180630021815,23.32428723181163,4,0.8063234233907006,36.15622545831246,1,1.0,0.9640602848616733,1.646103149726227,1.3564244569114075
3.3616520678850756,3.790660600170173,12.302765858476798,4,1.2105605856553041,55.4353794643151,2,1.0,0.16077536850328955,0.46136533183537887,6.460707510421397
16.00349547806405,20.639740259331994,6.98104450155798,0,1.6665293917260608,56.61071457419851,1,1.0,0.4858853569331536,0.7866900626884419,38.13073219946286
19.45758397132638,25.767120370328904,11.265764207742194,1,1.4459319188415793,29.238447784629745,2,1.0,0.8841285152381747,1.346997880401917,81.06559713667433
24.200811650712495,32.704264940925455,20.588586804419734,5,1.5624248876044775,67.62304554711274,3,1.0,0.7925193950029444,0.05488467112673396,50.289475365976074
12.020671859017478,16.53386498397944,7.317674985241524,6,2.4671019732588846,67.1121720747695,5,1.0,0.8401979121840341,0.9890896737047983,43.37099154902696
27.951784501998432,33.57872898601205,4.624233515680808,3,1.395463030137857,34.23906225223347,4,1.5,0.9750642257100998,2.9462464205267653,142.71270913117107
34.47483468897358,38.05992482815023,3.097709926341155,3,1.5687109969121833,37.319978160527626,3,1.0,0.44853563104587,1.0169969500887468,106.00481640926995
31.30411406128732,43.493230636725485,7.14862556136507,1,1.0269764372997934,76.27927192756982,2,1.0,0.3786897469424151,1.205526168342637,39.132694143774614
2.064943601260107,2.7138782283043303,18.721154088961043,2,0.881528145142879,69.54028675876869,1,1.0,0.1275935411351776,0.33829168800369497,2.289298714699877
19.480024416684245,27.943064167832333,11.31903276468628,0,2.118196174807241,61.867821983751426,4,1.0,0.23501742561087588,2.372320828633239,67.7268234517218
4.644742047517907,6.635271078872399,5.4595584886449595,1,1.7701613976223638,24.93399329063603,5,1.0,0.6058131890887217,0.6668039427442145,35.086877512268124
10.060778126569835,14.460662924204536,3.9884399906339807,3,2.0931981702746216,45.09584485415454,3,1.2,0.24189453554800608,4.705513639208193,56.491988454996466
39.47317243405229,51.079779741541664,7.985507436249098,4,1.0547667581071378,53.558112324609624,5,1.2,0.7626745143828196,7.604338394670979,92.67978792095121
6.128573944609773,7.559297856633859,22.55818494925701,3,1.7721089110105746,31.244677279026618,2,1.0,0.13350934442434376,3.7154174094510104,30.197067297043898
20.206082061328566,28.624406266613008,8.232641102160585,4,1.2311922063803384,46.89359492649347,5,1.5,0.3335392209140937,0.13304477648935084,80.02367491200151
24.917151505565705,31.90685217129021,23.714977822911248,0,1.1877050887300338,56.0615526493214,1,1.0,0.7259078110496398,0.6078598000814259,39.38174046182965
28.247366336492107,33.14480653949274,11.645530938368548,4,0.819594223890075,39.64260080692395,3,1.0,0.32995254181515743,4.354391529804957,50.93714172327244
22.606122997733106,32.5977944359356,4.299934038963621,1,1.0215792300674222,66.85668913702924,3,1.0,0.7558844178020176,2.4485478302551558,38.62757152332369
0.8859484730577545,1.2873043504469304,21.387362203044226,4,1.3257557895494823,70.42697489832833,1,1.0,0.9962774878876317,3.6317757614427864,2.7538323565339278
13.39522167563768,17.2332728644055,11.048528955235845,2,0.9986938930045964,39.41656816604424,5,1.0,0.8173755599041932,1.2748881418757176,32.08897050350636
20.9496099136961,23.678922808151,17.032112244108585,1,2.475959348698594,70.31942926954743,1,1.0,0.4076519128849023,0.9820370287875677,51.26806881685395
3.9707267162209177,4.983779954435271,23.609077997019643,0,1.3246755024907162,26.2145939661809,4,1.0,0.910532710565435,0.16890723360594848,14.964980253167752
14.34976378276264,20.396970402575835,1.204208407679376,1,1.021550709393958,70.26374591735939,1,1.0,0.1460617621013885,2.743926068596277,20.202638153771744
1.8115227972589794,2.6461087612599026,2.3206694349016113,2,1.1384399318075282,29.165025900056996,5,1.0,0.7525061420025809,2.0505704696838594,9.262241901428727
3.6038506376233195,4.257549850501222,17.29096179510615,0,1.7990954881805101,24.975629150583565,1,1.0,0.12099009840640755,0.09102152116548873,19.21227403997295
16.178469409963043,18.229728564329584,6.763800079091328,3,0.9088739905701405,58.50652426646067,2,1.0,0.2570999458212685,0.3524723731745921,17.03441366956381
5.742272284700884,8.331693589568758,4.4232335268023775,2,2.266138021239967,48.31624194531766,1,1.0,0.988827167384717,1.222218388593485,23.821929003913972
22.917863506331546,28.779381553048392,0.9446851156735079,0,2.4345494547031503,74.47343602476997,1,1.0,0.42479642124487627,1.7299309517161015,59.63531363775934
27.733866280921998,36.51730336470218,0.5243210876688433,6,1.2194706151345476,41.791351765450955,5,1.2,0.8384494403478149,0.22217633610444368,92.91690646734811
32.123174614808775,47.77443092394293,18.58765447487498,4,1.5651619566044608,37.229135806257716,4,1.0,0.43847804155204184,0.42120829218126654,140.09967340905465
8.405934647669998,9.470343613511755,3.2264022568692,1,0.8376285667501451,50.0440943686519,4,1.5,0.8560256057180341,0.3218522845357296,14.096810964496182
7.115561999233256,9.672376990054483,11.225294783307621,0,1.8892073820362765,47.35677114611968,5,1.0,0.9688956041140968,0.37268656332417094,27.152178423488323
4.63042969320881,5.230728642177072,14.541523564307592,1,1.503674298689401,40.66568277303129,5,1.0,0.49198261907724994,3.802023985060813,20.002228781334722
25.63899485697365,32.05355271303342,10.28044321365231,4,1.2590993923726448,61.62447792189971,5,1.5,0.6034142726634514,1.8872189045113705,72.49180203006097
28.405791196232595,40.37956556835974,0.6505596560695945,0,1.1516230880482343,65.5737100348345,2,1.0,0.665775540967211,2.0040121487278126,46.492300450709784
1.7476527206128605,2.225441563428353,18.804036062109812,3,1.9118392320198927,71.1790381418082,3,1.0,0.9413513219577119,2.3697845215217264,6.1915172079464975
37.480383726625746,56.17833300716932,0.2523173889996837,6,1.5075689527549345,78.37139628262057,1,1.0,0.33106967869110215,0.6614201501563458,67.85591793213538
2.5528657042331604,3.379033584725794,18.285357465059615,6,1.1054207913508505,35.99937152795027,5,1.0,0.650124435550354,2.1862642139368327,8.537584314509012
21.881205244392284,26.880291760254767,21.439307850914943,2,1.9714854385276008,62.96560894939769,5,1.0,0.3922482054008283,5.7535233962724055,67.35848686456961
28.5078905183112,33.86864340243553,10.388158105372135,0,1.7606228811623792,43.65549412974471,5,1.0,0.2952398621641775,1.7979518468777622,100.540092316679
34.90328038797038,43.28733502273986,12.853019354347158,4,2.2597424933801435,60.62491831706649,4,1.5,0.17642830512089275,0.8087170563236645,165.75652438315862
28.7064338192309,35.854717908609985,11.447601422823691,0,0.999709028090038,48.55890142095322,5,1.0,0.658639777362354,1.8900730425752004,54.58974180016528
32.16825928125678,36.2692449698597,9.341006846962532,1,2.1356332233055753,79.62638616607589,1,1.0,0.8938769309844116,3.46584576202335,60.58109157102314
13.908282605440839,17.355167829707767,21.298188848888646,5,1.9449785375893403,63.73412814744499,5,1.2,0.4162535999600614,0.20675934982730065,44.056815564227335
32.685591992987234,42.02371552973582,21.454404256079773,0,0.9955185926077663,77.14947802605947,1,1.0,0.5974016825736795,0.4624286689826421,34.79289279878872
3.664536432194668,5.090389605014768,8.059592751396828,6,1.9811952407819253,70.09817296887115,2,1.0,0.6779204157647042,3.7754547101624976,11.009364006549667
35.84525791439084,48.84603880976234,14.761674096352753,6,1.5506303910957118,74.17406066980226,3,1.0,0.47318516001568356,4.384640296954161,72.90388286173477
22.129898858072583,30.616853649598536,22.24578149150074,6,2.4064741354449333,68.86515183288049,4,1.0,0.9130130653294524,0.9928772640807308,73.52339532509191
32.7832619135185,36.1712636142825,23.089403974592436,3,1.040739296050429,47.549547822554686,1,1.0,0.42647964508105896,0.7039281429882105,50.24189511602959
18.366572238472855,21.802351069662723,12.215016970129142,0,1.8928167643867546,35.10730720081306,2,1.0,0.2125097380808593,0.4985627533819166,73.92393651782243
25.921318960262735,35.37414265253187,10.867795326823842,2,1.4493660772870083,42.219210527031336,3,1.0,0.22961832224652962,1.0359800622926731,81.68841744530853
21.292905106976473,27.544411493448862,6.688663582284619,0,2.426584940004492,21.214173958397026,3,2.0,0.9017718530569414,4.089271269424373,419.1282443618642
29.39778610933561,32.40004648874725,23.01292495656984,5,1.36095732199347,51.43959004788003,3,1.2,0.9892072385631637,0.24344248025830395,64.8847847977563
3.724384290208288,5.295321602361042,3.4275433073488166,6,2.4357160461360605,50.30346801622452,1,1.0,0.36004406551454526,0.8166528233419701,13.699449283805594
2.88390731762727,4.063782522807762,13.9159098251454,1,2.3325259468712733,51.51502788982929,2,1.2,0.2292424530892403,3.6389582893472534,14.702432604974614
10.260577743400784,13.537474500887358,6.781206420447333,6,1.2596515000281159,78.44187349832383,5,1.0,0.5339910535805885,0.6441432963386189,16.67697943936065
6.802014864470939,7.663050162866984,6.696198968347119,0,2.1660210206049273,74.68724020729036,2,1.0,0.7385752572189381,2.1920532919830293,16.15004096311765
34.93545088039197,49.1404155132419,9.719246097028524,3,2.49252714306596,29.70276669980648,2,1.0,0.6511626172926749,0.7396253884350928,261.42160688849106
9.15895250064275,12.213329760311556,23.971030459575708,4,1.2295271036911801,42.13295129335335,2,1.0,0.9559973638743513,2.451569673738183,23.886639727246287
39.04667760485569,55.16452101653611,1.3191913641557296,0,1.5425211878496434,45.43737076779571,1,1.2,0.8360000955744653,5.945159984134931,137.5255903063886
13.807383774958721,19.33998584272673,13.885003636884754,0,1.6843072521634914,41.631975071098864,1,1.0,0.8820749485576019,0.736098309540026,49.635313804518226
7.693657669703621,10.934232656556508,1.9817317928466522,2,1.3013829308665694,67.90975781623479,1,1.0,0.5875004429641633,2.7974502687402962,16.85462670977111
31.693091032127924,41.42931085691606,3.7084999197724553,3,0.8259502273982506,51.442260192055215,2,1.0,0.39454767399830504,6.6873024765156694,49.154732352675346
26.518957132284605,30.659356798545993,10.549510602549567,5,1.1742197151357954,54.325989018297506,1,1.0,0.7315624094145212,6.186909674498465,47.61410419816686
20.17873079989899,27.613846271756536,12.25104315231459,4,1.2792927033809893,71.18081353927553,3,1.0,0.4951477359562556,0.8531352494382706,33.45576435171879
22.436860262036433,30.249139732827235,6.211017800748576,6,1.5541194922409183,68.35568920492152,1,1.2,0.3589788165060921,0.9976010632119379,50.912473737553135
28.908470241754422,40.382278935526735,7.594971140985988,1,1.0908742133027833,27.93269136921798,4,2.0,0.23704361710506777,0.542319244290153,217.1234030763471
9.5239622825863,11.123534628506938,2.0872084861423934,0,2.2845324063758436,62.83487504501806,1,1.0,0.5750867871006062,0.5653575059929473,23.224887419937993
39.8551896842413,46.94901808296499,7.277274812262013,5,1.9983489256432714,46.126167734122134,1,1.0,0.6348282104799269,1.017301024953907,120.6921421123772
39.004329904797935,56.79669351927554,23.19740254513306,4,0.9448408118514254,37.67893418375003,1,1.0,0.6119071143887574,0.3356879986371288,84.66092849210476
26.187864610704008,36.662777890533086,22.67297716013956,1,1.9051571669378835,23.00112925413118,1,1.2,0.20489352709019862,1.862632968294252,224.5005719213523
8.381926811701232,12.265201381106607,8.037078963287641,5,1.9112160098895548,49.23497362072706,4,1.0,0.6129885875848688,1.1528038402819707,31.724244387288604
27.369015576036006,38.412033710724614,13.700494470690277,3,2.4255759951941673,41.32620084347188,5,1.0,0.25157269612462696,3.4251719302357237,164.34509770464203
3.3518371546774457,4.48764780683762,21.830289386662663,3,0.8051354813054742,35.090782380584045,1,1.2,0.6973427489063221,2.4957020340275937,10.078861395790987
1.7107738371293395,2.329480489849111,0.1484117433815202,4,1.2214851646698723,61.68030377581745,3,1.0,0.48644559699898005,0.5839546339076476,7.224839590129597
10.678474096192941,15.544133307410316,19.456405688102205,6,2.3772455149380365,66.16912323893521,4,1.0,0.8639097289652399,1.057236510029211,38.015831626893714
18.773606791202994,24.997483637243104,22.760869266934055,1,2.384627656177081,34.68737114176549,5,1.0,0.8004391703144008,2.082534293693985,124.87043429371491
34.79676396363103,47.07850901811531,2.1918176240053695,3,2.0249969129300833,22.966846200760834,1,1.0,0.7519438463649704,0.3220194463605605,250.38524543418478
29.223178255769167,33.97459486720632,3.874744464790105,4,2.1017976457808176,70.92516203391409,5,1.0,0.730663389400872,0.04816156448987259,73.4604463069316
29.836907587399253,38.47673580546384,23.05791126651253,3,0.9555210284804001,20.597584472258198,3,1.0,0.6044392355302918,2.8689041027959137,119.63277004814977
17.306986710698975,23.99715550026565,12.900963447368312,3,1.6735889191229971,76.22674963528831,4,1.0,0.1550022185155099,0.22196760199710042,35.32483162068376
14.164432205605035,17.115975218927883,0.34071922732136883,5,1.193691085191299,57.657192438962355,4,1.0,0.6899406611797009,3.3029078238706635,28.425340515180046
15.156031137891807,17.897782514800443,6.1831679703247,5,1.1080706741431494,39.31079811207922,5,1.5,0.5202299598073438,3.6732907147191725,57.70277258501114
39.51215776757429,48.42336328763467,10.79864818245263,3,2.1775156085096654,34.78867457460417,1,1.0,0.5225992425941797,0.9262261335862898,183.2142856043799
2.084313060793058,2.4940895321184393,16.629813864594425,2,1.0295648323569306,20.540339855868513,2,1.2,0.4411199759196427,2.4659020576848225,11.662934567676556
34.74774409683672,41.20961023248721,17.59584907528319,5,1.596707782893855,34.128285020652626,4,1.0,0.9361638233575394,0.676928847364903,134.23667654639598
23.35767863860954,29.662858285292565,23.890116310210946,1,2.3955830072962563,28.263698091028466,2,1.0,0.32450614025718916,2.9306894649676694,162.00583957860374
17.82530905798882,26.08084079767541,6.9002687852102165,4,1.1159144944610824,56.72997324338874,4,1.0,0.38493500806880165,2.61172972575682,35.08890609080645
29.147677586397894,37.97428978512288,12.917282444843405,4,2.462588820354999,29.992735315628078,1,1.0,0.9667367044620604,0.1226586875094734,186.50355641965496
19.723423186275763,23.178338783362026,12.79976514863052,6,2.4902895757938004,51.71779025219716,1,1.0,0.8291383617490282,1.3105716822200921,68.7754355143917
35.00021790422559,39.577849774961194,9.7354862267337,1,1.744549162960085,55.40698534066825,4,1.0,0.11267777094658299,1.5324723029580458,88.73280231156342
36.07772362844471,49.73178759390098,4.059885452218085,1,1.0892426583011685,37.88250190081487,5,1.0,0.9154968398756864,0.0012864875580515947,102.45952763484513
17.15797661150149,21.500995171496125,23.45895751641222,1,1.3373783094995226,22.10389694112312,1,1.0,0.3039825689497633,5.861920888564358,81.14910947419074
11.434697990784537,16.337123259336657,20.479612479998067,6,1.5216378155501098,22.235232836851765,1,2.0,0.7353392852494571,0.7827478945712867,136.8174698993482
23.897837979437806,32.59197437525023,11.959992679061692,1,1.325851181408979,21.580839931635055,3,1.0,0.597765796630494,1.0926741735629664,134.53037334386397
36.53835215185929,51.82952757416034,14.477890144416715,0,1.2770804857900768,64.34748002819278,1,1.0,0.5831306952425056,0.3250044780545511,62.2016835697272
8.82115646572383,10.662823537873827,5.454265285431895,6,2.452790505667808,39.08058228885788,3,1.0,0.7461291910534472,1.4159499674572418,44.887979571851965
25.10718005075757,34.57117010622464,13.050889689401926,4,1.0607202066067676,67.77801115805983,1,1.0,0.28646332470499575,2.4959984914951177,35.85862444529131
25.44662869365456,30.67908647366424,16.67928319491542,0,2.046657444818666,45.90396943057095,1,1.2,0.2431226176897839,1.322443956699782,99.12495977407487
29.4579643854036,43.46897915318468,12.364008681278131,6,0.8006974920465973,47.17988604979783,5,1.0,0.6867213460596567,2.3270014925439653,56.75679087801814
5.696923562526762,7.716766174400846,23.76684409403859,3,1.8135105379840406,50.77295615057442,5,1.0,0.3615213060141961,1.9701679813482962,24.510501019972853
28.7750861049425,35.3877367122829,14.672199749945428,3,2.357103106721889,62.781887382506234,1,1.0,0.9765551868919847,0.40703963678730865,79.39210005671434
36.40678456629282,43.972287146336164,8.903369102212057,4,1.2894879599584723,36.41017194978242,4,1.2,0.5063606551672061,0.858553860789619,130.9740521079819
7.597482800374558,8.93745565889844,18.531648662780114,3,1.1153941579381226,27.295240972011612,4,1.0,0.20043731800626874,0.24135720423991294,24.45886354466583
9.882961334493167,13.617301363183271,4.091100277959409,1,1.9078556512933258,53.36344011148769,1,1.0,0.7172336495548401,0.06426085050618482,30.816131722845405
38.870106214644764,46.15771647932147,9.228379528950397,6,2.0114223924072685,39.61865739456435,4,1.0,0.3755433632195182,0.09771838647339054,161.42305703463742
7.648589632024846,10.23474075030074,8.32701480906206,0,1.9696518822183682,46.54947882008224,1,1.0,0.233728684859262,4.283953667366509,32.43950271843058
34.248211188098374,41.298342822871305,10.363370282586654,1,1.3428386960363359,58.816802500238325,5,1.0,0.4805410266009289,6.254002347571854,73.72464918823104
19.944975329697375,27.220654571842914,18.76271582228943,3,1.2287440836708625,49.64754446847624,2,1.5,0.9678000502785503,0.1496932239111584,62.46713613428728
10.265627438925494,14.638537238168544,11.620152771921779,5,2.4250619599354755,57.21672902605057,3,1.2,0.470287518748417,0.6123887408970473,49.24945503139936
34.8946211002642,49.24364163668007,19.056346806383104,0,2.36960916405888,52.65200012681767,4,1.0,0.41260038915795716,0.18226987415508045,152.76655469519366
18.089557572605287,25.40389891189211,13.835733675356781,1,1.5774382368177946,64.38778231616595,4,1.0,0.5000580658623738,2.695720343395907,45.993831939278024
20.835285480222762,24.483313993697948,8.20966643178133,6,2.2385295724624346,62.3561970626972,5,1.0,0.11090413503968354,1.0286529783829574,63.818179577620164
14.689718091290745,16.678029882306323,19.43948984840334,4,1.5689499119783032,52.05139350851715,4,1.0,0.21979138473875265,1.4563649420813924,36.511899592193146
23.921558631679634,33.00169264732951,5.718952093274198,1,1.5214613307232678,60.73418125158241,1,1.0,0.864707156321147,1.1645025571930718,51.16301384845508
6.959192967108399,8.68047199969589,5.385191515195092,5,1.066497010918801,72.41357613635677,1,1.0,0.9802309708850623,1.8581237483593585,8.88765335291798
15.947720697744549,20.30046751288077,12.108070177316058,3,1.5248902960363537,45.936277267290116,2,2.0,0.24214733704331326,0.5765807723742253,85.97929417275917
38.79178673224386,43.15429699128589,6.260381903090134,0,1.713608795619672,44.76578436492762,2,1.0,0.5819660365482175,0.2218686378203829,103.41359113073649
10.696270591694537,12.87649762713487,0.21808883882919172,4,0.838257356628767,65.85473725114281,2,1.5,0.9697000904250792,0.02666562432203297,18.515263078815806
26.441098249381042,29.441384515731365,15.559140655171237,0,1.5549921087981908,54.95323022251964,1,1.0,0.24092323856106745,0.8850545897561493,51.319286010537674
13.345007536875448,19.37260459523392,12.266251715337553,4,2.1283055712718406,24.260406813355313,2,1.0,0.26767865575220523,3.576252948569809,111.56391779918602
31.052188464620727,37.18060718266896,10.69242754783587,6,1.9560782958362588,73.52672094146487,2,1.0,0.9341347185355585,0.5463405223599569,62.56910881523232
5.669509598374818,7.500391931182389,23.207244350839566,0,1.8797668810686896,21.846986134258408,1,1.2,0.7351188818071442,0.3271534592850605,45.7115772767671
38.80793128060252,43.29380712769546,13.708780415109928,3,2.3462442283432443,64.90378137258459,5,1.0,0.23677001815794468,3.9064020070066343,117.84420455887889
18.42468688465375,25.181737326981093,20.722357866945227,6,0.8306544167028911,65.52764856225878,4,1.2,0.4541434040067488,0.16714943810112165,27.09287098587679
9.823993302185325,12.075760024848227,3.346805668923844,6,1.746980896526798,77.18666511691583,3,1.2,0.1506429497932395,0.07978637757877186,17.806276320289015
3.4031215195355,4.965724914664832,13.660955115106265,4,2.138493042296502,23.248064504139244,1,1.0,0.48940438052592483,3.1730778685900427,33.46813738273991
7.205437250957859,10.485692928773057,20.83151104154167,2,1.7202701505921545,55.811411647069455,1,1.0,0.8001113450383334,1.8105130216835215,22.309225238212495
21.031070967962698,25.870662096750323,13.994538174717551,0,1.3506224393866446,45.670434237623176,3,1.2,0.5985748491275145,0.8224502526960304,60.84512460078159
13.811625469035809,20.170281797348903,17.23234027504804,0,1.0316259606563625,39.83797729157252,3,1.0,0.6826979096345828,2.0935717252711905,37.47516361811795
33.240892952363076,49.81025048297857,8.929045627492977,1,2.308857222087525,25.419113617944383,2,1.0,0.39413811898018836,2.02894097726561,287.6949360287
17.520057184641335,25.05659475772558,2.2187884088895986,4,1.6002960670589252,53.75924718027855,3,1.0,0.24525632597031372,0.06132762486012069,50.03236128914238
10.324213767211381,14.845688103939308,10.989607083049714,5,2.292795834875692,48.74244354047682,4,1.5,0.11180500819613598,1.691660728655452,72.66263987733478
24.877226970859187,29.84280840631015,9.46750538013258,2,1.7959486081363862,26.273267489061457,4,1.0,0.8391811098964108,1.5361161886595835,142.3993948901911
28.417700066975108,37.81489239313053,20.809444377094735,3,1.9461265982455014,56.749370425825006,4,1.5,0.6729891034112091,4.977179976120997,139.64906073528016
7.098155362087519,7.998928068840099,5.855887256459334,1,2.167243962443365,64.2771872151763,4,1.0,0.3063891171589196,5.0998148386879825,25.557055512675262
7.120959043388548,8.103417643963423,23.201621460842595,2,1.9205644258202283,66.03669806321889,4,1.0,0.47659056406956535,0.7117389173864078,17.12715689518291
1.9485213638749475,2.9219189381679285,22.99531487530791,4,1.476693229154194,74.32239129574565,2,1.0,0.8212989418553028,1.3368189192607485,5.641066770932449
29.5878795950928,36.41249266782022,5.943159433714529,2,1.6731767526787067,44.56824451332663,1,1.0,0.5848301674822471,0.2286037192850754,80.88285117345919
26.7202788410613,37.38897982690394,8.353246931455692,6,2.165177391948996,77.18436611732821,3,1.2,0.3701438888013805,0.10315161910404967,83.27191865278665
19.247919592117647,27.383361182702004,21.493337780973242,0,1.4352055038340732,71.92576430496116,1,1.5,0.3404660654536169,0.8505117273741727,51.327761097348656
33.84473273428328,48.84503332252569,23.198933301506578,6,1.459806476506445,37.79009426143634,3,1.2,0.295852622003943,1.7562036655604902,150.16856976406504
32.3239710415271,48.455291423853936,10.642538468065057,0,0.962673197298602,29.556982240967507,2,2.0,0.8413568921207528,1.2581653288779295,199.52829224672743
23.62149739367171,28.265450571869277,7.703929095381548,1,2.354793539876971,46.1233637676808,2,1.0,0.6236743156161962,0.8422758124732034,90.30988983986428
34.79671558027372,38.83801763656743,12.626256318037008,4,0.954761735407251,44.113922477357995,5,1.0,0.7382414491313178,2.5565507580869706,61.0448142272724
8.630727796452346,10.913353401706104,16.506460952777637,4,1.901955601662545,54.543158319872255,5,1.0,0.8741083972576721,2.3729345608496564,28.481829045942742
4.920824966210251,5.66894914591753,6.563388368999515,2,1.502430613964756,55.00317393966488,2,1.2,0.9881755322771946,1.9748281641680983,14.524918113564016
11.15510965492109,12.37068592149793,17.675356190857748,1,1.4895529634342521,64.99921906279852,2,1.0,0.3245352278777038,0.12024147525163131,17.611105322774964
2.7549308155279366,3.427604286214747,1.2397765707513848,4,1.9552381221735626,50.593396892336614,3,2.0,0.26281223871212167,2.387910054848859,18.586958580308448
21.481196356040765,30.363570096879695,1.1830678263459946,5,0.9140593454707939,26.28935845644593,2,1.0,0.5157985085145537,3.7777816963236797,73.55654820559106
37.495924845650975,49.737304789109665,9.270904923493084,5,1.8092998310174389,71.49748013318637,1,2.0,0.13156415153067927,0.09192308503273107,150.0762413981922
2.054069856406131,2.5164639778004685,8.483356609457294,6,2.112454036153003,38.585874991111226,3,1.0,0.8125460934071754,0.7704227383771833,10.7999992784913
5.3233416033960586,7.2489901720112675,7.575197168811655,0,2.2079616884072104,78.27784761839553,2,1.0,0.8953839989509439,6.679380645506348,20.06046630935965
18.361861617195693,21.90216206671684,11.784474304053841,2,1.089901661969418,27.071606520786208,3,1.2,0.7174357288732256,1.3715845292667501,71.58083465720713
37.38806319235224,41.341947277403676,7.6976059754777095,3,2.3256123851328954,77.4950703339502,3,1.2,0.34119552210724846,1.0810162349512384,96.59528993311638
12.988166146581644,18.258002272335265,4.614190043234206,0,1.9154483561406517,25.460708412951018,4,1.0,0.21083992658991152,0.2930119864257249,96.97509903952171
20.5357749431915,27.71297148276637,7.427269178126422,1,2.299153161395161,33.86216827682357,5,1.5,0.4439297691278995,1.2502916488857205,204.94649011913307
2.142127932490488,3.0095206237212624,23.39770254744564,4,1.624977219087337,22.794796525192496,3,1.5,0.850002058454728,0.867167234353637,23.48510404227493
6.35955643800251,7.0945634876864,9.866722007876366,0,1.7214566866652434,62.306788798339696,3,1.0,0.41304502340750326,0.20449104181960107,14.84941240611452
39.471889856874455,56.6361563412656,10.673106644600058,3,2.3623650709487407,71.01792419430751,4,1.0,0.13082911626397598,0.9363628966980375,133.50044734636285
38.6221885092238,52.05539043382826,13.837079758827361,3,2.3298462237029423,46.04426490895882,2,1.0,0.3468523386026187,0.2694066266582109,164.7145105126875
0.6951292469091799,0.9212952059413022,23.600178441941438,5,1.5618734847273035,75.71132450254578,3,1.0,0.9909510490681509,1.9676913055807432,2.1439148143272226
38.09656552421794,51.424482081176635,5.798430634458312,1,1.266501473780659,55.41794430533598,4,1.2,0.7090018800992949,5.454337499973661,101.89087311783086
25.745237543712264,37.22177701060689,16.35077065277841,0,1.468389738759249,57.800428126791395,1,1.0,0.910769346979415,0.9511208532716777,56.38768176543681
34.78277263354087,46.42716152008026,17.183632645001378,2,1.4591993585005745,70.7251521020462,4,1.0,0.7973787407509968,1.5010106159878869,69.57751730622107
18.462224297537436,24.59870121498524,14.575786003033581,0,1.2876736874707497,37.80801230311033,5,1.0,0.5857349637939676,0.8457477469670707,59.66168850450744
20.866043128880385,31.22126904905528,2.125880151279458,5,1.2565853273660432,41.255943279657544,5,1.0,0.23381998515548227,0.22353998900679767,68.12279730012455
19.809439920148346,27.78654422428663,16.244934619861837,6,2.263806992015523,74.35711515167867,2,1.0,0.4137800305201459,5.287861337708884,56.136289050296355
26.841138173071123,34.27391964846118,1.5382730648682115,3,0.9187652651639249,74.05780976232583,2,1.0,0.6253662027468,0.20816683561476568,28.094081327004396
6.01622456287436,8.32019070208249,14.307423589197526,1,1.95193900956931,78.58896657205224,5,1.0,0.8835691138587928,0.17754504538770585,14.86497581919836
1.6839567999707792,2.1145313997923454,17.749948253321826,1,1.093794087475969,74.11029898650027,5,1.0,0.34180754127840973,0.9219835824198153,4.493952889131135
12.663232692852041,15.088877257782316,5.06327737487881,2,1.3856600187699075,27.642322162001655,3,2.0,0.2091041824062066,1.6133133861156757,102.50675709216786
28.334890128097545,37.933072082652686,20.198928181026577,1,0.9046231580292227,69.42345716821924,5,1.0,0.6029490857993357,0.6575790142943412,33.78410446537131
8.47321135885646,12.466405733472648,0.7284913327921023,5,1.2589551826542855,44.59030868657564,2,1.0,0.25885110026625013,0.3207499563412771,22.772523618991997
27.100581116334233,39.88272760019602,20.251508727799347,5,2.1063158208993116,79.44808135675628,5,1.0,0.649325592389716,2.563583822407778,77.05778856599768
38.81152582123718,48.000624615204316,11.047897215426362,5,2.3045260517303396,48.33685785972806,2,1.0,0.3371692982353588,0.6767217529870831,145.06364150499732
4.209078273682026,5.518400404484356,5.222110558359468,1,1.176596158234024,53.230164950133236,1,1.0,0.3078667038705622,0.3241047686924737,6.763687814044943
27.06778366989249,32.065967924590666,3.210675479855232,1,1.5880313267401671,51.786494915407914,5,1.2,0.45926268849000196,0.6813959315829095,88.38909765367018
18.02813366253056,27.010695317031406,22.87937202197694,5,1.5995508814932509,39.304221791496666,2,1.0,0.6338725818021512,0.3622557510512482,73.60985140593279
34.79161904791146,51.92465314935265,1.743974101947761,1,2.2850780197915483,24.50132533357509,4,2.0,0.5907859056543817,1.0992289353404605,669.02080163198
7.4974166831717435,10.195013985671974,4.778242078462216,1,2.096758389888869,73.73907382411511,3,1.0,0.3202610295114825,1.6552385027431624,20.936650000243798
27.8587251129335,39.60857769044029,8.347736338393103,3,1.6722312712256848,68.16054875157721,2,1.5,0.9020050070080385,2.4108408656394453,90.81316785457759
33.605553941100354,46.57864415253397,14.885636375066891,0,1.9402702408020147,28.371606833580156,5,1.5,0.19889377276168094,0.3873053573744988,341.9449846760024
37.812261669223915,50.56494935197479,13.075226046626362,4,2.2405035916459237,66.60609628100437,5,1.0,0.13552080676690179,0.273999634648257,123.31879500231355
27.48829711744101,30.823705065925584,3.0154438178955356,1,0.8162162218434265,57.5507999630366,1,1.0,0.6424356424655778,0.029697174929216086,26.210644559261542
20.13840317833288,25.815534568748156,6.953471609717151,4,1.4849130527850827,44.54862727505734,4,1.0,0.2110664512589288,0.3883266374842154,60.394342712076615
24.904965987947946,34.11767454858775,5.730042506064578,6,2.3423133843710335,35.241268945733765,2,1.0,0.554401732851065,0.03629358355651089,141.7001707288064
34.82174688690937,47.741055322215054,5.125028507768193,4,2.0585321524347173,71.58372701013394,4,1.5,0.9565959559686693,0.6357664209618203,143.18375361800477
23.03908499223377,28.781554978800393,9.867464075519688,3,1.722830336367927,62.01129555764318,1,1.0,0.7287222443075111,0.2361971534914259,44.4194030438981
1.700288858025056,2.5107771008700133,16.896754862199764,1,1.7003956959597268,52.864394568148214,3,1.0,0.6557109223579843,1.300878034419597,5.717192759292972
37.272473472525625,43.49484503757261,5.2188703732136625,5,1.3912091659275443,56.574112033907845,4,1.2,0.6173247023850527,0.7260972623149211,89.98699928935038
27.736306665746664,36.06118654965651,8.800293112871554,4,1.6848849071905747,25.46397092493086,1,2.0,0.2615853269796335,0.1473875950586705,289.02126035849096
27.222278738201236,37.46748108619071,9.382018244187893,1,1.9141514390878704,48.435185654671514,2,1.0,0.48938304216529394,0.7659046303852113,93.87513003976638
9.019168519709828,12.43611949746559,23.434956706449846,2,1.5112171653289481,31.62201756714212,3,1.5,0.4082711566300863,0.3523462561881535,60.07501780641117
26.52597607418996,36.060886260823814,22.911992565097652,6,2.0140603488666957,32.50302074052952,5,1.0,0.9577668899998564,1.7099829896467442,161.59170907123817
16.057644023339257,19.43160047984559,19.203301986049823,5,2.264094786342656,59.678237737212,1,1.0,0.3180882082336525,0.6798643056648561,45.577433462096565
26.22370259313894,30.484598692585916,5.799814099660444,2,1.062964241914264,74.67536911005729,5,1.0,0.5243647342564463,0.2385463693512187,30.740789015814205
4.710424697165633,6.379686775445446,1.6328955382000725,2,1.5676299387896215,44.22539662870079,3,1.2,0.9442714269486251,0.6452555765254654,21.48733869627512
26.484889531819924,35.482358621857486,7.605699305294994,4,1.493634155184638,32.46495638073142,1,1.0,0.8102625871953835,0.38113563211720414,97.83528563677375
39.97684216794133,46.842561150817325,6.4030691864119404,2,1.9686901668845378,58.924816234199255,1,1.0,0.9680637153559808,2.382828819313944,96.02922902640007
2.404375534991963,3.322980812641159,12.142219203513452,3,1.22477469093848,72.27122278101906,3,1.0,0.647497229632292,6.144600443537507,11.022575902241286
39.098380276742034,50.126813354066066,18.665469841627033,3,1.8884265554188697,64.89912806734945,2,1.0,0.4004081692713407,0.038732885666679845,92.68316950293627
16.57286444855339,22.656833200898674,20.599750533092593,4,2.2917317109435293,72.12543383219523,1,1.0,0.8439847979176531,1.7568719140416484,44.40295641132378
34.89476128832174,50.0721271608653,20.276738049852206,1,1.5108237196491587,52.19328026064796,3,1.2,0.36231064423603354,0.4597018059328595,115.86876652300424
31.404226620301802,36.67672529630694,8.632213469353626,0,2.348726689964674,65.11257466215145,4,1.0,0.24829552172069735,0.10307468504378323,89.80755488862478
22.89714230897338,25.362201646674748,16.493624243056388,1,2.4883783561869133,28.403873561536187,5,1.0,0.7356599326351067,0.02168292843371227,160.33844069501782
29.668743765427397,41.88161614307349,7.508020740581281,1,0.9803564849115185,40.89647692179149,1,1.2,0.6750600971809234,3.193069564586739,76.30295951212133
35.20136467140324,47.30637369934869,1.4617330376443851,1,1.1961904195742596,43.37294986889135,4,1.5,0.8910540123358558,0.6545202460999942,135.05396171287904
16.4635427052158,22.71731534883042,16.837566374470615,1,2.4156455775195584,50.677744774762076,1,1.0,0.9657322820344456,7.81652937078222,72.23334232309277
13.417809881747928,19.25807251225824,0.23586126167490828,5,2.4291570670183575,75.74458161540943,2,1.0,0.8714778285020987,0.8761087091934349,38.841496864685844
26.869938729761596,38.18552485486454,9.820382099003726,0,0.9661023681574895,72.45779361333047,3,1.5,0.15401961782944368,0.31163952283277774,48.56263327415171
32.409914706679714,48.10824217810502,7.9051024632498175,5,0.8254974506411324,28.071529537351072,1,1.5,0.6980620896840414,2.2518412798309635,130.19906153761175
30.610262823676322,40.23333455408037,16.641060924452457,2,1.073870039535918,30.36737911294779,3,1.0,0.8062591715776412,3.9155459679085287,97.10464955485516
32.01363912991606,41.47041220311337,18.389891346249094,6,2.493221731749822,41.45843297533468,1,1.0,0.9837358519151589,2.5361430361836597,153.00732858268802
17.705540935110854,22.3223471362069,7.298271263310812,1,1.1059993482381678,37.444631953440435,2,1.0,0.4371951695613704,2.0509100236758737,43.31529224844935
32.804451538913355,38.1015968395838,19.479048346676485,6,1.6543309314274395,56.88625718937574,2,1.0,0.25289342854403307,0.6112751296078053,71.34043364223776
5.248257687139033,6.975159580526731,7.05400225211841,3,2.242310134931869,74.16656286587269,4,1.0,0.8676397556174991,0.09999574925207566,12.080554243949955
22.00731936945356,26.64657254327105,10.71183263967747,4,0.8346827381699509,77.73749250035522,2,1.0,0.3857200692692998,0.3371535861507714,16.642992310104198
0.727467089675802,1.0683021564857929,17.448444648339215,4,1.827631269839381,59.21617715211359,3,1.0,0.638381706214473,0.888081323403461,1.8013633325065106
13.321140281060677,17.76076091492667,16.630085501394927,5,1.2709432630783613,70.2895520840652,2,1.5,0.4509052877916999,4.692177740844703,36.83566729321666
14.975230627420217,20.02392106148639,23.6968433354928,5,2.2659693579475437,51.512132013847825,1,1.0,0.4620936310827951,1.9248172262162737,55.37947628384039
16.148821318565588,20.056349422444278,5.403864581182365,3,1.2818839537489346,32.49961681160238,2,1.0,0.7592180312597064,2.6428616536766825,52.08585872848831
27.970954664249557,31.349726853551385,15.895629924949976,1,1.967484724479245,51.481304725608645,3,2.0,0.4253276128059448,0.4871289538173984,157.92085389615013
15.848045000178656,17.63408014903902,14.632365798618657,6,1.9461733751605748,53.30495608625907,1,1.0,0.7237676016734382,1.7271797736822445,41.25073564777936
18.22339809358996,23.13157984651336,21.962362907760717,6,1.176539033061388,64.54745385281339,4,1.0,0.1128956099070719,2.9755223950397878,31.184350223454544
9.882993169535935,11.205596108135218,3.7526913994770013,0,0.8591586397761952,33.192979382440946,4,1.2,0.39218265100348837,0.9791931077652374,26.098138394395782
15.243445769358933,20.4679658091255,18.043155926086392,2,1.4957242754351754,42.098622925203905,4,1.0,0.3871396282182964,0.8428938258817331,50.6986821176231
9.477150276894482,13.764510730317708,13.638446790450441,4,1.2916283583419785,41.84164815287398,1,1.2,0.7739517573070452,1.9062617945619593,34.43879776559783
3.391238988853524,4.928032947584774,6.59198087490973,2,2.1752621743433047,77.5663757444699,4,1.0,0.38310140442306506,1.2311697886948252,9.350104219955815
24.336219438564427,33.185310870803555,11.386437939532179,0,2.160619120374087,46.63669761960314,2,1.0,0.6699944191285747,7.479883817311483,104.1462272543061
26.894405542923142,31.856227912898422,8.010638329675146,5,1.5769407187274633,65.3056380378888,1,1.5,0.7196719618970783,0.8303460570664323,68.68308805342826
24.969868667379775,36.086422549876126,13.903521666923062,6,1.8310707830494721,65.04868288246635,1,1.0,0.6925829897774036,0.29027386986611037,63.68089250960263
18.808014730122608,27.35507955658917,21.33601465955198,4,1.8272411771777728,35.93265108819448,1,1.2,0.6429643129437981,0.9578039951309628,101.14511858517007
15.501538317079577,18.27106538172328,13.663319625892848,2,2.20616885232696,54.312181362303924,5,1.0,0.47225516441445525,0.40222116884734205,52.32768355666303
34.601679158087094,48.2683194029522,15.161338039838018,5,1.5225041040094358,73.65817359911888,3,1.0,0.43597447991542937,1.235751318905272,65.73075136245804
21.00373051288061,25.511295321103635,12.449948330753028,0,1.2682593556438655,48.51186316741696,5,1.2,0.6081256525383006,0.20166398429939017,58.597133065041724
19.427684166374373,27.60782957804893,1.2279721546914217,2,1.2505593608389307,76.70705044055276,5,1.0,0.1573327922358937,4.492886785636499,34.17175127269718
1.5128615993542096,2.2676209289635496,5.588605365026262,6,1.711526874779747,32.867493759449694,5,1.0,0.8882378578463734,2.94727278618272,11.181922356387007
13.979289191233176,15.54511499505933,11.808041506369985,1,1.5635519446447614,24.449546346441842,3,1.0,0.8427836287273088,0.25363197687431793,64.58640027739543
15.517726942041353,22.639531025226372,7.4456468098729145,5,1.5482053106743914,73.48723238868496,5,1.0,0.4117462453334707,0.2838251724137134,34.38564665934126
16.25349984542757,21.92681994261204,4.362326346268661,0,0.9549334764525024,70.86087187773299,4,1.2,0.6101372110470681,1.0775088008007918,25.69592116242181
23.416808584479625,34.87589523190441,12.09918820604252,2,2.0216263591733323,79.55539255603068,1,1.2,0.9390049283660169,2.223424310885435,65.88580842895497
21.577300595711698,27.748490711096707,7.747435042748408,6,1.1633523695692483,60.76360928674556,1,1.0,0.344473117670887,0.370922574694496,31.84729286193433
24.512251165341063,35.272030597332815,6.194583436161953,1,1.1348211713548264,76.20127560002896,2,1.0,0.768209740925368,0.09436452391862751,33.43574302768362
30.712888830914068,34.550698551032404,11.13565001856914,1,1.5016891444715688,69.61694150504664,4,1.0,0.17445862658890465,1.1829491763478357,55.23241730554735
32.612936679285696,40.24800411925207,3.1988221939721555,0,1.1872231807502625,70.6655799872052,3,1.0,0.571034932723874,1.7645224195362945,48.30389607151996
28.86586151094653,32.526243701109,22.265897593809775,3,1.7925590544236263,54.148494227256094,1,1.2,0.8955722165025679,0.42029621069266165,77.44081314811875
38.24318599021992,56.987596132411504,20.824850350061737,6,1.4314876768686016,42.94187587500265,5,1.0,0.5965383557341661,2.01927138379284,139.88579929239924
1.2201870157162844,1.7409500988207507,16.982894057772846,6,1.5631499284077432,76.0734843525969,2,1.0,0.6546275441533912,4.513037374089611,7.780744931401065
8.23323043450007,11.864241228132828,2.549131862122949,4,1.713187846726849,45.927030536953666,2,1.5,0.9168753639785897,0.2211402779599705,41.47488215600597
0.7987335616366138,1.1782806417980771,18.621054107272634,0,1.1460103882190682,52.32916203498014,1,1.0,0.7438245760448225,1.0731783442993184,2.573788819492955
26.075251209106817,29.570414241755156,19.390975874616455,1,1.0647777588714007,46.766858427511266,4,1.0,0.7262827122018389,0.08778211158269084,47.34850095644156
35.97220668352448,45.11774586970056,18.426350825144105,1,2.2967172348851284,53.889098837611826,2,1.0,0.6277456198836086,0.3472570009010638,120.39369271816055
10.117550714763821,11.41678542320833,2.735181290861788,0,1.5373302948134158,48.23030473953963,1,1.2,0.6696897527731765,0.14116827973820542,25.981614335858467
37.117864519454116,43.95932688538733,15.453790969626354,3,1.5005591363753166,22.878053514768553,4,1.0,0.8233348816149555,0.7762885867938113,199.42528996345223
2.8805619164376535,3.4328990369889585,20.023795097985566,4,0.8605406554638305,72.92289116046192,1,1.0,0.9813097749675199,2.5791452937355395,4.605260621161208
37.41022305881781,48.17100752621553,13.856481629272025,2,1.6465597143985686,46.66362913494619,1,2.0,0.8157928186073692,1.291037311751219,204.79732367769316
14.38909614596556,17.373752500025862,15.513777005474136,0,1.7420885267387,55.33661891044092,4,1.2,0.7367831484642966,0.37767113431135635,46.32878241164666
4.506122723744053,5.138742892811326,11.000723506231349,4,1.750029480622933,28.351268165479222,4,1.2,0.22199039525036335,0.061405887831415346,26.365094016613984
19.691934487859864,22.98041735814244,12.688975677217263,6,2.0019529878489033,20.20327087895835,4,1.0,0.8353723486975239,1.2091318478674757,159.29092975525793
10.642674424960063,12.333904216911039,0.8250446004414052,4,1.10171911948472,34.71740561861858,1,1.0,0.7623949306588328,0.21372279035932729,27.478096594370278
11.752479627495951,17.50215368762686,15.335112527358831,5,1.228779328192052,62.27516192800101,2,1.0,0.7933889758611105,0.6294997701662594,21.583560673551556
12.63795361458832,17.740110368983213,1.9547331093878206,1,2.1782417908917013,25.951671806772715,3,1.0,0.30798683041898073,1.0706134950039168,99.67168119197216
32.21952296439021,47.91380036255106,10.44035026416536,2,2.41019004863377,74.53324642318807,3,1.0,0.9130993268868349,3.5109373122864795,106.53381287917799
21.796870428672552,27.810544034201534,7.023722344017788,0,1.031085670524445,32.901354161371074,1,1.0,0.18755323151217596,0.12804817909027003,54.05873082605142
12.796654116662143,15.501193599055327,13.090270805081115,1,1.6460042426588708,32.27561685750655,1,1.0,0.3282508501227519,1.6566781258930816,49.740508459154995
24.608184440781276,34.92682137875727,3.20199205255697,5,1.1640996296572976,30.890477697289732,2,1.0,0.6967210944919615,0.021272051156936096,81.30311205941643
28.787951631816146,35.42361959990138,16.599441647359637,5,0.9021243862034702,20.838902778281884,4,1.2,0.7063430174479136,1.4910077221482625,127.47139423988945
11.268648028974583,13.744971177477055,19.08027688628329,1,1.3533556748144302,66.30832810869407,1,1.0,0.3819921096707424,1.202878560129323,18.254687751916816
16.835189510251386,20.084421437711672,3.920506793835756,3,1.0442689628131616,72.50207187471551,5,1.0,0.7313677994006333,2.505906150149002,22.297915624199813
5.314500686809429,6.12162236302535,2.503514096445172,4,2.006886224838219,56.849762156971934,4,1.0,0.4491374838893849,1.1378490467770912,13.834307223153916
7.655399306619873,9.206270093074405,3.4923715868966196,0,1.7073332032414554,31.29199890079174,1,1.0,0.10015796427213097,0.6522248676320114,29.58103054305518
27.40415523161682,34.03946577239349,21.05106148556404,0,1.0445186006835285,37.11667981645279,5,1.0,0.24634551905864518,0.4170944695852352,68.18597777654148
7.666814733977264,10.5004516976258,12.676542282152548,0,0.8157107002893744,48.5556018418978,2,1.0,0.8943564476963569,0.13365628920052447,9.732959638596823
21.243953654848877,23.899998863746948,11.214263904180061,1,2.1738669833411617,77.26075709739806,5,1.5,0.30042461055647696,1.1473278924148422,77.56404419527362
28.50732733803609,33.75845616622696,2.5610836584565027,6,1.099530490479221,34.84108230906457,1,1.2,0.20161930497298833,3.2882023374394076,80.46738872460499
4.721638462242382,6.7217691632124295,15.589344162167084,3,1.8305682917753021,63.89875423519328,3,1.0,0.7139805453398751,1.0846195652663801,13.967256584973727
22.90883267534169,26.54603984836384,20.831990205482157,2,1.3727672522304675,46.36689339757522,1,1.5,0.49663579816876247,2.0154435588613686,74.12918202012003
10.63422995620387,13.155159864423323,19.876460863762873,5,1.7953260951355605,37.87084090160131,3,1.0,0.8169318427578799,0.5316624556195617,44.38938954411748
38.5356115718844,55.7172368710287,15.025313015539231,1,1.3366111658699509,47.35495622132682,2,1.2,0.8753004411092093,0.8916664886998645,120.36322938353068
19.600053045437026,22.774676076577656,1.806689199640167,6,0.9477972531768322,24.27240305247395,2,1.0,0.8613899896485083,0.5886823711155822,58.14175973958532
32.33670571611874,36.64055096983794,2.697528652224311,2,1.179015014548181,67.92124225582174,4,1.0,0.381708297277204,0.17356434309529295,43.3064141424299
22.23394841517234,28.76662037180957,1.1834156906357922,5,1.1196995630144286,34.598115678978026,4,1.2,0.5549913441713478,0.8093228166358819,76.53457030527858
2.214795047765357,2.704193446912822,6.179501195819263,5,1.5276328991473944,63.524727391578224,3,1.0,0.6851275611822677,2.1677119488912453,7.823468560269423
25.50947933596388,33.8093288821643,3.255875211849066,3,1.9190824318244675,24.10090228689168,3,1.0,0.3897847785557116,0.7537282481072345,179.7696995599677
38.08043201716295,54.13217021372688,6.241152966058413,4,1.2484703274088078,77.30591336994117,2,1.5,0.13698938381771633,1.575501478693078,85.38363802784048
24.263666895780084,28.02112367807729,9.24139333725508,0,0.8205188900110506,31.58089912434192,5,1.2,0.5460979440672272,2.1320461726330464,65.22226816639288
32.85795994735821,43.77599084679494,22.631586817707255,2,1.6821935192500868,72.96452457242484,3,1.0,0.11153650011903432,0.5845416928313008,66.02594973605683
35.42615530226211,46.13206357337845,14.64902543476061,1,1.8297911319102524,68.56839257692607,3,1.0,0.9555810622533525,2.395630941460089,82.92498101390612
9.509150991982832,11.008092863557556,20.039370856391095,2,2.436879839803076,78.07159544488496,5,1.2,0.8170152814657238,0.6208335985066111,32.04048042214963
8.875771176374952,11.978735402796353,17.048436017095973,4,1.8021003652585197,48.673439656744975,4,2.0,0.2728087988712351,0.443787229457667,60.76109681185643
24.633749059614175,29.79343972003568,2.700075132639162,0,1.6009933509428411,63.64383763075709,4,1.0,0.35881457400273553,0.3774035995765046,52.3701604693387
16.735624557364837,21.674871813641527,17.662089752974772,2,1.7747827640260965,42.24263942226705,3,1.2,0.9845546932174944,0.3345356109717651,71.30154037570775
33.67452146323545,38.15016606943827,6.602373157418986,4,2.377431070765446,31.06209428118163,4,1.5,0.43619369872717395,2.004109676797152,303.9309250478562
36.05091337422144,46.2833747255562,15.338588327872952,1,2.208242847522799,46.584555976006925,4,1.0,0.805350121690503,3.277326571848173,153.04016532387774
14.460144482457366,17.67876134130076,8.183087367431725,3,1.3490638467184737,29.944940923307293,4,1.2,0.502133921577329,0.39331093984349486,66.22782672059255
9.856387079492041,14.084308805178981,23.94413431835182,6,1.2033324182171334,78.92267736718304,2,1.0,0.8776863316905492,0.13364080310951082,12.946153541706133
31.330757852132542,35.177908316656726,6.325235507922668,5,1.2464771410223252,25.774789468442982,1,1.0,0.733378157345358,0.5648070363379656,100.07788446693836
11.354838404151376,14.391609429166438,6.699131298582472,1,1.657515767515862,55.35270340715722,3,1.0,0.12061905390204342,1.6087469577393176,31.033776582496152
32.993265581290295,42.342652030290395,22.33613413349756,0,2.064884067088582,57.587831315243356,3,1.0,0.3649508973453135,0.6895337315490959,101.80794018258575
17.237661019126133,23.96039071305911,0.5914657112717441,5,1.6554726522110355,52.28477257244325,2,1.2,0.6021930834041073,1.1950191834069304,58.63305266510441
26.868221022013085,35.72707732330228,16.720535708956724,6,0.9152538729077915,59.73115314271001,1,1.0,0.9335566396627784,2.045654725200035,33.2059335614932
4.273644896469393,5.841580826000863,17.407833377661074,1,2.0300871907479676,26.970846500713456,1,1.5,0.19182690517734136,0.7875859509397564,38.69453581214222
25.142443324724635,35.47145470720391,20.073085857849584,1,2.1701492187406215,53.301111452317464,2,1.2,0.6410462839399603,12.14196907921665,124.82060514271535
18.34482331012055,26.506090124820606,23.38654345532341,1,1.2921463707035235,37.232754267641695,5,1.2,0.37195905827139186,0.5306243980522677,76.07532350879121
23.671034295431227,29.010040783939594,23.41444605975966,1,1.9290137567816956,76.41056379806341,5,1.0,0.9003950038174963,5.742098622520002,56.83676340163673
7.136561205922105,9.386070113316432,1.5666421815951335,5,1.5252062317924686,65.72429920638353,1,1.0,0.7886526486926619,0.3404067330078596,16.633649739109188
29.606512925295192,42.51623249100674,19.72414374606966,0,2.3115029047366527,78.35086892958456,5,1.0,0.4327324498083568,0.17637190077800474,94.18073066075323
34.58048456295753,51.724812843308484,15.511438407777153,6,2.236883448873258,22.253364184411375,5,1.5,0.2503928475177523,2.084433589886987,566.1597782529494
9.061222103585639,13.191397131062608,15.536211224954188,4,1.693234397126392,37.10799051084252,5,1.0,0.11034817515756801,1.8175521735172993,45.95373094092107
4.280724943046389,5.34485710800756,3.080398238752675,2,1.9755594278831106,31.72535519830094,1,2.0,0.6590210056047539,2.500357024112568,41.48507924992678
1.4337241488302876,1.689022543225109,15.60449199469568,3,2.301694491737577,20.66927523870983,5,1.2,0.4655114268681194,0.6314554916309925,14.358175613247797
25.857874267509008,33.50552197414662,23.579581934429946,6,1.6427189171330685,34.539543814779286,3,1.2,0.3832808435746923,4.006297540931369,130.82391368535312
24.48021442550684,34.19045257517373,21.883645668946727,2,1.3325262588309974,60.72655901122573,1,1.0,0.986952062473152,0.19086638869646977,44.06086973929353
22.094547802205767,28.65723893428507,10.539135859316414,2,2.0812324344462882,33.86533532807411,2,1.0,0.5195279220042837,0.046117379657947453,113.17681898224497
9.661910296581029,12.495481389583631,0.9587513588662642,3,1.174112633133976,50.540206728957095,5,1.2,0.7748553552808818,0.536221228092856,22.836669159016417
15.94078683826783,22.879686507621198,8.695043760004916,6,1.4605029516102714,73.26908689789991,4,1.0,0.25967117552611263,2.3942233807869044,34.16370758300995
23.981815239853834,29.846844226468907,19.833367478413326,5,2.271736303081549,61.625475220944516,1,1.2,0.11210973196763241,1.6766115050276649,82.28858163950102
20.12229092493719,29.05493545033959,16.835978435163984,0,2.0315179784578357,43.67774419436192,2,1.0,0.4758063575032144,0.859606868005715,87.51610654363867
39.517528048488046,49.899648906084586,11.024247734254953,3,1.4864787089207487,42.3481363347265,3,1.2,0.6990983514483955,0.44408277233258964,140.41707673389556
5.889370225990959,7.251541760496678,1.3224368438119463,0,1.1650656540942077,47.344148840509085,2,1.2,0.5559388265651135,0.09165310757771622,14.093099337942457
27.958209884879956,35.83112896254363,10.245473467759263,5,1.4051462644148023,30.622486463594385,5,1.0,0.901419631861952,0.6176147121829236,119.1880326391321
16.47059134011954,23.140831384071802,11.256598553229203,2,1.282977053686636,58.04004604495928,4,1.0,0.4905814160684483,0.9243341205706619,37.58178487411375
17.413884789561784,20.032947187107865,22.28533278945926,0,1.0993517895045517,41.84916914627633,5,1.2,0.3799025318377821,1.7424423769713053,47.72163348624373
28.845111743497963,33.9959166100072,15.386066485971828,5,2.0636659530616166,71.14192095572261,2,1.0,0.9244438085868791,1.5575687185067957,64.24392222756231
27.8512279773126,41.23591347399474,7.479669999711573,5,1.2285188076452915,65.39315960346897,1,1.0,0.4661220507709428,4.415988352015953,50.94864885622569
39.65461175123644,46.403693866120236,12.607638346817314,4,1.5720846992851985,56.630789845529605,4,1.0,0.34268307547565047,0.15870078375806598,88.46532614652126
5.571574433437947,7.393985880681326,1.5853273877318417,3,1.4559610596213854,41.85213335897096,4,1.0,0.1878949691290724,0.6149782409905264,16.338496845152136
4.61233115067457,6.142360329990539,23.341637655593683,4,2.4695315436805725,32.59590990040906,2,1.0,0.8139787958942387,0.9854487819353082,28.536847875718955
29.111383276585276,37.72397975477843,8.641437646337424,2,1.464856815051975,66.56911184633736,5,1.2,0.8425823147180588,1.6661599750352494,72.81356440110721
23.346283221753158,31.701873615590095,11.46881651791526,3,0.9359702207544832,49.184545939465195,2,1.0,0.12996800520865479,1.0261375326801119,38.8519677665428
11.329346329112331,13.503795590922428,8.526815381686141,2,0.9527037793725429,33.48500229064145,4,1.0,0.4227810385613723,3.658608106965749,28.717243301087752
3.637065075064971,4.804799035546274,16.380281522788803,4,1.8042813263002102,31.710476902400373,2,1.5,0.7748888091381637,1.4073151186825648,25.678714754734052
3.8835008590590063,4.849985007552952,15.893571799910234,6,1.8189180379550516,29.92405427008154,4,1.0,0.9517436627392485,0.060710285507435555,19.855260778228054
35.82053954923267,48.88310480094785,17.167735452699254,5,1.5118902838205135,66.6296717723357,5,1.0,0.4400364554604145,0.1809751604694752,81.39674268871563
8.078759326390344,9.342999666282068,6.4354375106861,2,1.5341342769304505,33.7392311180187,1,1.2,0.8848480882415442,2.1005629192461575,29.50809370407692
13.27317670356307,17.631437105832976,7.576043547937584,3,0.8916853908294811,51.59853581151185,1,1.2,0.45434836587897565,1.8870506580290898,22.41742803440897
9.452927887966027,11.098759600449188,3.0060295463089908,3,1.6781290676617457,47.09278165838339,2,1.0,0.2615451645183833,0.24996230335089487,25.408796358206274
14.522354080361524,17.59321077823491,15.732239324306702,2,1.6580571081465978,54.776653953697036,4,2.0,0.10310152939918273,0.09107261743465268,75.51109853682549
3.242241788470688,3.8501099889806376,0.9551310560556612,3,1.0542338415468058,72.62929402227167,1,1.5,0.39716292083759186,1.2966787389985446,9.567610161148774
21.00286174087668,24.63919455960179,14.344376052563018,5,0.9765269563885769,72.06484340490384,4,1.0,0.44062754565463436,1.5148262612841301,24.0391078048837
3.1706962618924885,4.5349973390885765,20.872701236439212,6,1.0100732340191338,47.06456430949158,5,1.0,0.9506057759986025,0.218058350715217,6.690486414805809
32.114082058983286,38.99558477397535,21.379971558951205,5,0.9717480190351395,20.9219750440834,2,1.2,0.28546322717856054,0.962595905624301,137.68277540612826
9.731627235462105,14.313759177502995,10.77690624887908,3,1.8365039324124917,45.58662834285819,4,1.0,0.4440076372157542,0.5475608917552465,40.676691852021094
21.830470626878167,32.48309869827726,11.02328851711377,2,1.1340205090849618,56.371612245448425,2,1.0,0.12263871684080185,4.017132391876914,45.117657574621205
35.2631239586776,46.847207860179076,1.8472603921924167,4,1.227431258718688,53.46588554588371,4,1.2,0.7871857615822477,0.3711539881150249,89.59609752101451
26.20965607736417,30.32982578259885,16.09836061063286,3,1.0950726450574475,59.080166348012334,4,1.0,0.923627112629488,1.9822253987708747,38.76773000847913
21.551832568777744,26.93589623775414,19.710226088948293,3,2.4283200175624553,29.244543948385008,5,1.0,0.3140385825488427,1.0951335480723776,159.63889466670736
13.311183248057336,18.889805708989314,5.871721310513113,3,2.25284968735812,58.79210592684395,2,1.0,0.486095599576148,0.01738183960934895,46.69206882556842
13.653575565798818,17.025411952954435,10.111221159200753,3,1.1918412234975855,30.959097124626332,3,1.0,0.2099013592293946,1.091603538039985,44.060953660825035
26.94473473032851,30.577070549017257,20.132144082366487,2,1.356862699667614,65.03143884180494,4,1.0,0.5111518872816017,0.15716128123851297,45.428183712787884
39.76850476823612,52.602356599111566,21.05089122389491,4,1.1568178319184952,40.345256795760804,4,1.0,0.2200082172796859,1.6140828161756104,106.02004097224858
26.642647999050457,38.31341574418216,5.8363195263414225,4,1.6361891310834005,62.593726002887216,1,1.0,0.571013644977237,1.2504202362323198,59.191214571948294
22.532444986115983,31.959356497251193,13.21369522899274,0,0.8333379052062312,22.871935934366427,2,1.0,0.7611598363890097,0.015722957633942207,75.7051291295283
29.36069515445022,34.35345952263819,4.619835615259849,3,1.9413256151245528,44.4716015354548,3,1.5,0.5980084973327514,0.34354029160421307,148.8546213614292
18.875621685206866,25.84272399166507,2.445090339349357,3,1.6893688546899908,62.302071335799965,5,1.5,0.3206976205486384,2.245671648747459,76.80530874147263
2.875622532731016,3.416819597403639,21.86689203340698,0,2.3276861781118754,33.612230979889645,3,1.0,0.41841638692201466,0.4839748008930539,15.299510428842716
22.710724227177437,26.96405710649785,19.69218010157062,4,1.0794675633583042,67.71722268783336,5,1.2,0.6747154639350691,1.0375725134004032,36.35777536296046
38.32619873796252,55.558758009733914,18.240837643276173,1,2.166985718303924,57.84678398629592,3,1.2,0.6307798760103926,0.5609466406660222,165.89694908273498
7.424466223127556,8.9083763280737,1.17039165151537,5,2.1463337245934166,55.2537063289879,3,1.2,0.22309730930920013,3.8174982486659395,31.05759894090164
27.755193187416296,33.45330488963078,20.24949102504618,1,1.0162080216687077,41.212931252260226,2,1.0,0.8604545262094925,1.1536726101649832,56.14872636283906
8.436880702032731,9.282773804197962,10.513057821729209,4,1.477550681045017,48.94708822286705,1,1.0,0.5276700210223139,1.786947769621917,19.379828778295018
21.66519353668671,31.376998142647153,8.217482959100632,6,1.0892594899456787,55.840958058671184,3,1.2,0.24613230207375372,0.13075070954801093,51.54249958369758
4.3187197610454255,6.119789690073327,13.115432664609035,3,1.2330248507778332,48.34772683489343,4,1.0,0.21054388831725634,0.06175806418993075,9.389018567823687
18.289651982198315,24.70806834088678,2.19247782536534,1,1.2475184972119253,61.898799436433606,4,1.0,0.9689965971806171,0.45009398500542286,34.31384267027078
30.36845149136222,42.51906042362106,18.15951718445757,2,1.7456018698438136,46.02181598641757,4,1.0,0.35338160005619146,0.554714728345967,113.16913653642123
14.229075207439791,16.517386928610403,13.9784418453191,2,1.4993985839927912,32.13639090452182,1,2.0,0.9177342291247383,1.7455930627990113,95.10784195341188
26.764013117245113,34.34704590796355,4.4781623249560205,0,2.4111457668107192,32.83602696806284,3,1.0,0.46952676889204503,1.2629250378671975,167.6980638638082
31.9202734511943,39.59670835052734,4.517572794457094,4,1.0148292413099087,20.348226130576464,5,1.0,0.44732928740787126,0.703996839682718,141.2756590455041
37.12352386943838,42.22840230074037,4.4219676377441814,4,2.455276629245338,38.05746293352035,5,1.0,0.7308360726844888,1.5924841668478158,194.4793311691291
9.768362233290414,12.6446779255093,1.3680573012464157,1,1.1920856883642488,64.93505842871117,2,1.5,0.10889495899791529,0.2679110396623522,21.87453784578801
16.272978674467673,23.89354721981945,14.107162784920435,3,2.11388569184915,67.64976253025657,1,1.0,0.40428056946735147,0.0983921298350382,44.62936237336161
6.520432526551488,7.276956892343896,20.168356262124195,4,1.3762488744937964,32.148052525745,3,1.0,0.3723811409726281,2.8914212876003687,23.644105353461203
39.703098335255824,48.302168692512446,0.4199571356973264,1,1.0432383722094336,77.54263981228446,4,1.0,0.8812882848556417,1.24498422637433,43.91584995522564
37.11653823300966,43.909472493748076,1.1761114793105651,1,2.2584116149186078,50.14416760880761,1,1.0,0.576211185118705,1.5708607908387444,118.90859835744763
21.828306646082105,26.09047258387157,13.7464866404867,5,1.3250635287019876,75.01872494111015,1,1.0,0.4281131415018268,0.550612363629955,28.788720035894084
33.76031512786864,49.40396133845224,19.667896449265257,5,1.9200541871856318,62.405916911697865,3,1.0,0.3394713792697463,0.6977150876074841,101.89663838979331
21.077840102245666,27.131977985254125,7.841733373647206,4,1.7629542646472651,63.34600538134479,2,1.0,0.6314588279295662,0.12893735658086802,48.00154563905152
25.13163467610901,32.33234474199496,8.390745571385331,1,1.6019857259644863,25.102617278364267,2,1.0,0.2365058264890282,2.9172420740232763,132.38963782158444
4.020415068582656,5.645588484930582,14.312315939922623,0,1.6428931035025165,33.19946761381584,2,1.2,0.3215842916579035,1.3463486528641295,20.686495499438564
30.333181609623914,35.2409958031273,6.581109338979528,0,2.044804453956889,20.528889997668358,4,1.0,0.3642509485582748,0.1309987734817818,243.76709981516296
5.544682603591776,7.179843556835568,0.6386007858644192,5,0.949213954009849,62.96765842860425,4,1.0,0.6471180528462469,2.448519474393926,11.007090627136408
33.12967139497487,42.140746073883804,17.645484434438305,4,1.9359071253284388,40.6662973057106,3,1.0,0.43592946311482794,0.8807917580905904,132.42203362614003
31.39010946298024,42.02395717563133,15.015597910594874,3,2.322880572377584,67.19915096458081,2,1.0,0.5552049701080445,2.1729017027759916,94.93947902575242
28.49541556084757,42.73808196939937,13.93814397733582,6,0.8982399349337691,40.33617319622158,3,1.0,0.685394437389928,0.019050253357065033,62.72945902034591
1.9283350307281035,2.714670636526278,17.800419095803754,0,1.0391106766972336,69.16002513793165,2,1.0,0.9606444407269186,0.04374115402265076,1.5898504146455616
12.47357005984048,15.706049354222754,16.2055401014889,0,2.0182742923934534,27.84189522489878,1,1.2,0.7883536573924771,0.2809100208530059,83.64589097764339
10.892946511478293,15.588037616158841,4.941167716279708,5,1.5433788020158499,30.402389405450492,5,1.0,0.4647311025148969,0.3553248070767112,57.4811557432362
14.725388095125004,17.203425664981452,8.459545126640428,5,1.4860326553832701,40.45259237503619,5,1.0,0.773447836957531,2.165602591227225,47.02533234947555
3.961888497171622,4.40635483823635,3.026643400287,4,1.0328432787252009,44.5092433329364,2,1.0,0.9547247628272912,1.8398091083064432,6.358097271460975
37.50983400972698,44.32834721657717,3.1165683220291447,5,1.6615090692202399,40.922168650578705,3,1.0,0.5494424910887123,1.4360133444432859,118.43861546011973
22.375188508138862,27.65941645431493,16.228697912556942,2,1.0151270290338414,65.81882195139319,4,1.0,0.46944723981060077,3.2423953734764743,33.94779518775355
12.56821027099193,16.391865826120757,20.606402567579956,6,1.6102547757279186,25.81708355760288,2,1.0,0.17021682910066288,0.42583148784353386,65.51565516042464
16.180769924434195,21.780152155642455,23.105582012667337,1,2.0981460082348162,41.07302117830928,2,1.0,0.903133333585776,3.521450634468157,71.86093299989811
18.164500349941008,26.597229532534968,15.080330821186665,0,1.239049408408178,70.23439997092757,4,1.0,0.32179085271429003,3.603128704101186,34.196284265794496
24.223476167744384,31.585998364268598,4.418431760662967,2,1.6173364859055366,24.00782463573032,2,1.0,0.1575621071372256,0.854430369575617,138.06314343262844
20.869337394011662,27.140787355450843,2.535608290774337,3,2.486427147974621,76.54061046028144,1,1.0,0.5834831379319748,0.14871350039607426,53.745875197002974
36.81598294196949,41.237479553204885,19.508423316882187,2,1.9673057197018633,79.17901053632077,4,1.0,0.8613096813653726,1.9450090857809392,74.45664866298624
20.130057574780295,22.42417195825623,13.890155432639983,4,2.2303065112188376,25.314090429504805,1,1.0,0.4659715500607472,0.6163090677726919,121.39604727687407
39.69024158552085,52.40953456036385,14.838840504329276,3,1.5052409311529278,37.47635133534422,5,1.0,0.8047607231431146,2.376602312330369,152.54676152740873
34.13128583093128,43.52665421153655,18.75509013011302,3,2.105363569313954,42.34403996212137,4,1.0,0.8527564065555961,0.2681343910599454,152.20956462726355
8.736165317114764,12.542269313398062,16.87865346557884,5,0.8688655940002472,66.58348211916356,4,1.0,0.5089632029378773,1.1632128656219676,10.83953682538442
37.25851097843469,43.379034904676814,20.02699806854632,2,1.0089490103218166,55.75560872700403,3,1.0,0.6318595593464262,1.0641396481350958,53.96685303716686
5.096472716476305,5.65702694598978,1.3491337310370835,4,1.1452200079641057,58.66194202955404,3,1.0,0.580521068685046,0.1585650160355071,7.273539707844292
32.78926348540207,41.957650024670755,17.940495281916114,0,1.4833182718458733,65.45058936911036,4,1.0,0.9452762754710514,0.677262373855652,67.37416079171774
15.534620092324912,18.56373776524538,20.42046617573029,6,2.2377662931537974,27.078739966221544,5,1.0,0.7529551165825852,0.1328457486870848,110.27148320768787
35.17998565758025,39.39615740032633,6.867241018999544,5,1.388652286339482,69.99256741461573,2,1.0,0.9328085296931017,0.9375048706126582,51.00307497379523
34.788239259244286,48.35006261304625,15.370734575838068,2,1.9128560289762868,62.337188250808644,3,1.0,0.2980089802557747,2.7763526271238095,102.74025144272314
32.334053304646034,37.01076023872784,7.53988953208733,0,2.0058343011659217,54.640503511782214,5,1.2,0.3792131666494034,0.47248692279513643,119.53953363880991
31.706202234128924,42.59182289362605,22.991305595578897,2,1.7965100019501805,73.3841200869834,5,1.5,0.1638221258620609,2.1713739729904806,114.6886658954265
12.53482599437261,15.197472479451413,0.8021657384520902,5,1.4073113458892315,62.01838123302843,3,1.0,0.5499171610262269,0.3039592103078822,21.634273571214976
3.696311680524461,4.3224610395577585,13.915028251990922,0,1.7809906809130251,32.101997757861525,2,1.2,0.8865313114473197,1.6800676832250239,19.363098138229788
16.417717061223875,20.553349990089554,3.996085129188362,5,1.3818515077425686,45.78472286454,3,1.0,0.39416202741764417,3.707169667985582,45.31526386847443
7.354218341967092,10.44724306720016,17.093284924251808,2,0.9425853555384206,49.642572016144,5,1.0,0.21545389625439837,0.5871837305725216,15.84756646759215
27.95056801164724,35.12932008809248,4.22136680204789,3,2.4877667629162246,23.31305760502434,1,2.0,0.1616016294361477,3.4600649542472643,454.90855863593225
14.170939198242529,19.84367753840908,5.649198285560582,6,1.0162101711752687,77.27825080160335,3,1.2,0.5027502452712891,1.0560723521860682,20.62630415656454
39.03660293396664,44.89968672408424,11.864899465098194,1,0.9229922525212976,27.71463564781271,5,2.0,0.24761957016588698,0.5714627249276667,214.4980624084145
25.818397055140615,36.38092449896576,21.956038799925075,6,2.293502273652165,61.84767603360361,3,1.0,0.4114936259965931,3.4023948536059025,90.91442604567095
32.98798226355726,39.413161417779456,5.0811449315513,3,1.3131189235179217,50.373862165452806,5,1.0,0.8379818272741931,0.04884253676356974,73.72614137958266
5.734724573303013,7.8620622417374575,3.4617605068344846,5,1.905504855924963,21.537934993065356,2,1.0,0.44564264448177193,0.04262830353504166,44.185032054337476
34.54957204976859,45.82353349210909,18.215443964496735,6,1.3593097404257959,75.4848485518617,5,1.0,0.6488838264307202,1.3737972496466224,61.341491199099565
36.94890902527908,54.37615337883631,12.014868776014342,5,1.465472260350601,71.11020852913599,4,1.0,0.5519440502405334,2.389983089790736,77.59044299258264
19.73894579334797,24.770975647425875,21.882842697162513,5,1.2455920524285542,51.45547567423013,1,1.5,0.7466799636730327,2.088748197974747,54.62589822105292
24.44699104116361,27.53870605674896,3.518749371836215,0,1.3831748098481174,33.736540168366716,5,1.0,0.2405484630888119,0.12420772249899728,80.36326400808352
30.70998713566832,34.01629173517774,15.502269432552943,4,1.4981906809971233,27.297373440805654,3,1.0,0.9283969328352568,4.5011532094343885,130.3564033578208
7.406125776786296,10.596265755335619,5.589099507643561,5,2.0247073174569827,41.803548765927594,3,1.0,0.6792695177950318,1.8213556417582177,35.12210435670835
20.351360020305975,26.658129573349626,3.7622502876393433,6,1.669611530199146,35.325696862765426,5,1.0,0.34385835842209655,4.467193793114846,92.96871378432739
16.24718959700637,22.910123394352546,16.40230596377449,6,2.4040608691668606,50.40147206037793,4,1.0,0.21092833732425315,0.598697766136662,76.57221505303144
6.28177269040884,7.49899329228374,14.248430877809596,6,0.8711966695259185,77.98455776740573,5,2.0,0.2347530077315713,1.7759569029789177,13.676518167159724
15.017609680515491,18.592303847450275,18.11585900069595,3,1.6552161484744479,54.497209593778486,2,1.0,0.8043966342064972,2.9485131430890137,36.76191098281336
3.192806220726996,3.5505331749854037,7.427101834708377,1,1.7931821410139208,73.39586335340587,4,1.0,0.6292990479816621,0.7181772426256587,5.993137252695666
1.5195703245047358,2.255949438419968,10.75131975317256,5,2.3643348763262657,59.05273024974663,5,1.5,0.44268246164636504,5.022619326861701,14.265431805747172
5.839068421615499,7.982865825307915,9.731320231930043,5,0.8835694901564269,48.514791595232026,1,2.0,0.399610761568192,0.46181245793128145,17.723547720256462
38.543046907772364,56.78477858738111,23.61814713519634,5,1.7749492943898673,71.27645376400227,4,1.2,0.8701822039604772,0.5688489699045036,119.04904275376192
22.20641666785317,26.78534787351372,7.013974961745309,0,2.2511708784975273,48.28208661037985,5,1.5,0.887286271403315,3.794766464836158,139.5142867929522
38.64997536555219,51.96819430642875,7.075613720322405,5,1.211277137802702,72.11769023062166,1,1.0,0.6231358345773637,5.2429199248188425,57.80143573573903
17.583666194040212,24.114239595494077,8.509157011886577,3,2.2896969924906934,37.49460617454592,5,1.5,0.5720896590985327,0.5036198214365826,161.02284787339363
12.816737256867754,15.726391412233978,13.550257950967715,2,0.8323737957662961,27.72878442577929,2,1.0,0.8348032378689143,0.21995107031589273,29.34635294702001
20.49260358218964,29.49385047943637,6.055745862329886,4,2.045172869527341,71.3188678617763,3,1.2,0.7744016618149377,2.1347824316066735,68.0328077472752
17.86071170099995,26.413574000363422,21.966958569102573,6,2.38629247598671,55.24490982756001,5,1.0,0.46029266499500965,3.981734285928334,86.59172181378825
4.673755028338885,6.795368953446012,6.376453556790324,5,1.9172360247881057,73.3455438949376,4,1.0,0.17446481627577132,1.3771146518208925,13.980854776029028
25.812639430263147,36.02481111918466,21.499577557444674,0,1.5463497147667615,76.269632419543,5,1.0,0.7916500966265001,1.5098112899664606,51.88438861862303
9.033508209129185,10.939450814857613,2.4834015275180317,3,0.8762977280036207,23.217703422286952,5,1.0,0.25183092604621937,2.1591841051598504,34.12667631490835
24.97372421846427,30.284297188727287,15.757504857591655,5,2.364193482648469,50.0581581115321,5,1.0,0.11473921583063051,0.24923209447962974,101.70235727457882
26.18294314972706,38.89068086587635,21.76765244251785,0,1.599503578575677,42.49787294447175,5,1.0,0.8589724076835917,5.44415627561673,111.62755391351249
6.5049816985816005,7.182240051576086,4.049986521557509,2,0.8492944653711116,57.55150382420703,4,1.2,0.6204284608030468,0.6796121254732017,10.284658783883494
2.9233102708713923,4.05293579445291,23.23984704238212,1,1.9726958212588952,67.6154718321394,4,1.0,0.9024994319821825,1.484261909927015,5.013286173694327
31.340082649703373,43.327616156880815,10.869200649972282,5,1.619123331079639,36.835412958462136,5,1.0,0.5361292748778562,0.9484055907507871,138.4126675291317
18.662116738888148,25.17661037489288,22.697162602584587,3,1.0113870396520983,53.4079030623903,3,1.5,0.9338329906402627,0.9471780525679503,50.60355113474944
2.7974699224662936,4.185136801471249,16.24368104712113,0,1.1642620758274413,62.52371479429397,5,1.0,0.41857457318097746,1.8197442156534414,6.365653487714289
39.7972195282058,48.74171522959515,7.238084876965237,0,0.9096341567749388,28.06586497014404,4,1.0,0.7520698021008636,7.849440328686184,114.005575937997
2.782332159356482,3.4389312352554566,4.519260598010554,5,1.776299017504575,68.84401435707602,2,1.0,0.3708878583356051,1.614072497631005,7.028321969525231
27.95389153991285,31.631946097181533,7.289641109402385,0,1.8574501147284157,56.36657599117839,5,1.0,0.10104729789518059,2.3702492968018016,78.11988198153665
39.35531754790484,50.26143381201505,2.2324178223041997,1,1.6597619072042553,76.97224622681911,5,2.0,0.44177008109406113,0.04200682454726754,155.97740745579682
9.947614116529062,11.981099530051122,3.4528311922399144,0,2.1890736261044452,40.3717351478416,5,1.5,0.7639889617983149,2.4944745767829044,71.23120924824282
6.118850063144249,7.571187767179704,2.5118505683155474,6,2.263714996223623,26.48875654023192,5,1.2,0.23502176150186255,0.5349607348733411,54.89289424341212
5.2947051071859415,7.59170022597645,10.150645049797387,4,1.8465614743613152,50.39007206221552,1,1.0,0.5543218298866538,0.20321737842064808,14.461996547267878
12.479368328920025,18.397007485936104,19.093881030182075,6,0.821686015502632,25.14864630256633,5,1.0,0.2910893363656435,0.1804305211862311,40.64637877633925
4.4913095349205445,5.274114375311388,3.3932053011921646,4,1.9818904147711507,78.17159139944042,4,1.0,0.16716170927719262,1.708564730954182,10.420321542542501
27.84037299691821,34.772725336262816,3.127690396136061,0,1.5105986687645978,22.32109749543149,4,1.0,0.6557067837498847,9.05898941915198,172.07086276299475
2.9605260261374764,4.356272607874944,15.44229478841594,5,1.761447721484858,65.21023406643849,1,1.0,0.9567708600730628,1.6457978753084515,8.944792633185669
20.622174061916695,23.194241402041282,4.732391567233591,4,1.9034370234321034,51.50614388853464,5,1.0,0.3796337968461254,0.45642497062162335,62.54796195465751
39.86952572719258,45.32942648059733,2.3426409146157985,3,1.3954022443560306,42.11723914989732,3,1.0,0.6225812203239554,0.3409268659396303,100.4092142569733
32.65182564548774,38.04317740852383,4.004365876933863,4,2.35906745879205,23.95052987051928,5,1.0,0.9582430309757151,1.1196861802639786,272.8774078993018
24.80116781012493,33.1860739439057,22.16955350104263,6,1.027757273474628,57.33001545041647,4,1.0,0.6854350149952187,0.10087617295188037,41.19236686254961
12.597018021071161,14.6149205869919,19.71531006662858,0,1.9415700723777636,55.113219763457316,2,1.5,0.7058019720789588,0.7645664501584399,49.9364633963418
25.143885533519718,37.39475477603217,8.497549496522257,5,0.8074112859261868,36.852996384055984,2,1.0,0.26103566040475235,1.6459767582708826,53.7877560182797
21.318137824510238,27.259200351084495,15.739698415857427,2,2.371906879188807,74.61330208461872,3,1.2,0.543348710967544,5.1472811979438164,73.99914108106574
17.330293663669675,22.539904442225854,12.894616168032915,5,0.9912570265047556,38.24660044057021,5,1.2,0.430374472378522,0.8317834730936697,51.33364994425761
5.66305988123788,6.788102873973374,16.250982323581535,5,0.9613031912508769,46.983524635526365,1,1.0,0.523861167151927,0.3351352740147021,8.818856421222502
35.520866501998434,45.76451965399094,16.384107659106224,5,1.3661129761888153,52.625747355119344,5,1.0,0.8207439187976895,2.5503771538777347,90.4288182150574
18.26649362844224,24.929479452543674,15.08961636143983,3,1.435062686266437,26.013912690577165,3,1.0,0.5146290889714885,2.045036298562138,94.95954190479169
8.18758921692022,11.466480069221012,6.386432844895406,1,1.1643101229488937,75.92970315281795,3,1.0,0.15656561043205158,2.9460000086440403,11.989946191621971
15.02649435965294,21.06034159272339,0.9361540983076351,6,1.7947068235761119,42.472169147062466,3,1.0,0.9149874950357767,0.36256997477169234,59.425691740186245
16.858125224892618,22.44080204504167,10.933602767762611,0,1.5529539666713381,24.846752832460616,2,1.5,0.5903342987067736,0.7783678341239231,133.332572728474
33.18774687489154,48.511986880912694,21.383373232576893,1,0.8580985013698487,43.2374704205198,5,2.0,0.9320449226772627,5.989397196631142,146.5196142286793
29.47776803217538,42.063688399620645,13.667934204445821,2,1.343408505834011,56.01215282555484,5,1.0,0.615119060824862,0.25803829053001237,72.84265847447611
30.887543298832924,43.329640197537664,19.97738500084579,1,2.17773595307439,50.81916030927977,1,2.0,0.16267268437755456,1.6696031083286078,224.86165481873482
0.935734944931565,1.0501212513317442,23.798984231069475,0,1.9724926092651767,61.67251844223644,3,1.0,0.5975824541731941,0.4061085527688186,1.6479277467591777
16.93808292810058,18.678491018691744,3.9267888993186304,6,2.032280451085797,23.32903652407464,3,1.2,0.6181650392434125,1.040197865552629,131.13094079136928
19.513093989595284,23.12260486365436,16.602663339407577,6,1.98679877094199,37.07243661632337,4,1.0,0.29290589140867807,2.4179840905112746,86.05653532851815
1.258094934510739,1.717814696934163,16.18304576880059,0,1.3286541363511566,69.15383461040614,4,1.0,0.5239261756939391,1.0058639151516267,2.8251441646024813
10.762621745428852,13.609109134176949,23.518930736598683,2,0.969428667530519,24.79362126748165,2,1.0,0.5134973606862863,2.4558434978447226,34.397757565358624
30.531448013324333,38.49901112907007,23.654417614867207,0,1.2631942128562632,71.32915728175746,5,1.5,0.6605885341185432,0.8335642678444354,74.01585303597844
5.9158333762954625,8.600644168973846,16.480286681379106,2,2.214035010314771,25.513765524626375,1,1.0,0.3336526888065283,11.014583815210642,54.97198177164191
21.64475019237737,31.56291886337016,5.846755007572662,2,2.4668003562312206,70.06725289350177,1,1.0,0.6235735761533744,0.8585947868922635,68.78654520836646
9.00047394468088,13.173724649254032,19.165340115134377,0,1.6395399250606544,41.6473040647236,3,1.5,0.3168568383732485,0.2426837560568068,51.257031534778974
0.9787705984337842,1.199533511391506,2.5686992210649144,4,0.8164906033691718,56.732543795432946,1,1.5,0.501800744983516,0.7709195213677503,4.562371458691518
10.027457575181888,13.802016470430393,18.73678330011909,6,1.0380761806281895,29.173226938879893,3,1.0,0.21043512940357634,2.0356462597188374,34.08816168907371
39.04701331894712,47.19430042967715,21.844706979472715,2,1.3475369780376518,23.97012330351085,5,1.2,0.13357049307533037,2.825198030284938,230.43224947821992
32.16071591937809,37.82884698849489,9.188001474442446,0,1.7835950926080146,32.956292241208104,1,1.0,0.3885285753925606,0.9245661787407773,123.39837892384394
38.40327745068082,45.079801790113706,15.135247079593931,4,0.9276591978690338,27.671229074521733,3,1.0,0.3471145755847673,1.3538659424917008,101.81290294647111
19.770234735091318,24.452677396255204,10.323425570323831,6,2.403707407806799,38.744353860777906,5,1.0,0.46624232082821204,2.7954317604363244,114.5527820024581
4.834579847761389,6.14950361012912,10.506361319715083,2,1.4206422445834812,50.86299479066121,5,1.0,0.9657843580003057,2.5193575267375015,13.91884654138118
22.144399814460872,31.719188063642267,7.448901338594881,6,2.351393170472199,55.32556781390057,3,1.0,0.5700063652932956,1.6082063600108736,93.07071697248955
18.447904715118455,21.177390974060682,18.29111089080779,4,2.126887064686937,67.39208644278457,3,1.0,0.5978590355230808,2.531318961152179,46.35795061391792
33.85210476821483,47.18882995818872,22.468237539996124,6,2.084243363276488,59.37439359490152,2,1.0,0.9474409349086368,1.286717055527073,104.97769160634797
4.374261940977661,5.741577336868958,22.57802062162707,3,1.8314232856297945,56.525499507773176,5,1.2,0.9290324238326497,0.006988507882338831,17.2431966913874
19.785524912360238,24.042937303961846,4.194750836998412,5,1.865532488988136,44.70692164914648,3,1.2,0.8957007585103761,0.0632136495018177,81.65682226130974
6.426922255412379,8.336539743248453,20.993847591757586,3,1.8846054998676218,48.42850609760832,5,1.0,0.18819526782674173,5.853732847373741,30.047529279674155
13.324699112157369,16.25582415571572,17.69835459425093,4,1.8688263579434896,44.871249763410866,1,1.0,0.6708676694682973,0.2349667537342756,38.73458101553996
29.625604556818086,39.65188032823789,6.068097616566942,2,1.7413379933772142,70.529961803683,4,1.0,0.8272890824441607,0.7775721678986545,68.82665150071723
19.302716110066278,24.582734152653817,1.6148307101163493,0,2.476903831420911,33.80002715290399,4,1.2,0.8520172206193855,4.072867721873914,156.49494696374924
15.34758726325789,17.89163727122375,6.431934405225071,1,2.0448939646236832,20.343255892517877,3,1.0,0.6201164282517065,0.3254430781865372,115.60710659405633
16.081813003516395,18.439941185619926,21.892997682756615,0,2.120808860267286,59.07919383357436,3,1.0,0.1157459927375522,2.7848439449478013,47.033804450438495
18.64814735203647,24.590906741641387,15.196288197498536,6,2.283186785642246,32.147731018329885,5,1.0,0.9763416114775616,2.5578297425492487,127.87813391063273
31.508153481563745,46.03231617233694,17.305311861548923,1,1.1665875966339436,73.40690817858857,3,1.0,0.5249770324823093,6.438789536996829,53.31724618497285
35.73734521313926,44.22793356774309,6.1716564266183,1,0.9424670704616034,71.54277978239936,5,1.0,0.4542363057462384,0.4962640191940281,43.99610701344318
38.23572011690516,53.270006906765964,17.26531573379569,6,1.6209205422176178,24.603642315692355,3,1.5,0.4554538423095368,0.568217287368622,345.4018892748946
31.582683757084155,43.06186944322266,0.6749161506701702,6,1.6739371825527645,26.38330432484464,5,1.0,0.4817357920524399,3.4976810545403634,199.68640274932892
12.958572382046503,19.08307833422337,9.007712298552331,2,2.20960902591486,49.71029553479998,3,1.0,0.3179626463554777,0.40001448752242585,57.88538788162363
27.681320890418416,39.53978857338012,15.042080365015948,4,1.5544320847799709,56.55335976616128,2,1.0,0.39460026317484687,1.1907810021654384,70.98907956927259
17.78532340018798,23.594758848159138,3.5063175729916853,0,1.7704501434253317,36.49450024893444,5,1.2,0.9868218487972653,1.8431410480373707,101.63538688322446
10.559489570819022,14.390601205426155,19.752085786726433,4,1.6960205954728793,63.007863001962235,2,1.0,0.4313512002304848,0.47594285949815496,25.138819697706264
33.714427387323944,49.20130424341713,5.640751171486047,3,0.8649447323875649,55.69496125513229,2,1.0,0.5740525148264101,4.180955375777961,52.13313619359923
2.0178407840118373,2.542090981420364,15.65474670764271,2,1.8458653242147538,39.48944658491328,2,1.0,0.8634648393776967,1.6435637266122245,8.424275412013777
36.11959868934923,44.4530360100389,9.724731421807913,2,2.207673585816229,21.522289282538935,2,1.2,0.5746850299979772,0.07242984702039036,343.3379431721743
18.728359852677,20.68218538383164,14.305046291463533,3,1.0677509317288665,65.00901687791105,1,1.0,0.39200807945635086,0.21881815957206455,21.820578002012294
25.66945833392708,36.723251511247966,2.578813263093795,0,1.810363947675213,32.885219949504965,4,1.0,0.5713758792266771,0.3175295977203545,140.12791758481507
26.544479927128418,37.70357436939101,0.4059071981185758,5,1.8091379255589044,70.0684246077577,1,1.5,0.20267767939518772,0.4214715896935719,89.30003221825365
35.85715075790819,40.94104239484372,21.829546257127227,3,1.0791144388958098,45.21741560325531,3,2.0,0.21700625970949286,1.967767875190677,129.7675948336502
25.64845244560469,34.1314973333164,6.471120210412387,0,1.0098880753422512,54.624646557905926,3,1.0,0.724696779007602,0.1397119541257636,40.58211745853133
24.75037659802244,31.818902963512862,19.67224806673102,1,2.4660883030600242,72.37692382454011,4,2.0,0.9257145915337711,0.6475473229137019,151.0066687662976
3.1327556021472533,3.5947857959547798,23.984407211332805,6,1.4693225884101637,71.8173800551972,4,1.0,0.7531103201396665,3.635152822191226,5.293631993100427
20.977116866835562,31.302626271502536,5.074350191973868,2,1.1866169388299999,42.2911745146144,4,1.0,0.16715191659162149,1.2201534696680583,58.02943506314835
6.431675532273145,7.627184800011553,6.364097788400534,0,1.0912517255724374,32.53333356289059,2,1.0,0.4626060499279051,0.46284090772059877,18.100192015786142
29.62863386449868,33.38832001298176,15.908634903231977,4,1.9349229130914996,66.50876466371568,1,1.0,0.10229822944125737,4.721797862308173,61.942500358909626
20.732765872100643,27.739175038848984,23.17076723041491,6,1.836057005456374,45.98481221612787,3,1.0,0.5600860689930696,0.42019775496631173,73.80838194138894
27.368997278729957,38.194713036922245,21.979544356577854,4,1.8940386090786097,31.522519613540247,1,1.0,0.27388403639366626,3.5323913737753863,141.79820729703874
2.1460795737941787,2.3885380179197413,12.069012481574038,6,0.9496102467694689,74.26552053902901,1,1.2,0.881331983855791,1.9406803776904775,5.69236446081708
3.8492846338092273,5.24844977109856,19.08264678064139,2,2.3190087919473426,31.88625165446524,1,1.2,0.19390154758217415,2.0236194704113233,28.846565736469632
28.79477382847595,37.80514088282647,3.2579004743976254,3,1.461752874575382,21.548430091473865,4,1.0,0.10129005878232737,2.1718673679049827,178.54704690449543
3.347331271947598,3.8203292765445167,23.458516420896295,5,1.3327279909316085,21.216798426045198,4,1.0,0.5060314388023843,1.0595593199048556,16.694592796589383
3.3146407467277146,3.8748466903244263,23.144477616863675,3,1.5860144603211568,57.33892138725586,3,1.0,0.23988997353316527,2.5276873289303756,10.533193267992948
0.9782847717780543,1.2983694912861248,3.929494989100103,0,1.463112311770968,59.70050364305182,3,1.0,0.7641877440476454,2.7136004552816617,5.811951513434846
38.28180523282946,46.648027532025154,7.186154995274559,3,2.2680809053365483,38.66250230341903,3,1.0,0.9279412586032555,0.6705718418642529,183.19959533116364
29.631580198630775,43.716249324561105,2.4037199401624063,2,2.379743657836417,39.2006593548238,1,1.0,0.13774421287231045,0.7670999785612916,158.129567872444
14.453430635831534,20.632215745659696,6.521222373556313,0,1.3158704679643307,40.36963490359656,4,1.0,0.45602390072448706,3.2940536266821736,53.04846884412073
12.213155460862382,18.23945468669162,19.58293894596496,1,2.2686908726819235,60.80951280553272,2,1.0,0.9971334784638547,1.1158059889202645,43.51740442150778
14.313277574961058,17.231301650865277,9.079574571966226,3,2.1285893202062143,23.488027461609715,1,1.2,0.7594047730006017,3.025472097657129,115.38648383774972
31.09881448165668,46.271598071767336,2.121527211522201,3,2.382373042986095,75.74698116147954,5,1.5,0.9578688793352264,1.478338477904026,158.89819825506424
26.624139137281368,33.87904527102499,8.21341259469371,5,1.2177755307160094,33.35126265064679,1,1.0,0.24767495669454,1.3505070707354232,74.20713267122328
7.815224930764984,9.683122445059672,23.553200021790722,0,1.7808305552056645,79.98039231452553,4,1.0,0.2992317035427582,0.04720651683682586,14.306373987816244
7.377318745696332,8.263628423925146,15.112406286220871,4,1.266725794058756,30.29136162723122,5,1.0,0.23933011653714337,0.48837583110943944,27.560235885545488
4.386628163679194,4.917875606523404,9.987862713747786,3,2.200960633823436,66.29278743874265,1,1.0,0.3721321303983445,1.0459064482346812,13.056778520663661
26.581957428202855,36.59815866918761,3.99692432393448,2,0.8090511239708092,33.4047526957775,4,1.0,0.7519456614961467,1.3276139284988515,62.79648371591432
30.69272015775857,39.38402676484938,23.668243134808677,3,1.7601925769068734,24.850808098595238,4,1.0,0.2484519946823694,1.4931410492997101,195.54027006338768
10.969333918837659,13.060183853052672,19.70037622231509,5,1.3766458331622606,72.49599946103893,2,1.0,0.5718106340949597,1.8893489158321408,18.129826057716404
1.3273259607210561,1.786034047472098,6.7554552588220655,1,1.3485623020322945,71.52507555145351,1,1.0,0.3422889272029583,1.6016886512982185,3.5364386804542867
3.74578086531888,4.49921939224349,1.681648697308547,5,1.896340750570359,44.214223546976086,4,1.0,0.8462762012232238,2.831514152549869,15.015859210786225
38.7304713763787,51.552298565106206,1.3590133770613928,3,2.2475235638337896,62.14376855242561,3,1.0,0.10593316480504511,0.5253372777711264,122.28797661904149
12.1700687103581,15.135713634250303,2.889075588132812,4,1.8356321653686547,53.42395596103503,4,1.0,0.3008034626848001,1.5390327840539175,36.28656214263989
30.884314339606277,44.146684110271735,13.938446006746119,6,2.250394063699428,71.17736682042494,2,2.0,0.6447166818149638,0.07877187167086531,178.3684362154611
25.17421096974342,35.95578338399831,22.290322108931818,3,1.249815090197751,38.903358159119264,4,1.5,0.1870394517764583,0.9814381013127627,121.84630378041201
15.586615766289388,20.121388239485984,11.921842272143628,0,1.6831531531004678,51.42034399993911,1,1.0,0.5196809943513907,0.4680297022325356,42.14776127263762
8.624646856724427,10.697387913838911,20.230691578948733,3,1.5659121164140293,49.12234227227303,1,1.0,0.4925865668341327,0.7192015649728265,21.779270805243538
5.294763517296554,6.592107222490031,10.701278876635389,4,0.8197963291552636,41.23434957541153,5,1.5,0.8672707061395872,0.6569733500283099,13.490738758751608
24.793012237535233,35.262749499229564,17.006005098427806,0,1.746580643339258,73.48730387338233,1,1.0,0.6628574738501319,0.09350051383859817,51.2840956914179
31.098034335192626,38.29013249837025,17.56494569487602,2,1.9245913510484973,29.95267547975213,5,1.2,0.6757318559431924,0.9428543048947664,215.41822382802735
25.934218014874663,30.69635636666873,4.175128941680128,0,1.8062544875124191,28.97051837124177,3,1.0,0.9566268416102494,7.840192183835009,135.11438605609933
21.446934263341753,24.318149810104376,8.669185415419483,5,2.051675827931817,54.61457211936508,2,1.5,0.9841243377910376,0.53273426856182,84.88770814354794
2.157073325549632,2.7754571710155025,15.295251756912574,1,1.7712771983702311,59.449653799096524,3,1.5,0.6880552589375547,1.9985388776098554,7.973837916614018
38.75530671497816,50.10490833478585,1.6967185964247884,5,0.9134754332462868,31.67715525947391,5,1.0,0.5698013051368488,1.1904073847806795,106.17616638460682
32.0492105703557,46.03431575945088,8.67696450631096,6,0.9979573909440095,43.443046535277446,4,1.0,0.6471280526183919,0.5900646335868256,73.08761585677978
12.066470449688108,14.3409455718545,12.83518719074862,0,1.814006781824719,76.79383057872462,4,1.0,0.4441993345487444,0.1408184563563387,23.983747056242198
39.2088280096746,49.104999339622516,23.909387833071328,2,1.2674646263551883,34.79704536144044,3,1.0,0.9887109552640696,0.3647475390470779,117.32872659886854
24.274322790634724,34.551155810381005,11.388805502938578,3,0.935396719359102,60.10164212704365,4,1.0,0.7345191335471729,2.283882906860871,39.5780302481176
23.505694999186236,33.60020265446241,19.585362170743764,0,1.5303246638625296,64.40896362185545,5,1.0,0.36190611494124825,0.4907161911192628,56.319615588339346
30.04889058746652,37.676634102538685,10.369614841598825,5,1.742348416742214,46.88772196790957,2,1.0,0.15198966907486158,0.2337574988893491,88.80848949991503
32.56490662956043,41.80192967240403,19.113377342873015,0,1.3588681801943312,76.25155920557498,1,1.0,0.14024973623677106,0.6036259022783991,46.39291646576333
26.430904989594353,32.28044371484254,14.289955238882602,0,2.0247372937838226,64.19940411312743,5,1.5,0.2844216824738853,1.315759911898366,112.44282088718677
5.559781981464901,8.189680903516544,21.27829059605756,0,1.894410033772116,47.475474791653866,5,1.0,0.30962174882780047,1.8233757497269258,23.39238287757022
13.861566486782687,15.90555851428863,9.862621256402637,2,1.3657912138558423,54.16011210656564,1,1.0,0.47354094455851026,0.7349785298593127,25.504463147770576
37.159303792878966,54.75422556246169,14.503306075715493,4,2.0832832991445533,61.55680660550604,1,1.0,0.2933614104726284,1.0341725157827086,111.33649601082884
9.372316667832152,12.873313512658417,15.120448334851858,4,1.9027815723061603,55.53141082575309,2,1.0,0.6678193877755702,0.9102249560195814,30.990237144996843
15.200597441581776,19.95274290739837,10.01719060321136,0,1.8836571438204335,72.72185502956455,2,1.0,0.2901292577295236,0.013566187506612364,34.00737512438841
17.56703687629574,19.553229733983883,3.4634890484995564,2,1.7408270913380157,41.41331973682407,2,2.0,0.2690888850470314,0.7552797513730989,104.35706782157362
17.856497092930862,23.03913960889542,2.2454257658960532,2,0.8193624357505398,37.993144403348296,4,1.0,0.524113293520333,1.3276235171428465,38.88424366043983
24.711113508533757,31.212588741631954,0.4001172143911944,6,1.9840622119107114,32.83033336971586,5,1.0,0.8998017393914369,1.2657622681252734,135.98751267148205
37.75149559091595,43.961145657788165,20.964822341885153,0,1.4392710448855661,22.266978083875706,1,1.0,0.5214749386407708,2.0780475396332565,172.48360631443137
10.007362117383947,13.635669768946137,5.675397893728669,5,2.4024365072697145,22.58083786280332,5,1.0,0.4724638701149504,1.664703594519212,106.9296741251446
5.299304363886264,7.887804496838434,5.076161982762433,5,2.190574110831249,72.20331158655696,5,1.2,0.6202854167137379,0.4861183029233791,24.214048387856266
8.300084349467525,10.996578605279247,17.664849610225573,1,1.7990805982032307,60.70358878435444,2,1.0,0.33149231087646563,0.4428531340884878,23.170416683434212
35.53353355826614,49.24597072785341,7.680386714097402,0,1.228709369092758,59.63194492618916,2,1.0,0.418092899041391,0.9358285523044583,66.06501539817359
26.00952709988064,29.322625370274668,12.145072617884079,1,1.146319568572033,56.87856913609316,5,1.0,0.29245173010041753,1.9805895344933877,43.21374539309939
11.793318174946824,14.94292190157911,3.900265567138951,5,1.3786542240518336,70.9531486816463,2,2.0,0.6146289951469153,0.14778807038968497,35.413334794563475
32.72990408926038,37.52625532194865,23.033897315087263,5,1.6101655040860314,48.81601553993765,4,1.0,0.7276488054122938,4.444217712528151,90.89410842325162
34.52411485635572,46.439019865814885,20.437953600413696,0,1.3033113670662102,72.22464971349802,1,1.5,0.7063287768915146,1.1751105105734525,74.71670981689041
33.93731637826598,50.07087438356124,20.73095095116008,1,1.6753801421672208,41.56670157093435,5,1.0,0.3293360361682856,0.5488079355165811,146.33599997223624
36.7975980787624,50.21809029342508,9.762569965728126,1,1.081129723372416,75.60245026034544,1,1.0,0.8016833851731703,1.7732740676758671,46.06732233568895
10.463520296847783,11.831324428491655,18.296669128972148,0,2.46211178180335,61.919418804874404,4,1.0,0.3303582987249372,0.06863531444600927,30.31317705396693
30.324156185477992,37.65855316149716,3.453027729354724,6,0.9834717434404896,35.430628161465634,2,1.0,0.23528039614098667,0.9936270391999998,67.8201819390719
18.69131014232853,24.677489160222063,0.20685606220272668,1,2.3843050374124326,53.84509530131751,3,1.0,0.41482787381847497,0.9982094454654298,74.4628388837123
33.75894283915743,42.57958415971613,0.479350381872675,6,2.3530826193845815,51.981833689295335,4,1.0,0.6379696802537946,0.2650615289800397,132.71537665503902
29.27538174788372,41.96501858207107,14.07844169770945,3,1.6931128190931466,28.27392930382004,3,1.0,0.22780163692395822,2.7245807279534944,168.34554718268097
31.169674136739122,44.443853448597125,10.92947772595058,5,2.0323474621213435,55.47457434503685,1,1.2,0.6832784008976106,2.3904363063461633,116.94152584026392
26.418392588402323,35.52566868198239,12.432368373804474,4,1.5412821065533993,38.88713742301748,5,1.0,0.8767611966281419,0.2486080336128538,101.46380418917892
7.508436394053422,9.380914124211888,0.17911537001326572,6,1.871058781822145,23.140926008576145,2,1.0,0.36382645923226353,0.6784278022565038,46.1750744095049
22.028563296429063,26.481297014601687,10.144478871778217,6,1.3789790936159019,76.91936946239389,4,1.0,0.5051859545036076,0.15875687211010103,31.881291184292916
39.394454711218074,45.00224459591117,17.23363586882066,6,1.3119703336352573,58.48942214385727,2,1.0,0.3054793830626603,2.831831668121919,65.8232326049973
37.526828626636195,46.60678530857586,10.62464884721846,2,1.7829906364881734,72.61513591225082,3,1.0,0.4251355561633554,0.5858354170427268,74.38128270376491
2.2053625639819607,2.7903769011465958,17.573260951493335,1,1.6468204461127667,60.56336030079519,3,1.0,0.11977351372225668,0.8678975416407579,4.005172696095006
7.010185221312766,9.60626129615962,5.592455145524035,1,1.785211827554968,41.41902152840677,5,1.0,0.9583924565915444,0.5870591967464305,28.601258819246787
5.703286551455196,7.775084836450501,19.515408107561413,2,1.287322988187939,50.76128433972869,3,1.0,0.47430119189097564,0.5566520806850284,15.401516304020323
29.176206444419172,32.91202291110408,14.122349770882856,1,1.423828314088892,60.54480562083062,5,1.0,0.8099830988362722,2.063341774950677,57.685545877551284
32.80252052934933,41.26897330582312,5.0583143863177495,2,0.9426265330691459,77.61513951208624,4,1.5,0.22837909362085868,2.0649095673906093,55.83931151722181
8.933698969271541,10.476651937676735,5.68129142049199,6,0.8888698328627498,35.220167547301784,5,1.0,0.8311195396903589,1.0940576717159456,19.52391607141683
20.481181371597245,23.8139832923427,15.07273114966889,0,1.2308771204441276,72.49862351744706,3,1.0,0.8741325798659809,1.6077377062153868,27.71726904615198
33.7077696064424,48.233150670389676,19.918550237098643,3,0.9262196608619279,75.44466831765617,1,1.2,0.7439294158189113,1.0751249127568172,43.07453550150614
29.445661018266897,32.88391562526723,9.975066768699724,6,0.9764170046790592,60.224930879537396,5,1.0,0.9128874924850648,0.04350876208572839,33.95680416556913
21.918369616928008,27.785328663064632,6.199210299062213,3,2.181978289169693,75.87599764408027,2,1.0,0.2504774165213227,0.10242859274464303,51.20096464769095
23.81873377312153,27.803166388981076,20.80827856585441,5,0.8660852849283719,43.87271524864211,1,1.0,0.528833645909758,0.7261308760808287,33.4972503064801
20.58024160319306,29.876997078572707,16.06243900202004,6,1.9202027496890628,77.18097056242657,5,1.5,0.6580985788145415,2.077920464935775,82.43321278844644
12.253163827093413,16.208683676797637,10.754051694793837,4,1.2633481729861809,62.166972629958494,2,2.0,0.6365736736277386,3.6666763056359764,42.03326011087407
22.818368717931136,27.212097059738838,11.709604686703244,1,2.281627657203815,22.520346045128715,1,1.2,0.8749368410736683,0.045237804830062775,198.5039878048628
27.710969430978583,36.05116525245923,4.902155230473514,4,1.6244868837817492,74.41236990914317,5,1.0,0.2941222311755971,0.6883701565282947,56.696584057689726
34.996255176501904,48.73559401507238,15.043263121556254,0,1.3194799808573037,49.06836854199155,4,1.0,0.2580794492849798,0.3799836483970583,90.99508784442759
25.6335084821803,38.02082977382473,8.609820253029326,3,1.6799861906720386,47.61961908666997,2,1.0,0.3280407353721563,2.532764546877132,86.9237802481157
30.56430071320474,36.31584197043777,23.89548424018438,6,1.449328632376957,53.987996358778055,4,1.0,0.9023950444715837,2.805893767601515,69.34678650579075
6.822829580705633,9.923619422282691,11.524404366285308,0,1.7593118099387115,28.963072806273676,3,2.0,0.9469243743918172,0.3467803456212422,80.76014168009104
18.7315202395817,27.60504683332099,11.661254548550716,0,0.994705876154792,48.14996291404392,5,1.0,0.6126670938429976,1.8610965456972162,44.45821359442338
0.8685989831701852,1.2738596627419319,13.580442897856125,1,2.494883854781337,69.86763300306474,5,1.0,0.5512347411134678,1.9737876059611492,4.637221076286471
10.24381514860411,13.87182354924955,22.002144074849923,0,1.52344499208442,20.92894754825092,2,1.5,0.6448470472113907,0.29230377931378715,93.54094319106929
29.19523774696369,39.46986701932788,19.219634396634007,6,1.3919920875025267,36.37502961946228,5,1.2,0.6546768848620247,0.8529361439152903,129.27982110479078
39.676493078299856,50.043335944775784,10.827121675148195,6,2.0073567421376506,20.147275186630655,3,1.0,0.2532742344491462,1.4527100749750295,331.1646306905125
4.417534933695029,6.18878599871059,17.248782383347105,3,1.4186289910420653,44.9426785489909,5,1.0,0.7177697934608173,0.03961854392853788,16.0486007594041
16.359025476520884,21.471508976863394,14.06965197073828,6,2.216566318548888,63.69893062962408,1,1.0,0.507115992113583,0.7777621706138617,42.88671061765759
32.1028032636168,44.01214803954887,11.816809168829973,4,1.572260231412723,67.9263097468777,4,1.0,0.5656437629632407,0.2525538365732329,69.01810964979298
8.559407567841504,10.882286654507608,4.615578546824413,3,2.023249302551239,76.71138566762039,3,1.0,0.12728494390163994,1.1709902104683099,19.615451344784066
22.425855497440306,31.230214646992327,11.134470322917382,1,0.9826704679512072,56.51027677824719,3,1.0,0.7881009692779273,2.776476997891902,35.55872195262323
29.456316193172153,42.116305298419014,5.899646088541791,3,2.23840261544369,35.27761199917373,4,2.0,0.8518851651410936,1.115883877695594,369.7517531295707
24.83142528527707,28.769056199760175,21.95621159643971,2,2.050720577522787,75.44887694820193,4,1.0,0.6574793985410919,0.05497045220300276,54.55424391465106
7.926977017308937,11.36072060399606,8.049763523912326,4,1.1599185233853417,66.51894523282257,3,1.0,0.7738512717669964,0.04515887226757314,13.83956273877205
14.537690463086706,19.133325004374086,22.854336348800935,2,1.0469862165678374,54.46570898018867,4,1.0,0.5704354028548917,1.395216169704741,26.17353494372224
31.45977548717319,45.23495298054951,12.793326962273069,2,1.3376969928335614,61.73841294313616,2,1.0,0.6565180410807,0.5962042442479668,61.80866449455828
22.391947308214657,28.49421607196855,15.157065088227847,5,2.459319996254237,75.45898130044574,4,1.0,0.4551145286169147,1.2752858224179862,63.82152601631002
0.706569734945053,0.8843541225557725,13.030570667743866,6,1.2366136767639997,62.7436417083753,1,1.5,0.8126868385562613,0.2680390197584632,1.0
30.559135021109707,44.80043431422442,3.1051348072008214,1,1.5754162552092765,42.10247045508404,1,1.5,0.5214438372380433,2.2499496691313845,152.84201687044308
1.8947985201394433,2.274644434735475,9.019709256190584,0,0.8510343837194718,62.7816921373458,2,1.0,0.7121916139769944,2.9569003061335204,5.511949146564399
29.95648441788367,43.06798620679991,2.3795066946629744,2,1.4752868002625954,22.416689764123273,4,1.5,0.6592864407575542,3.3003893956753414,296.6837371930064
8.497982126526878,10.993059608802055,14.95089706040116,3,1.7712440262362747,43.18493370983487,1,1.0,0.7320830665471748,0.5437691883776098,29.260347793726567
38.34390246471552,50.06326291388318,10.724980684810534,0,2.4203118412635405,44.37938191073476,5,1.0,0.8066942876127009,1.6214622744845157,198.72062650089612
15.033659676432336,18.391988510030306,18.671639317702486,3,1.6784512763981096,30.01029406525008,4,1.0,0.5614421334336956,0.49076239918156256,72.45679514863967
13.413798845354124,17.829847853490552,5.291291543984876,3,2.192482454502069,21.38512883310621,2,1.5,0.8317593543301018,2.1580043870619283,175.15384964653748
6.3810779881315645,7.8492649893655475,3.949585402304038,0,1.730116992367131,28.00287419826457,4,1.0,0.5475315135444481,0.1926452144723504,36.4433115286271
12.571366511863488,14.025971242705038,9.751973543130427,0,0.8693345228403808,59.2772897478233,3,1.0,0.9609708905775431,2.1580549076554134,14.999431437182924
35.12770509221392,42.462350319047324,22.238049197241146,6,1.3355140678226158,68.13732898182126,3,1.2,0.7774045737533148,0.86900105553143,67.80341999895745
39.85520633627627,43.94242220638299,17.050123560297884,3,1.7784341633128755,79.29220956361846,1,1.0,0.25402748477145776,2.902227486686634,62.408648492009505
15.04822645502051,22.44205085611654,10.054166995030048,1,2.4160097420829114,40.78181018650966,3,1.0,0.8466260242270881,2.014455003709119,90.86977123944851
18.22011992270443,27.080543906148073,12.414532074103453,6,2.2605216115770963,55.96275333566611,2,1.0,0.5964288947259707,0.7086570226114476,70.12292920789899
29.021802059008113,36.51122979523281,2.02111226825036,4,1.188204544104041,76.22869800890732,1,1.0,0.9860148621764788,3.5079276285235643,37.59117144110876
35.50473332837044,49.39945184020208,23.629821513026712,5,1.1741867110325779,30.022506880289157,2,1.0,0.7469371393061746,0.4997246357390276,122.78452279681125
23.925251200377975,29.627175428852592,15.993775312678054,4,1.1419940440936314,63.05873518056456,2,1.0,0.17595167191317196,5.11635491235166,39.67392765618748
15.96526507802426,21.847463643797,6.8496976431221395,1,2.368248123714255,65.29872398894979,3,1.5,0.45546438484931395,2.1863851486839243,81.58064172760325
16.79856271352064,23.890445820657305,14.059401461165864,6,2.249532460272925,25.338532152160305,3,1.0,0.5655478624059399,7.012560546163693,149.19168425392212
27.97691678662387,41.36953673527479,2.6275767856558554,5,2.117301834830013,71.6749631109839,2,1.0,0.8551122428438217,0.08311783002251136,77.36403362972392
0.6271214123690079,0.7902262286772131,23.180080051382006,6,1.467649694181187,68.78630282665063,3,1.0,0.7564109808967954,0.4803823730376618,1.0
24.973778829663708,35.295920946256494,4.1948397092007825,0,1.6574471973079037,22.004180394646067,3,1.2,0.432424063550475,2.0279220503414477,212.83884823183234
14.541973912433617,17.543021140343445,15.55272763332514,5,1.5893639661517598,25.46506489280309,3,2.0,0.6880894187523661,3.831379328236909,147.6936315916273
31.870794585444827,47.6829450142044,5.890907100934331,3,1.2307767828509335,22.94761363351114,4,1.0,0.6192198171085413,0.04378921628639849,175.79842253308504
4.1731302730137205,4.633459257405866,17.221473183564857,4,1.6585476784529039,40.08461190796173,2,1.0,0.2134473480571662,1.3944028188889778e-05,11.595915981803184
23.733989544461426,31.837047052219123,18.643712813766747,5,0.8518441313496826,50.55733944079557,5,1.2,0.3113728236987405,0.4440606178915547,45.4370542929394
19.498429150501888,26.59200432857632,16.162073493874384,3,1.0240776349456806,51.94086367727773,2,1.2,0.407010081442883,2.8737273350078976,38.91123297853512
25.871858273256482,35.579450955848394,14.74798704612462,6,2.307202313487209,36.06000558616656,1,1.0,0.27593506572715265,2.1860611982079465,140.9861846592736
3.06171698207725,3.5153257580488617,21.41925825484828,1,2.0778556039534193,74.69581319361646,3,1.0,0.235120461247023,0.6239038943683415,6.34510934763736
23.409359603411186,34.53844804368596,1.887041063754193,5,1.518876295400448,42.09576739231479,3,1.0,0.15237799311725836,0.00301993448046769,79.68034154710605
22.678641224401186,26.590101579416263,7.9419543787246845,3,1.6791556158825913,22.73300935792115,5,1.0,0.8857923090480371,1.2135299385986122,142.89381995143424
22.64607372943875,30.551848896393963,5.958899511140303,6,1.4289981061319617,38.013626692483186,1,1.5,0.36004907616836834,0.407625432880135,104.69581176434002
24.337762830559964,28.93931415431062,23.712335089570118,6,2.059325774173143,51.86656535264933,4,1.0,0.36128854354020956,2.0533238166547148,81.06828098130563
27.22048352044131,33.28756363918006,9.345354712004964,6,2.1331182046945356,44.49330935529392,2,1.0,0.2856053236871399,0.8868329319715453,99.49481606585336
32.297065487390405,42.58637495946429,17.58270478176957,1,2.0975848233453704,36.43055114595555,4,1.0,0.5278576346774947,1.7026122135651636,168.76874876009225
11.157918445064466,14.135714345635389,16.43340393314411,0,2.0284399322185642,27.879394985859044,1,1.0,0.5628177711301352,2.868947810730213,68.00026604764288
33.08945170211245,38.51910778630531,5.089949699457065,1,1.147657375777753,69.14987000577378,5,1.0,0.287453222762572,1.1510297808765844,45.0642697888301
20.181099449406418,23.57908320905862,5.735944325077232,1,1.374548964708814,79.76871452745152,1,1.0,0.6477133040772854,0.6141092625190587,22.549040958611844
3.543802025806081,4.490911167335323,6.7508295252728185,4,1.5987372394722474,39.772528011432925,5,1.0,0.7506999636343742,2.2015400312983213,14.735927729539764
2.8127617051371785,3.94606050014912,9.867054678225102,6,1.3623480854270147,42.89726265059623,4,1.0,0.4364560773689068,0.462209340316617,10.342098537081087
13.702413588494402,19.99436813892573,5.623801575612643,3,2.0833983402691594,57.08225148061742,4,1.0,0.6269065271716948,3.3317678120646996,56.17282031827718
31.50343059590297,35.71389764316688,0.4716355859243473,5,1.3599009912249231,63.10648848413248,1,1.2,0.5520717146480016,0.11116046449222283,55.20311022830726
28.453396922266172,35.77279321988538,21.10543336337269,4,1.0349945475350733,43.52177208821547,1,2.0,0.27599355852049196,2.7069811430783974,104.45218431920962
31.650291104560054,36.08444072452397,23.17463595314122,6,1.478368768482117,74.29577101890891,3,1.0,0.75700988989712,0.1440325993443583,45.60763520435999
20.93212772944357,23.164266871967875,8.19768928875763,2,2.4658545357300463,53.600239353735105,5,1.2,0.8213077250416426,0.08666134459787089,93.7921938825394
17.88786041924188,24.41133903394195,8.124165106211349,1,1.183998401987079,47.02340458435586,3,1.0,0.6839138040284508,0.6770835901713758,41.139472820841924
6.324374804898216,8.480858714187429,0.17020350658490369,2,1.8406697202034894,58.80036518959431,2,1.0,0.39150642499394617,4.704194355967894,21.374008865258574
13.463613767567805,15.68790569837851,16.326016519928977,6,1.5360541847275009,77.1682308949504,2,2.0,0.9341132449683711,6.15532508182119,46.15174806392289
17.643764963868072,21.058276929306935,19.81055749796709,4,0.9207417650038553,67.67313766530233,1,1.0,0.5098225491956119,0.33860254876582296,17.98213775442828
3.9997169723448804,4.43761839143063,3.518599208640076,3,1.6293902301967012,22.40078783210746,4,1.0,0.33929063684658806,0.24137600556040392,22.303037955462774
9.214172132092845,13.212928255093395,3.8319923848116177,4,1.9936793587021313,39.93859464439758,2,2.0,0.4674111587397609,0.6530052848465987,85.74043177138343
24.129899115517684,35.950563327667595,18.961997999314505,3,1.672473958907292,48.23268109707336,2,1.2,0.7228675827173888,0.6166669186443088,92.45334497265821
29.558693012448,34.116165059181874,14.790977960499472,3,2.282580308369188,38.871054332546315,3,1.0,0.8613386070933243,2.138132206266125,134.67712359081077
39.934726700021514,47.625759129842166,1.0766533830652083,6,1.2911929283178905,62.01125364982739,3,2.0,0.4209179493545854,0.8804778352293154,132.39027427432205
37.35797658807053,54.07058331266439,14.94112777109476,0,0.9466235912167404,69.57614899175486,2,1.0,0.3093620014084373,2.2703980752466486,47.99847875373635
25.881325381640064,38.06070232348969,7.4140253482503855,6,2.3921615398186105,63.88070571111629,1,1.0,0.6638438186516843,2.071739929323063,88.51270356144865
17.139298105115845,21.730075438425626,8.849403731300303,1,1.4429337941979723,79.35999720969652,3,1.0,0.929093590095657,1.2952287780851706,28.366399703074222
25.62900590597519,28.710867952876377,18.473554039125126,4,1.779889437471177,36.352858873581745,2,1.0,0.26496402720347945,2.6892489649850457,92.91472881860268
31.533238914169164,35.183423646827244,19.462444624142655,3,2.146405314421333,72.4993697014653,4,1.0,0.8227174440694299,0.32657696936129327,72.03205867428295
5.174279541473799,6.879618315554183,9.608559044155935,6,1.3513332285884871,65.99735991046917,3,1.0,0.5289464633387357,0.264766597853473,9.236072122397806
16.691243143003387,20.983530574196863,22.731670464152515,6,2.0174797149019392,41.730725453488766,2,1.0,0.8195612535658825,2.083348175544977,66.80266025649055
33.67219028260688,37.42532530824893,9.755105230849733,4,1.0302120446903076,64.04747261941813,5,1.0,0.5549870347959618,0.42115316100581723,43.46830146661593
15.661401601355239,20.881361741874024,18.524064845522638,4,1.295199370249359,26.24455738509482,3,1.0,0.43959499687199743,0.004197443099281286,65.7364645506024
23.088954713473868,25.502235687001782,11.613054349542217,3,1.0460080814320838,67.36000894043315,5,1.0,0.7270669001886857,3.644948906805322,33.451632628295734
23.71688975405683,33.55818430020737,21.540775836530017,5,2.1790919492823084,51.93983615522616,3,2.0,0.9105645651354076,1.4630147259751038,184.55508309078837
7.786811998778755,9.519947110915133,21.786269847604288,2,1.1785036998855352,37.53741036255519,3,1.0,0.388226557333163,0.8830123735415545,21.211804134429574
14.808299945265391,16.527590973295172,2.0980033889060126,1,2.0195860441888573,59.34663810705081,5,1.0,0.5146733214949347,1.9404989885595447,46.243881490931955
13.71319590530632,18.311791202902576,22.475839951445415,1,2.4036072753176096,58.49719992286454,1,1.0,0.3064605640268703,0.6081940616759609,46.553104795458246
1.5347699870165594,1.9323886271486586,19.812836196489975,5,1.697212755417091,32.569173363175985,2,1.2,0.2650685172556157,4.607820717588137,11.179486121225953
1.4555746737085322,2.168107828651212,18.991457143504004,0,1.718049626843169,21.823844888691568,1,1.0,0.8001011281529576,0.10663234792735361,9.670449322643915
33.352033225193054,43.947289296884,4.8218721524525385,5,1.5837570657662805,46.017355214100434,1,1.0,0.2805977050195982,1.5364328778039567,92.84312500317635
11.28629699392609,13.657499149938165,19.322861010111957,0,1.3540132437691927,54.170712160665275,2,1.0,0.813986354201005,2.252823720366984,23.727283924314712
20.96411126643321,29.00962451104401,20.403185632440884,0,1.608613552572359,72.5963167022359,4,1.0,0.4862953466562381,0.949845600800055,46.437769191117056
12.299660156756536,14.865329919053243,6.939608026899623,5,1.824772804853491,75.69300773885567,1,1.0,0.9955438510669442,2.1095518706736893,25.786676473323446
37.65683018205595,55.04288762738075,22.85424188069577,1,2.476185672690121,51.72831308940599,1,1.0,0.2776072763721603,3.924103746276942,163.98679609526567
10.742221975198063,13.426582807187414,1.196643513579942,2,2.394199750840981,65.2282090261127,1,1.5,0.18368019326154342,2.0438310139722775,44.664123150389344
17.471444103187935,23.06138765696463,3.597822077931352,1,2.2656600290983073,46.358196339679814,4,1.0,0.16788976264314603,0.5552197773797067,78.34754190809201
34.97284489414177,39.17760350989999,12.901947313236343,6,2.311521910698259,64.76492939437358,3,1.5,0.8518762042517806,1.237778531176939,140.40728712745437
33.756375888276445,42.88573695002137,13.819019306935433,1,1.5953436115964732,32.28809149635001,5,1.5,0.493998679952509,3.638884657383737,234.76302345342776
7.851006004927954,11.250063064685373,15.483601999221682,1,1.9176553562016903,42.26388408821188,5,1.5,0.10281191468263447,0.8942967686725749,56.56202660071135
32.20441073693056,45.80302982567901,0.407259103571195,5,2.321613428991564,58.05367992881689,4,2.0,0.8872942262530024,1.7171343242950146,253.46619246641106
18.59838202614676,22.127005130006463,23.048802590931125,5,1.4680163004853002,21.08947793642473,1,1.2,0.8892289062192741,0.9396766473734324,112.4893388333716
19.577270447371532,23.305401938374406,1.0701142256194558,6,2.434996213187297,63.34767862033724,5,1.0,0.8257750066169118,0.19404298548168958,67.42252028258525
5.772458910429779,8.236849334283514,3.4334868653616573,6,1.506836305517611,70.13213007609001,4,1.0,0.3234866347223583,0.09057695809983152,11.923200458591207
3.683759793406424,5.423081489574514,0.3363484206253675,5,1.8218405311684667,43.94849966563709,2,1.0,0.43547744806045574,4.563417165470682,17.67433878886109
29.253602625463724,33.29482308677753,13.604602399058273,1,2.0066680125630323,46.876545030629856,5,1.5,0.7704336026759353,1.4222208575652753,155.3024964141358
20.11021551803434,25.741547563683653,22.374405214103334,2,2.416006422229095,71.07693273299185,2,1.0,0.5404178128668268,0.16441247574614543,54.312592509075955
17.75560275329959,21.927844678505547,15.982731985931142,0,1.2158476658888522,66.539278119562,1,1.0,0.23844391905119725,2.921973305350802,28.20322058414683
29.315575031769672,42.45702563304992,19.743779243530255,4,2.068422663005692,37.2889693420025,5,1.0,0.31851843807490515,1.1093935128770531,169.7108613947701
30.737759510148834,34.83848295737977,0.31874888300592197,0,1.6853864964449397,39.43856639369234,4,1.2,0.9753305830764016,2.2171679115203,127.42896654974484
6.776872622939465,8.026869333278954,13.008367163513427,6,1.25654713905509,60.7326939434358,3,1.2,0.2359118056843956,0.2033107353374008,14.099324817715742
24.60389340436683,34.4697430520592,11.029511460132525,6,2.120231627653864,53.791885546889674,5,1.0,0.7534726810103697,3.561289726056271,102.428909252797
5.846486249968578,6.5510903880760925,11.975230661299033,0,1.738777876295539,29.733774265789815,5,1.0,0.530216475993585,1.3393573848362896,29.956278403474002
30.179315898147305,39.14299982619835,1.7331164480445107,4,1.9236554951044489,38.59579455374998,5,1.0,0.7737414935969438,2.01060935282696,143.75528657630213
26.449728672552013,33.77214598440927,16.42644866566338,1,1.3489318165824318,73.99899661271925,5,1.0,0.6950019170299537,0.04782386816615569,43.90943583996501
38.28627753279659,47.236095824499294,12.077289956607228,2,1.6181657181069284,61.290466203335804,4,1.0,0.49525047149889334,0.5681724743853623,85.15152518109478
3.2238416460786365,4.055041275692428,18.363572396670335,2,1.849502226679714,79.15845906113117,4,1.0,0.4185197422147604,0.4668261319059815,6.289940410313919
2.7536614854745456,3.6127384275498233,11.646975217481168,0,1.4883483842587348,66.02075179884616,3,2.0,0.778923328920513,4.4814972134863265,16.621674443649095
11.646389450381406,13.5627672355677,3.58515926943437,4,1.1372333177410923,76.51846592861541,4,1.0,0.39082708563384383,0.30747401098790306,11.56626604310601
